<?xml version="1.0" encoding="UTF-8"?>
<kml xmlns="http://www.opengis.net/kml/2.2">
  <Document>
    <description>A Route recorded by NYS Parks Empire State Trail on Aug 28, 24 -- View in full at http://ridewithgps.com/routes/48205973</description>
    <name>Erie Canal EST Buffalo-Albany</name>
    <Style id="default_style">
      <LineStyle>
        <color>ff0000ff</color>
        <width>2</width>
      </LineStyle>
    </Style>
    <Placemark>
      <description>&lt;html xmlns:fo="http://www.w3.org/1999/XSL/Format" xmlns:msxsl="urn:schemas-microsoft-com:xslt"&gt;

&lt;head&gt;

&lt;META http-equiv="Content-Type" content="text/html"&gt;

&lt;meta http-equiv="content-type" content="text/html; charset=UTF-8"&gt;

&lt;/head&gt;

&lt;body style="margin:0px 0px 0px 0px;overflow:auto;background:#FFFFFF;"&gt;

&lt;table style="font-family:Arial,Verdana,Times;font-size:12px;text-align:left;width:100%;border-collapse:collapse;padding:3px 3px 3px 3px"&gt;

&lt;tr style="text-align:center;font-weight:bold;background:#9CBCE2"&gt;

&lt;td&gt;Erie Canal (West)&lt;/td&gt;

&lt;/tr&gt;

&lt;tr&gt;

&lt;td&gt;

&lt;table style="font-family:Arial,Verdana,Times;font-size:12px;text-align:left;width:100%;border-spacing:0px; padding:3px 3px 3px 3px"&gt;

&lt;tr&gt;

&lt;td&gt;SHAPE&lt;/td&gt;

&lt;td&gt;PolyLine&lt;/td&gt;

&lt;/tr&gt;

&lt;tr bgcolor="#D4E4F3"&gt;

&lt;td&gt;Section&lt;/td&gt;

&lt;td&gt;Erie Canal (West)&lt;/td&gt;

&lt;/tr&gt;

&lt;tr&gt;

&lt;td&gt;GlobalID&lt;/td&gt;

&lt;td&gt;{3924F094-E993-4297-978B-3EBFA717DEC0}&lt;/td&gt;

&lt;/tr&gt;

&lt;tr bgcolor="#D4E4F3"&gt;

&lt;td&gt;SHAPE_Length&lt;/td&gt;

&lt;td&gt;3.2298&lt;/td&gt;

&lt;/tr&gt;

&lt;/table&gt;

&lt;/td&gt;

&lt;/tr&gt;

&lt;/table&gt;

&lt;/body&gt;&lt;script type="text/javascript"&gt;

				function changeImage(attElement, nameElement) {

				document.getElementById('imageAttachment').src = attElement;

				document.getElementById('imageName').innerHTML = nameElement;}

			&lt;/script&gt;&lt;/html&gt;

 -- View in full at http://ridewithgps.com/routes/48205973</description>
      <name>Erie Canal EST Buffalo-Albany</name>
      <visibility>1</visibility>
      <flyToView>1</flyToView>
      <styleUrl>#default_style</styleUrl>
      <LineString>
        <extrude>1</extrude>
        <tessellate>1</tessellate>
        <altitudeMode>clampedToGround</altitudeMode>
        <coordinates>
-78.86092,42.845314,177.1
-78.860978,42.84543,177.1
-78.861063,42.845603,177.1
-78.861145,42.84576,177.0
-78.861164,42.845833,177.1
-78.861162,42.845919,177.3
-78.861159,42.845974,177.4
-78.861194,42.846024,177.3
-78.861259,42.846067,177.1
-78.861379,42.84615,176.7
-78.861435,42.846195,176.5
-78.861461,42.846238,176.5
-78.861451,42.846309,176.8
-78.861429,42.846388,177.1
-78.86141,42.846464,177.4
-78.861414,42.846516,177.5
-78.86145,42.846623,177.6
-78.861564,42.846833,177.6
-78.861672,42.847025,177.9
-78.861592,42.84723,179.6
-78.861579,42.847338,180.5
-78.861664,42.847526,180.7
-78.861765,42.847733,180.8
-78.862007,42.848223,180.8
-78.862553,42.849298,180.4
-78.862771,42.849702,180.3
-78.862912,42.849957,180.2
-78.863238,42.850649,180.5
-78.863509,42.851182,181.3
-78.863565,42.851282,181.4
-78.863647,42.851415,181.5
-78.863718,42.851539,181.6
-78.86379,42.851639,181.5
-78.863868,42.851739,181.5
-78.86393,42.851838,181.5
-78.864093,42.852086,181.5
-78.864155,42.852183,181.5
-78.864204,42.852243,181.4
-78.864269,42.852304,181.2
-78.8645,42.852506,180.2
-78.864656,42.852639,179.9
-78.86476,42.852751,179.8
-78.864819,42.852899,180.1
-78.864531,42.85304,182.3
-78.864414,42.853014,182.4
-78.864282,42.853012,182.3
-78.864136,42.853088,182.1
-78.86404,42.853155,181.8
-78.863949,42.853237,181.3
-78.863901,42.853327,181.0
-78.863886,42.853437,180.8
-78.864056,42.85382,179.7
-78.864219,42.854162,179.6
-78.864373,42.854491,179.7
-78.864735,42.855212,180.5
-78.864843,42.855395,180.5
-78.864947,42.855587,180.3
-78.86513,42.855858,179.7
-78.865312,42.856103,179.8
-78.865475,42.85631,179.9
-78.865684,42.856557,179.8
-78.866093,42.857009,178.4
-78.866295,42.857175,178.0
-78.866725,42.857681,177.5
-78.866959,42.858002,177.5
-78.867148,42.858261,177.5
-78.867292,42.858506,177.5
-78.867461,42.858806,177.5
-78.867801,42.859453,177.4
-78.867837,42.859556,177.5
-78.867864,42.859694,177.5
-78.867867,42.859815,177.4
-78.867846,42.85997,177.3
-78.86782,42.86007,177.3
-78.867677,42.860604,177.8
-78.867562,42.861043,177.6
-78.867479,42.861262,176.6
-78.86747,42.8614,173.9
-78.867515,42.862793,174.9
-78.867514,42.863167,175.4
-78.867532,42.86352,175.5
-78.867558,42.863694,175.5
-78.867575,42.863829,175.4
-78.867613,42.864277,175.3
-78.867679,42.865365,174.9
-78.867722,42.86613,174.5
-78.867745,42.866227,174.5
-78.867768,42.866284,174.5
-78.867876,42.866544,175.8
-78.868029,42.866834,176.7
-78.868817,42.86848,176.9
-78.869089,42.869051,176.9
-78.869161,42.869194,177.0
-78.869236,42.869313,176.9
-78.8695,42.869693,176.5
-78.869744,42.870043,176.0
-78.869787,42.870102,176.0
-78.8702,42.87067,176.3
-78.870631,42.87127,176.8
-78.870728,42.871405,176.8
-78.87079,42.871467,176.9
-78.870875,42.871526,176.8
-78.871108,42.871631,176.7
-78.871527,42.871808,176.1
-78.871682,42.871892,176.6
-78.871939,42.872004,178.3
-78.871982,42.872161,178.1
-78.872164,42.872268,178.8
-78.872281,42.872361,179.3
-78.872342,42.872382,179.5
-78.872793,42.872455,179.8
-78.873006,42.872254,178.2
-78.873433,42.872301,177.9
-78.873693,42.872427,179.0
-78.873826,42.872483,179.4
-78.874407,42.872713,179.0
-78.87488,42.872921,178.2
-78.875266,42.873042,178.3
-78.875594,42.873144,178.5
-78.876016,42.873331,179.0
-78.876298,42.873461,178.5
-78.876626,42.873615,178.5
-78.876993,42.873776,178.5
-78.877226,42.873885,178.4
-78.877399,42.87402,177.9
-78.877727,42.874274,176.5
-78.87799,42.874507,175.3
-78.878068,42.87457,174.7
-78.878041,42.874655,175.9
-78.877987,42.874725,177.6
-78.877992,42.874942,177.7
-78.877925,42.875185,178.0
-78.877872,42.875353,178.3
-78.87768,42.8759,178.0
-78.877705,42.876054,177.8
-78.877643,42.876225,177.8
-78.877303,42.877241,178.5
-78.877468,42.877294,178.4
-78.877653,42.877351,178.3
-78.878802,42.877748,177.8
-78.879055,42.877863,177.7
-78.878963,42.877919,177.9
-78.878842,42.878041,178.2
-78.878489,42.878385,179.2
-78.878378,42.878646,179.4
-78.878452,42.878721,179.4
-78.878735,42.879056,179.4
-78.879282,42.879694,178.9
-78.879878,42.880378,178.1
-78.880337,42.880945,176.7
-78.880895,42.880736,176.9
-78.880994,42.880828,176.7
-78.881181,42.881069,176.7
-78.88128,42.881284,176.6
-78.881332,42.881371,176.6
-78.881394,42.881449,176.6
-78.881439,42.881494,176.6
-78.881504,42.881535,176.6
-78.881599,42.881592,176.6
-78.881728,42.881641,176.6
-78.881832,42.881682,176.6
-78.881933,42.881746,176.6
-78.882001,42.881814,176.6
-78.882086,42.881913,176.6
-78.882145,42.881986,176.6
-78.882184,42.882031,176.6
-78.882244,42.882083,176.6
-78.882372,42.882167,176.6
-78.882482,42.882235,176.6
-78.882586,42.882368,176.6
-78.882668,42.882461,176.6
-78.882787,42.882575,176.6
-78.882878,42.882674,176.6
-78.882994,42.882805,176.6
-78.883111,42.882886,176.6
-78.883248,42.883012,176.6
-78.883306,42.883107,176.6
-78.883401,42.883197,176.6
-78.883609,42.883392,176.6
-78.883765,42.883513,176.6
-78.883863,42.88362,176.7
-78.883925,42.883696,176.7
-78.883999,42.883784,176.8
-78.884107,42.883867,176.9
-78.884159,42.88395,176.8
-78.884234,42.884026,176.8
-78.884325,42.884109,176.7
-78.884487,42.884249,176.7
-78.884626,42.88439,176.7
-78.884954,42.884667,176.7
-78.88503,42.884729,176.7
-78.885175,42.884772,176.7
-78.885377,42.88483,176.7
-78.885588,42.884897,176.6
-78.885678,42.884931,176.6
-78.885718,42.884962,176.6
-78.885682,42.885063,176.6
-78.885582,42.885255,176.6
-78.885574,42.885305,176.6
-78.885607,42.885369,176.6
-78.885679,42.885435,176.6
-78.885779,42.885523,176.6
-78.885872,42.885594,176.6
-78.885923,42.885666,176.6
-78.88599,42.885779,176.6
-78.886049,42.885852,176.6
-78.886119,42.885893,176.6
-78.886227,42.88593,176.6
-78.886349,42.885985,176.6
-78.88643,42.886052,176.6
-78.886498,42.886124,176.6
-78.886567,42.88626,176.6
-78.886624,42.886366,176.6
-78.886684,42.886482,176.6
-78.886731,42.886573,176.6
-78.88682,42.886656,176.6
-78.886926,42.886736,176.6
-78.887083,42.886808,176.8
-78.887289,42.886904,176.9
-78.887357,42.886998,176.9
-78.887416,42.887064,176.9
-78.887458,42.887114,177.0
-78.887508,42.887171,177.0
-78.887534,42.887196,177.0
-78.887617,42.88724,177.0
-78.887668,42.887242,177.0
-78.887745,42.887246,177.0
-78.887803,42.887246,177.0
-78.887869,42.887222,177.0
-78.887922,42.887194,177.0
-78.887972,42.887147,176.9
-78.888079,42.887023,176.8
-78.888169,42.886976,176.7
-78.888638,42.887429,176.7
-78.888746,42.887497,176.7
-78.888807,42.887518,176.7
-78.888867,42.887523,176.6
-78.888926,42.887524,176.6
-78.888981,42.887521,176.5
-78.889042,42.887519,176.4
-78.889101,42.887524,176.4
-78.88917,42.887532,176.3
-78.889225,42.887548,176.2
-78.889268,42.887563,176.3
-78.889318,42.887586,176.4
-78.889399,42.887635,176.5
-78.889469,42.887672,176.6
-78.889525,42.887696,176.6
-78.889575,42.887711,176.6
-78.88963,42.887718,176.6
-78.889689,42.887716,176.7
-78.889734,42.887711,176.7
-78.889784,42.8877,176.7
-78.889843,42.887681,176.7
-78.889928,42.887639,176.8
-78.890032,42.887584,176.9
-78.890118,42.887542,176.9
-78.890152,42.887528,176.9
-78.89018,42.887519,176.8
-78.890214,42.887515,176.8
-78.890256,42.88752,176.8
-78.890291,42.887536,176.8
-78.890336,42.887567,176.8
-78.890497,42.88772,176.8
-78.890568,42.887799,176.8
-78.890631,42.887859,176.8
-78.890746,42.88789,176.7
-78.890912,42.887915,176.8
-78.891336,42.887935,176.8
-78.891787,42.887978,176.9
-78.89199,42.888012,176.7
-78.892216,42.888057,176.9
-78.892352,42.888118,176.6
-78.892492,42.888188,176.6
-78.892879,42.888544,176.7
-78.893243,42.888901,176.8
-78.893409,42.889058,176.8
-78.893533,42.889165,176.7
-78.893705,42.889287,176.7
-78.893861,42.889409,176.5
-78.894148,42.889716,176.8
-78.894403,42.889956,177.0
-78.894676,42.890207,177.1
-78.894918,42.890386,177.0
-78.895109,42.890519,176.5
-78.895313,42.890669,175.4
-78.895786,42.891019,175.4
-78.896008,42.891183,175.5
-78.89632,42.891406,175.6
-78.896632,42.891591,175.3
-78.896852,42.891742,175.3
-78.897098,42.891908,175.3
-78.897351,42.892094,175.4
-78.897702,42.89238,175.7
-78.898404,42.892851,176.8
-78.899093,42.89336,176.8
-78.899435,42.893571,176.8
-78.899715,42.89381,176.8
-78.89979,42.893898,176.8
-78.899837,42.893979,176.8
-78.89987,42.894041,176.8
-78.899924,42.894101,176.8
-78.900018,42.894193,176.8
-78.900215,42.894372,176.8
-78.900421,42.894568,176.8
-78.900641,42.894787,176.8
-78.900731,42.89488,176.8
-78.900778,42.894928,176.8
-78.900956,42.895204,176.8
-78.901371,42.895847,177.0
-78.901623,42.896251,176.7
-78.901638,42.896413,176.8
-78.901676,42.896523,176.9
-78.901671,42.89657,177.0
-78.901647,42.896607,176.9
-78.901541,42.896672,176.9
-78.901081,42.89691,176.7
-78.89962,42.897663,179.1
-78.899321,42.897823,179.6
-78.89925,42.897866,179.9
-78.899192,42.897914,180.8
-78.899186,42.897964,181.2
-78.89928,42.898078,180.9
-78.89937,42.898193,180.1
-78.899535,42.898408,179.8
-78.899714,42.898674,179.7
-78.89993,42.899071,178.9
-78.900251,42.899686,177.2
-78.900489,42.900183,177.2
-78.901253,42.902063,184.9
-78.901471,42.902573,184.4
-78.901533,42.902771,184.2
-78.901603,42.903025,181.5
-78.901633,42.903216,181.2
-78.90166,42.903454,181.0
-78.901661,42.903595,181.0
-78.901661,42.903721,180.7
-78.901672,42.903845,180.1
-78.901679,42.903937,179.8
-78.901679,42.904014,179.8
-78.901663,42.904114,180.3
-78.901615,42.904231,181.5
-78.901598,42.904313,181.7
-78.901598,42.904366,181.7
-78.901601,42.904489,181.5
-78.901591,42.90535,179.9
-78.901581,42.90545,180.0
-78.901572,42.905515,180.1
-78.901451,42.90554,180.4
-78.90078,42.905535,188.2
-78.900702,42.905538,191.1
-78.900688,42.905648,191.5
-78.900517,42.907158,192.2
-78.900495,42.907409,192.2
-78.900505,42.907648,192.1
-78.900466,42.907891,192.1
-78.900454,42.908031,192.1
-78.900449,42.908158,192.1
-78.900421,42.908223,192.1
-78.900403,42.908386,192.1
-78.900371,42.9086,192.1
-78.900321,42.908915,191.9
-78.900173,42.909662,190.0
-78.900099,42.910034,189.7
-78.899963,42.911221,189.2
-78.899851,42.912337,187.8
-78.899788,42.912884,186.5
-78.899622,42.914242,186.8
-78.899484,42.915187,186.3
-78.899316,42.916654,185.6
-78.898522,42.921361,181.6
-78.898028,42.925281,180.3
-78.897599,42.928282,179.3
-78.897513,42.929154,177.0
-78.897524,42.929358,176.7
-78.897631,42.929492,176.6
-78.898104,42.929892,175.9
-78.900517,42.931762,179.6
-78.901054,42.932265,179.6
-78.901322,42.93261,179.4
-78.902062,42.934064,179.1
-78.902749,42.935352,179.4
-78.904105,42.938129,178.9
-78.905545,42.940861,178.0
-78.906744,42.940452,178.8
-78.907088,42.941131,179.2
-78.907237,42.941404,178.4
-78.90749,42.941794,176.9
-78.907562,42.941927,177.0
-78.907605,42.942022,176.7
-78.907641,42.942118,177.0
-78.9076,42.942196,178.7
-78.907564,42.94225,180.6
-78.907548,42.942277,181.5
-78.907536,42.942311,182.3
-78.908178,42.943671,176.4
-78.908247,42.943745,178.0
-78.908335,42.943787,177.6
-78.908625,42.943859,174.5
-78.908847,42.943925,174.5
-78.908982,42.943959,174.4
-78.909121,42.944015,174.7
-78.909174,42.944051,174.9
-78.909216,42.944102,175.2
-78.909271,42.944197,175.2
-78.909305,42.944322,175.1
-78.909326,42.944464,174.9
-78.909333,42.944552,174.4
-78.909336,42.944663,173.9
-78.909287,42.944728,173.5
-78.90925,42.944774,173.4
-78.909189,42.944802,173.3
-78.909137,42.944824,173.2
-78.909103,42.944837,173.2
-78.909036,42.944844,173.2
-78.908873,42.944862,173.3
-78.90882,42.944872,173.6
-78.908782,42.944891,173.7
-78.908749,42.944923,173.9
-78.908725,42.944953,174.3
-78.908712,42.945009,174.8
-78.908727,42.945045,175.7
-78.908745,42.945072,176.3
-78.908773,42.945092,176.6
-78.908814,42.945117,176.7
-78.908885,42.945142,175.9
-78.908919,42.945156,175.7
-78.908951,42.945171,175.7
-78.908986,42.945192,175.7
-78.909023,42.945224,175.5
-78.909074,42.945267,175.4
-78.909101,42.945296,175.4
-78.909138,42.945428,175.2
-78.90924,42.946622,173.2
-78.909276,42.94753,173.3
-78.909267,42.947914,173.4
-78.909282,42.948363,173.5
-78.909317,42.948594,173.4
-78.909325,42.948819,173.5
-78.909325,42.949101,173.5
-78.909373,42.949424,173.4
-78.909385,42.949567,173.4
-78.909398,42.949832,173.4
-78.909393,42.949927,173.5
-78.909412,42.950052,173.5
-78.909438,42.950169,173.4
-78.909434,42.950285,173.4
-78.909414,42.950527,173.5
-78.909433,42.950707,173.5
-78.90946,42.950853,173.5
-78.909511,42.951076,173.4
-78.909544,42.951258,173.3
-78.909735,42.952171,173.5
-78.909759,42.952267,173.5
-78.909831,42.952466,173.5
-78.909942,42.952742,173.5
-78.910048,42.952991,173.5
-78.910331,42.953682,173.7
-78.910406,42.953844,173.7
-78.910511,42.954048,173.8
-78.910541,42.954128,173.8
-78.910558,42.954143,173.8
-78.910648,42.954315,173.8
-78.910812,42.954567,173.7
-78.910957,42.954777,173.7
-78.911129,42.955,173.7
-78.911246,42.955156,173.7
-78.911505,42.955421,173.6
-78.911678,42.955611,173.6
-78.911904,42.955822,173.6
-78.912225,42.956089,173.6
-78.912479,42.956285,173.6
-78.912506,42.956307,173.6
-78.912989,42.956626,173.7
-78.91368,42.957069,173.8
-78.914217,42.957421,173.9
-78.914491,42.957591,173.9
-78.915126,42.958003,173.9
-78.916172,42.958714,174.1
-78.916615,42.95903,174.2
-78.917308,42.959481,174.0
-78.917679,42.959701,173.8
-78.917956,42.959849,173.7
-78.918003,42.95989,173.8
-78.918059,42.959963,174.0
-78.918158,42.960071,174.2
-78.918184,42.960099,174.2
-78.918528,42.96033,174.2
-78.91859,42.960356,174.1
-78.918634,42.960379,174.1
-78.918698,42.960412,174.0
-78.918839,42.960516,174.0
-78.919027,42.960683,173.9
-78.919198,42.960818,173.9
-78.919405,42.960993,173.9
-78.919618,42.961187,173.9
-78.91977,42.961317,174.0
-78.919894,42.961465,174.1
-78.919999,42.961581,174.1
-78.920064,42.961649,174.2
-78.920302,42.961868,174.2
-78.920749,42.962361,174.5
-78.921025,42.962646,174.5
-78.921176,42.962827,174.6
-78.921346,42.963113,174.7
-78.921656,42.963719,175.8
-78.921827,42.964078,176.6
-78.922133,42.964631,176.6
-78.922251,42.964866,176.6
-78.922466,42.96527,176.8
-78.922497,42.965357,176.9
-78.922522,42.965435,177.0
-78.922556,42.965549,177.1
-78.92264,42.965669,177.2
-78.922793,42.965882,177.1
-78.92301,42.966133,176.9
-78.923108,42.966258,176.8
-78.923207,42.966333,176.7
-78.923445,42.96653,176.8
-78.923572,42.966651,176.8
-78.923966,42.96698,176.8
-78.924324,42.967301,176.2
-78.924493,42.967442,175.6
-78.924574,42.967526,175.4
-78.924693,42.967666,175.7
-78.924831,42.967784,176.3
-78.925101,42.968005,175.8
-78.925433,42.968357,175.7
-78.925706,42.968652,175.9
-78.925901,42.968858,176.2
-78.926316,42.969298,176.2
-78.927229,42.970285,176.4
-78.928166,42.971302,176.3
-78.92859,42.971767,179.0
-78.92892,42.972135,176.4
-78.929188,42.972425,176.2
-78.92972,42.972978,176.2
-78.930347,42.973631,177.0
-78.931132,42.974437,177.0
-78.931556,42.974871,177.2
-78.931813,42.975158,177.7
-78.931922,42.975251,177.3
-78.932009,42.975327,176.9
-78.932112,42.975478,177.0
-78.932326,42.975756,177.0
-78.932498,42.975985,176.8
-78.932571,42.976074,176.7
-78.932639,42.976204,176.7
-78.932703,42.976323,176.6
-78.932769,42.976396,176.6
-78.932866,42.97651,176.5
-78.932903,42.976549,176.5
-78.933024,42.976649,176.5
-78.933103,42.976757,176.5
-78.933171,42.976872,176.5
-78.933216,42.976992,176.5
-78.933249,42.977091,176.5
-78.933379,42.977633,176.6
-78.93348,42.978152,177.0
-78.933511,42.978303,177.1
-78.933638,42.978593,177.0
-78.933777,42.97886,176.9
-78.933952,42.979203,175.8
-78.934144,42.979524,175.4
-78.934174,42.97958,175.4
-78.93431,42.979782,175.2
-78.934462,42.979989,175.1
-78.934657,42.980299,175.0
-78.934733,42.980418,175.3
-78.934788,42.980511,175.6
-78.934843,42.980583,175.6
-78.934989,42.980751,175.6
-78.935065,42.980847,175.6
-78.93511,42.980936,175.6
-78.935122,42.981074,175.7
-78.935123,42.981184,175.8
-78.935139,42.981233,175.9
-78.935175,42.981294,175.9
-78.935251,42.981415,176.1
-78.935352,42.981589,176.2
-78.93548,42.982008,176.3
-78.935498,42.982066,176.4
-78.935546,42.982221,176.3
-78.935636,42.982398,176.3
-78.935693,42.98254,176.2
-78.935691,42.982639,176.2
-78.935688,42.982719,176.2
-78.935658,42.98285,176.1
-78.93567,42.982993,176.1
-78.935708,42.983136,176.0
-78.935727,42.983208,176.0
-78.935767,42.983315,175.9
-78.93582,42.983424,175.9
-78.935849,42.983499,175.9
-78.935874,42.983618,175.9
-78.93586,42.983699,176.0
-78.935812,42.98394,176.0
-78.9358,42.984085,176.1
-78.935795,42.984169,176.1
-78.935812,42.984232,176.1
-78.935834,42.9843,176.1
-78.935932,42.984547,176.2
-78.935964,42.984627,176.3
-78.935987,42.984708,176.3
-78.935985,42.984752,176.4
-78.935991,42.984855,176.4
-78.936108,42.985147,176.6
-78.936118,42.985225,176.6
-78.936153,42.985394,176.4
-78.936149,42.985506,176.2
-78.936137,42.985647,175.9
-78.936133,42.985746,175.7
-78.936173,42.985834,175.5
-78.936199,42.985896,175.3
-78.936222,42.985956,175.2
-78.936235,42.986025,175.2
-78.936242,42.986061,175.1
-78.936231,42.986133,175.0
-78.936218,42.986217,174.8
-78.936187,42.986294,174.7
-78.936158,42.986351,174.6
-78.936083,42.986455,174.5
-78.935971,42.9866,174.2
-78.935945,42.986712,174.1
-78.935944,42.987252,173.5
-78.935952,42.987933,174.0
-78.935914,42.988298,174.2
-78.935884,42.988453,174.3
-78.935849,42.988641,174.3
-78.935794,42.988888,174.3
-78.935719,42.989127,174.4
-78.935632,42.989335,174.4
-78.935537,42.989591,174.4
-78.935243,42.990353,174.1
-78.935077,42.990825,174.3
-78.934842,42.991388,174.5
-78.934745,42.991697,174.5
-78.934706,42.991809,174.4
-78.934667,42.991998,174.3
-78.934599,42.992336,173.9
-78.934512,42.992714,173.9
-78.934453,42.993017,175.2
-78.93438,42.993356,176.1
-78.934322,42.99351,175.0
-78.934218,42.993671,174.8
-78.934148,42.993789,174.7
-78.934022,42.993935,175.2
-78.933874,42.994071,175.0
-78.933798,42.994159,175.0
-78.933718,42.994268,175.0
-78.933632,42.994438,174.7
-78.933564,42.994553,174.6
-78.933428,42.994787,174.1
-78.933262,42.995017,174.2
-78.932957,42.995434,174.0
-78.932844,42.995556,174.0
-78.932806,42.995636,173.9
-78.932788,42.995699,173.9
-78.932778,42.995838,173.6
-78.932752,42.99595,173.6
-78.932736,42.995989,173.6
-78.932712,42.996044,173.6
-78.932687,42.996078,173.6
-78.93263,42.996147,173.6
-78.932602,42.996181,173.6
-78.932526,42.996271,173.7
-78.93214,42.996678,173.6
-78.932025,42.996811,173.6
-78.931954,42.996866,173.6
-78.931865,42.996922,173.6
-78.931772,42.996973,173.7
-78.931618,42.997111,173.7
-78.931146,42.997613,173.6
-78.931019,42.997711,173.5
-78.930887,42.997815,173.6
-78.930775,42.997918,173.6
-78.930647,42.998043,173.6
-78.930577,42.998128,173.5
-78.93049,42.998228,173.6
-78.930377,42.998306,173.5
-78.930305,42.998358,173.5
-78.930145,42.99846,173.5
-78.929834,42.998623,173.5
-78.929703,42.9987,173.6
-78.929577,42.998789,173.6
-78.929453,42.998901,173.6
-78.929204,42.999148,173.7
-78.92916,42.999198,173.8
-78.928844,42.999437,175.1
-78.928684,42.999529,175.5
-78.928068,42.999985,175.5
-78.927789,43.000191,175.0
-78.927687,43.000283,174.7
-78.927613,43.000361,174.4
-78.927549,43.000434,174.2
-78.927482,43.000516,173.9
-78.927357,43.000593,173.9
-78.92723,43.000668,173.8
-78.927151,43.000717,173.8
-78.927051,43.000774,173.8
-78.926967,43.000831,173.8
-78.926731,43.00104,173.8
-78.926607,43.00113,173.9
-78.926543,43.001182,173.9
-78.926485,43.001242,173.8
-78.926463,43.00129,173.7
-78.926439,43.001366,173.7
-78.926453,43.00142,173.6
-78.926476,43.001494,173.6
-78.926524,43.001584,173.5
-78.926607,43.001739,173.4
-78.926645,43.001834,173.3
-78.926635,43.001964,172.9
-78.926624,43.002069,172.7
-78.926569,43.002148,172.6
-78.926479,43.002246,172.5
-78.926264,43.002369,172.6
-78.925909,43.002551,172.6
-78.925852,43.002577,172.6
-78.925741,43.002647,172.6
-78.925673,43.002693,172.6
-78.925607,43.002751,172.6
-78.925476,43.002838,172.5
-78.925445,43.002851,172.5
-78.925358,43.002882,172.6
-78.925298,43.002902,172.6
-78.925214,43.002915,172.7
-78.925079,43.002931,172.8
-78.924827,43.002962,173.0
-78.924614,43.002985,173.2
-78.924219,43.003042,173.8
-78.924035,43.003071,174.4
-78.92396,43.003086,174.7
-78.923854,43.003131,174.8
-78.923786,43.003169,174.9
-78.923662,43.00325,174.9
-78.923562,43.003323,174.7
-78.923478,43.003392,174.7
-78.923233,43.003573,174.7
-78.923072,43.003707,174.3
-78.922918,43.003817,174.0
-78.922717,43.003959,173.9
-78.92254,43.004085,173.8
-78.922401,43.00421,173.7
-78.922323,43.004289,173.5
-78.922251,43.004372,173.4
-78.92209,43.004529,173.2
-78.922016,43.004602,173.1
-78.921935,43.004673,173.1
-78.921815,43.00473,173.1
-78.921688,43.004793,173.2
-78.92144,43.004936,173.2
-78.921254,43.005045,173.1
-78.921044,43.005161,173.1
-78.920673,43.005368,173.1
-78.920579,43.005401,173.2
-78.920538,43.005418,173.2
-78.920468,43.005438,173.2
-78.920398,43.005462,173.3
-78.920336,43.005489,173.3
-78.920267,43.005536,173.3
-78.920227,43.005574,173.2
-78.920189,43.005601,173.2
-78.920125,43.005659,173.1
-78.920075,43.005711,173.0
-78.919989,43.005762,173.0
-78.919695,43.005909,172.9
-78.919495,43.005976,173.0
-78.919352,43.006028,173.1
-78.919171,43.006114,173.0
-78.918946,43.006232,173.0
-78.918758,43.006326,173.0
-78.918522,43.006444,173.0
-78.918291,43.006551,173.0
-78.917585,43.006846,173.0
-78.917237,43.006989,173.1
-78.916525,43.007296,173.2
-78.915808,43.007599,173.0
-78.915675,43.00765,173.0
-78.91541,43.007743,173.2
-78.915267,43.007798,173.3
-78.915138,43.007855,173.3
-78.914992,43.007918,173.5
-78.914584,43.008076,173.8
-78.914379,43.008153,173.7
-78.914143,43.008245,173.6
-78.913778,43.008396,173.4
-78.913452,43.00853,173.1
-78.913118,43.008678,172.7
-78.912953,43.008744,173.1
-78.912611,43.008868,173.3
-78.912353,43.008954,173.4
-78.912049,43.009064,173.2
-78.91071,43.009538,173.2
-78.910653,43.009548,173.3
-78.910605,43.009549,173.4
-78.910544,43.009541,173.5
-78.910517,43.009543,173.6
-78.910457,43.009548,173.7
-78.910047,43.009677,173.8
-78.910004,43.009696,173.8
-78.909972,43.00971,173.8
-78.90995,43.009737,173.7
-78.909933,43.009775,173.5
-78.909918,43.009788,173.4
-78.909878,43.009824,173.3
-78.909455,43.009965,173.3
-78.908071,43.010382,173.5
-78.9075,43.010546,173.6
-78.90746,43.010556,173.6
-78.907408,43.01056,173.7
-78.907309,43.010566,173.9
-78.907164,43.01059,174.0
-78.906985,43.010634,173.4
-78.906917,43.010668,173.0
-78.906892,43.010698,172.9
-78.906864,43.010717,172.8
-78.906809,43.010766,172.5
-78.906721,43.010821,171.7
-78.906487,43.010905,171.6
-78.90627,43.01097,173.1
-78.906154,43.010991,173.7
-78.906037,43.01102,173.8
-78.905889,43.011063,173.8
-78.905545,43.011201,173.7
-78.904643,43.011554,173.9
-78.904263,43.011696,173.8
-78.903777,43.011904,173.8
-78.903601,43.011999,173.6
-78.903527,43.012033,173.8
-78.903362,43.01208,173.6
-78.903063,43.012177,173.7
-78.902773,43.012279,173.7
-78.90248,43.012382,173.8
-78.902345,43.01246,173.7
-78.902254,43.012511,173.7
-78.902121,43.01256,173.7
-78.901964,43.012611,173.8
-78.901804,43.012677,173.8
-78.90163,43.012739,173.7
-78.901459,43.0128,173.7
-78.901226,43.012869,173.9
-78.901072,43.012924,173.9
-78.900802,43.013019,174.0
-78.900685,43.013074,173.9
-78.900583,43.013136,173.9
-78.900481,43.013216,173.8
-78.900402,43.013269,173.5
-78.900371,43.013286,173.5
-78.900309,43.013323,173.6
-78.900127,43.013403,173.4
-78.899026,43.013835,173.2
-78.8989,43.013884,173.3
-78.89872,43.013939,173.2
-78.898459,43.014013,173.5
-78.898327,43.014059,173.6
-78.897614,43.014313,173.6
-78.897279,43.014435,173.8
-78.89705,43.014527,174.1
-78.896751,43.014658,174.1
-78.896548,43.014747,174.4
-78.896449,43.014785,174.2
-78.895521,43.015084,173.5
-78.89542,43.015126,173.4
-78.895309,43.015199,173.2
-78.895169,43.015269,173.0
-78.894704,43.015421,173.0
-78.89464,43.01544,173.1
-78.894495,43.015461,173.3
-78.89433,43.01549,173.5
-78.893548,43.015747,173.4
-78.89345,43.015779,173.4
-78.893348,43.015827,173.4
-78.893217,43.0159,173.3
-78.893157,43.015924,173.3
-78.892886,43.016005,173.3
-78.892727,43.016084,173.2
-78.89266,43.016116,173.2
-78.892544,43.01618,173.0
-78.89245,43.016225,172.9
-78.892317,43.016304,172.7
-78.892242,43.016335,172.2
-78.892182,43.016333,172.1
-78.892118,43.016329,172.2
-78.892063,43.01634,172.2
-78.891576,43.016538,173.4
-78.891383,43.016614,173.5
-78.891166,43.016772,173.4
-78.89101,43.016909,173.2
-78.890973,43.016945,173.1
-78.890894,43.017002,173.1
-78.89059,43.017205,173.0
-78.89047,43.017285,172.9
-78.890101,43.017526,172.8
-78.8899,43.017669,172.7
-78.889682,43.017839,172.7
-78.889272,43.018156,172.6
-78.889062,43.018323,172.5
-78.888856,43.018449,172.6
-78.888627,43.018611,172.6
-78.888195,43.018933,172.8
-78.888126,43.018978,173.1
-78.888046,43.019011,173.3
-78.887963,43.019037,173.6
-78.887885,43.019086,173.8
-78.887848,43.019146,173.8
-78.887822,43.019194,173.6
-78.88777,43.019268,173.4
-78.887726,43.019329,172.8
-78.887674,43.019384,172.5
-78.887585,43.019463,172.3
-78.887494,43.019529,172.4
-78.887323,43.01961,172.5
-78.887193,43.019682,172.7
-78.887091,43.019755,172.7
-78.886992,43.019845,172.8
-78.886903,43.019918,172.7
-78.886689,43.020171,171.8
-78.886375,43.020532,172.6
-78.885942,43.021037,173.0
-78.885896,43.021124,172.8
-78.885821,43.02124,172.5
-78.885493,43.02152,172.5
-78.885415,43.021588,172.4
-78.8853,43.021681,172.3
-78.884955,43.021914,172.3
-78.884399,43.022271,172.4
-78.88371,43.022716,172.2
-78.883384,43.022916,172.3
-78.883175,43.02304,172.4
-78.882994,43.023162,172.3
-78.882884,43.023238,172.4
-78.882812,43.023289,172.3
-78.88274,43.023338,172.4
-78.882668,43.023399,172.3
-78.882582,43.023487,172.2
-78.882461,43.023525,172.5
-78.882389,43.023511,172.7
-78.882314,43.023465,172.9
-78.882103,43.023061,172.6
-78.881992,43.022826,172.5
-78.881897,43.022629,172.8
-78.881797,43.022452,172.9
-78.881635,43.02231,172.9
-78.881413,43.02213,173.0
-78.881132,43.021923,172.9
-78.880988,43.021816,172.8
-78.88086,43.021731,172.7
-78.880776,43.02168,172.6
-78.880629,43.021569,172.6
-78.880388,43.02146,173.2
-78.880347,43.021448,173.4
-78.880033,43.021369,173.4
-78.879975,43.021353,173.1
-78.879939,43.021332,173.3
-78.879922,43.021289,173.8
-78.879929,43.021229,174.1
-78.879941,43.021172,174.3
-78.879947,43.021122,174.4
-78.879993,43.021067,174.7
-78.880022,43.021024,174.8
-78.88007,43.020967,175.1
-78.880096,43.020896,175.2
-78.880047,43.020727,175.2
-78.879413,43.02086,175.3
-78.879077,43.020933,175.4
-78.878715,43.021006,175.4
-78.878279,43.0211,175.4
-78.878088,43.02109,175.3
-78.878011,43.021,175.3
-78.877373,43.020835,175.2
-78.876456,43.021038,173.4
-78.876046,43.021129,173.7
-78.875805,43.021182,174.1
-78.875588,43.021267,174.1
-78.875182,43.021358,173.4
-78.874782,43.021449,173.0
-78.874166,43.021564,173.1
-78.87403,43.021601,173.1
-78.873873,43.021672,173.1
-78.87322,43.021812,173.4
-78.873082,43.021837,173.4
-78.872877,43.021848,173.6
-78.872696,43.021887,173.6
-78.872391,43.021979,173.6
-78.872037,43.022105,173.5
-78.87188,43.022172,173.5
-78.87177,43.02218,173.6
-78.870754,43.022483,173.7
-78.870586,43.022546,173.5
-78.870408,43.02263,173.4
-78.869787,43.022758,173.5
-78.869527,43.022832,173.4
-78.869228,43.022909,173.3
-78.869088,43.022948,173.2
-78.868713,43.022997,173.3
-78.86817,43.023032,173.2
-78.867684,43.023003,173.2
-78.86722,43.022958,173.2
-78.866821,43.022898,173.4
-78.866495,43.022831,173.4
-78.866121,43.022807,173.5
-78.865656,43.022762,173.5
-78.865128,43.022751,172.9
-78.864816,43.02275,172.9
-78.864489,43.022773,172.7
-78.864388,43.022766,172.7
-78.864209,43.022733,173.0
-78.863858,43.022712,173.1
-78.863457,43.022718,173.0
-78.863229,43.022709,173.0
-78.862973,43.02271,172.9
-78.862744,43.022693,172.9
-78.86214,43.022644,172.8
-78.861619,43.022575,172.9
-78.860934,43.022473,173.1
-78.860434,43.022396,173.1
-78.859943,43.022358,173.0
-78.85965,43.0223,173.1
-78.859408,43.022247,173.1
-78.858846,43.02216,173.0
-78.857834,43.021978,173.0
-78.857653,43.021935,173.0
-78.857453,43.021852,173.1
-78.857245,43.021814,173.0
-78.856901,43.02174,172.9
-78.856317,43.021556,172.7
-78.856036,43.021423,172.7
-78.855599,43.021196,172.7
-78.85537,43.021086,172.7
-78.855193,43.02101,172.7
-78.854865,43.020748,172.8
-78.854823,43.020688,172.9
-78.854759,43.02056,173.2
-78.854705,43.020496,173.2
-78.854641,43.020437,173.3
-78.854415,43.02031,173.1
-78.854223,43.020166,173.1
-78.8539,43.019876,173.2
-78.853746,43.019737,173.3
-78.853522,43.019545,173.3
-78.853135,43.019313,173.2
-78.852562,43.01906,173.4
-78.852512,43.019036,173.4
-78.852465,43.019005,173.5
-78.852451,43.018953,173.5
-78.852463,43.018875,173.7
-78.852084,43.018806,173.6
-78.851694,43.018758,173.5
-78.850633,43.018725,173.1
-78.849825,43.018707,173.5
-78.84941,43.018733,173.4
-78.84893,43.018794,173.5
-78.84806,43.01893,173.5
-78.847381,43.019018,173.4
-78.847043,43.019033,173.4
-78.846536,43.019018,173.5
-78.845861,43.018975,173.6
-78.845213,43.01892,173.4
-78.844659,43.018822,173.4
-78.843645,43.018568,173.6
-78.843124,43.0185,173.4
-78.842632,43.018468,173.4
-78.842237,43.018461,173.4
-78.84176,43.018481,173.5
-78.84138,43.018538,173.5
-78.840809,43.018652,173.5
-78.840241,43.018813,173.6
-78.839746,43.018993,173.7
-78.839131,43.019287,173.7
-78.838487,43.019668,173.6
-78.837737,43.020129,173.5
-78.837026,43.020574,173.6
-78.836392,43.021027,173.6
-78.836041,43.02133,173.6
-78.835865,43.021482,173.6
-78.834989,43.02229,173.7
-78.834739,43.022498,173.7
-78.834761,43.022513,173.6
-78.834776,43.022532,173.6
-78.834779,43.022551,173.5
-78.834775,43.022578,173.5
-78.834767,43.02261,173.4
-78.834684,43.022738,173.2
-78.834658,43.022774,173.1
-78.83463,43.022805,173.1
-78.834328,43.022994,173.4
-78.83391,43.02322,173.6
-78.833061,43.023324,173.6
-78.832841,43.023394,174.6
-78.832671,43.02348,175.2
-78.832509,43.023572,175.3
-78.832303,43.023753,175.4
-78.832189,43.023904,175.7
-78.832126,43.024006,176.1
-78.832085,43.024165,175.9
-78.832097,43.024203,175.7
-78.832157,43.024239,175.2
-78.832359,43.024333,173.6
-78.832476,43.024406,173.4
-78.832566,43.02452,173.6
-78.832624,43.024598,173.6
-78.832633,43.024644,173.6
-78.832623,43.024705,173.7
-78.832502,43.024843,173.8
-78.832219,43.025127,175.2
-78.831928,43.02544,174.3
-78.831821,43.025622,173.5
-78.831769,43.025724,173.5
-78.831668,43.025884,173.5
-78.831525,43.026084,173.3
-78.831474,43.026146,173.5
-78.831434,43.02621,173.6
-78.831346,43.026238,173.8
-78.831236,43.026277,173.9
-78.831104,43.026577,173.7
-78.831132,43.02686,173.6
-78.831181,43.02697,173.2
-78.831108,43.027163,173.1
-78.831017,43.027466,172.8
-78.830961,43.027673,172.7
-78.830889,43.027966,172.7
-78.830721,43.028107,173.1
-78.830369,43.028455,173.6
-78.83024,43.028605,173.6
-78.830162,43.028757,173.6
-78.830178,43.029107,173.1
-78.830011,43.029289,173.2
-78.8299,43.029516,172.8
-78.829794,43.029623,172.7
-78.829387,43.029765,172.8
-78.829137,43.029823,172.7
-78.828895,43.029843,172.9
-78.828706,43.029838,172.8
-78.828289,43.029798,173.0
-78.827802,43.029748,173.3
-78.827637,43.029688,173.6
-78.827536,43.029677,173.6
-78.827421,43.029706,173.6
-78.826889,43.029648,173.5
-78.826177,43.029635,173.4
-78.82586,43.029646,173.5
-78.82553,43.029689,173.4
-78.825131,43.029813,173.3
-78.824789,43.029947,173.3
-78.82454,43.030096,173.2
-78.82425,43.030311,173.2
-78.824031,43.030539,173.2
-78.823903,43.030723,173.7
-78.823811,43.030934,173.8
-78.823641,43.03112,173.9
-78.823762,43.031274,173.8
-78.8237,43.03141,173.8
-78.823678,43.031583,173.8
-78.823623,43.031612,173.9
-78.823705,43.031693,173.8
-78.823738,43.032134,173.9
-78.823837,43.032482,173.9
-78.823943,43.032824,173.9
-78.824138,43.033151,173.8
-78.824281,43.033423,173.8
-78.824433,43.033641,173.8
-78.825035,43.034691,173.8
-78.825149,43.034962,173.8
-78.825157,43.035041,173.8
-78.825477,43.035742,174.3
-78.825626,43.03592,174.1
-78.825754,43.036307,173.8
-78.825898,43.036788,173.7
-78.82603,43.037396,173.9
-78.826187,43.038019,173.9
-78.826171,43.038356,174.2
-78.826208,43.038898,174.4
-78.82631,43.03929,174.3
-78.826357,43.039462,174.3
-78.826427,43.039667,174.3
-78.826481,43.039752,174.3
-78.826602,43.039865,173.9
-78.826806,43.040193,173.7
-78.827287,43.040858,173.8
-78.827328,43.040958,173.8
-78.827295,43.041056,173.8
-78.82699,43.041247,174.1
-78.826951,43.041255,174.2
-78.826859,43.041264,174.3
-78.826835,43.041262,174.3
-78.825802,43.041985,175.0
-78.825153,43.04246,175.3
-78.824899,43.042656,175.3
-78.824874,43.042714,175.3
-78.824592,43.042915,175.5
-78.824537,43.042921,175.5
-78.824444,43.042953,175.5
-78.822954,43.043949,175.5
-78.821998,43.044585,175.3
-78.819349,43.046362,175.2
-78.816567,43.048222,175.2
-78.815749,43.048759,175.2
-78.814008,43.049931,175.3
-78.813109,43.050683,175.3
-78.812677,43.051069,175.3
-78.812482,43.051243,175.2
-78.812222,43.051435,175.1
-78.811997,43.051581,175.1
-78.811723,43.051737,174.9
-78.811339,43.051879,174.8
-78.810979,43.052005,174.7
-78.810521,43.052185,174.6
-78.809883,43.052429,174.6
-78.809468,43.05257,174.8
-78.809196,43.052669,174.8
-78.808966,43.052739,174.8
-78.808894,43.052761,174.9
-78.808572,43.052871,174.9
-78.808014,43.053009,175.0
-78.807532,43.053132,175.0
-78.807077,43.053237,175.1
-78.806893,43.053275,175.1
-78.806901,43.053329,175.0
-78.806896,43.053349,174.8
-78.806882,43.053365,174.7
-78.806851,43.053382,174.7
-78.8068,43.053397,174.7
-78.806452,43.053488,174.8
-78.806134,43.053586,175.0
-78.805996,43.053633,175.1
-78.805928,43.053662,175.0
-78.805784,43.053752,174.9
-78.805616,43.053851,174.8
-78.80546,43.053954,174.9
-78.805384,43.054015,174.8
-78.80533,43.05405,174.8
-78.805263,43.054094,174.8
-78.805141,43.054175,174.9
-78.805002,43.054277,174.9
-78.804836,43.054427,175.0
-78.804652,43.0546,175.1
-78.804527,43.054733,175.3
-78.80452,43.05474,175.2
-78.804422,43.054869,175.2
-78.804359,43.054942,175.3
-78.804304,43.054987,175.3
-78.804271,43.055009,175.3
-78.804259,43.055022,175.3
-78.804256,43.055032,175.3
-78.804254,43.05504,175.3
-78.804255,43.055056,175.3
-78.804257,43.055083,175.2
-78.804257,43.055098,175.2
-78.804256,43.055106,175.3
-78.804249,43.055122,175.3
-78.804229,43.05514,175.3
-78.804208,43.055166,175.3
-78.804149,43.055267,175.3
-78.80414,43.055412,175.2
-78.804141,43.055784,175.0
-78.804142,43.05581,175.0
-78.804145,43.055924,175.0
-78.804161,43.056304,174.9
-78.804219,43.056466,173.8
-78.80435,43.056703,175.0
-78.80501,43.057652,173.9
-78.805,43.057677,173.9
-78.804815,43.057748,174.1
-78.804718,43.0578,174.2
-78.804556,43.057952,174.5
-78.80437,43.058183,174.7
-78.804237,43.058371,174.9
-78.804165,43.05858,175.0
-78.804142,43.058725,175.0
-78.80409,43.058796,175.1
-78.803633,43.059219,175.1
-78.803414,43.059369,175.1
-78.803289,43.059423,175.1
-78.803046,43.059491,175.2
-78.802703,43.059564,175.2
-78.802368,43.059649,175.2
-78.802129,43.059739,175.2
-78.801941,43.059839,175.2
-78.801721,43.059985,175.2
-78.80147,43.06023,175.2
-78.801242,43.060502,175.1
-78.801127,43.060722,175.3
-78.800993,43.061066,175.5
-78.800947,43.061324,175.5
-78.800946,43.061753,175.7
-78.801052,43.062924,175.2
-78.801283,43.063785,175.1
-78.801384,43.064067,175.2
-78.801399,43.064193,175.2
-78.801412,43.064346,175.2
-78.801398,43.064544,175.2
-78.801397,43.064572,175.2
-78.801415,43.064663,175.4
-78.80147,43.064794,176.2
-78.801501,43.064881,176.8
-78.801538,43.065016,177.2
-78.801544,43.065112,176.8
-78.801534,43.065226,176.0
-78.80149,43.065308,175.5
-78.801425,43.065365,175.1
-78.801369,43.065388,174.9
-78.801312,43.065384,174.8
-78.801257,43.065358,174.8
-78.801143,43.065229,175.1
-78.801086,43.065212,175.1
-78.801026,43.065216,175.1
-78.80091,43.065225,175.2
-78.800912,43.065458,175.2
-78.800908,43.06555,175.2
-78.800907,43.065698,175.1
-78.800876,43.065781,174.9
-78.800853,43.065817,174.8
-78.800828,43.065854,174.6
-78.800789,43.065896,174.4
-78.800668,43.065972,174.0
-78.800557,43.066009,173.9
-78.800453,43.06603,174.0
-78.800326,43.06604,174.1
-78.800164,43.066037,174.3
-78.799738,43.065966,175.0
-78.799464,43.065932,175.2
-78.799178,43.065897,175.0
-78.798822,43.065862,174.8
-78.79874,43.065942,173.7
-78.798692,43.065964,173.3
-78.798586,43.065964,173.0
-78.798076,43.065961,172.9
-78.797562,43.065965,172.6
-78.797414,43.065913,173.0
-78.797339,43.065862,173.9
-78.797179,43.065709,175.2
-78.796978,43.065524,175.6
-78.796834,43.065439,175.8
-78.796702,43.065374,176.0
-78.796566,43.065329,176.0
-78.796414,43.065323,175.9
-78.796129,43.065372,175.5
-78.795722,43.065455,175.2
-78.795365,43.065524,175.2
-78.79521,43.065533,175.2
-78.794943,43.065538,175.3
-78.794712,43.065583,175.2
-78.794611,43.06559,175.1
-78.794268,43.065597,175.1
-78.794087,43.06564,175.1
-78.793884,43.065692,174.9
-78.793762,43.0657,174.9
-78.793453,43.065657,174.2
-78.793044,43.065605,173.9
-78.792724,43.065563,173.9
-78.792547,43.065572,173.7
-78.792409,43.065606,173.6
-78.7921,43.065722,173.7
-78.791801,43.065834,173.6
-78.79156,43.065991,173.0
-78.791495,43.066024,172.9
-78.791418,43.066031,173.0
-78.790833,43.06603,173.3
-78.790688,43.066018,173.5
-78.790445,43.066051,173.4
-78.789979,43.066168,172.9
-78.789228,43.066258,172.7
-78.787782,43.066363,172.7
-78.787521,43.066364,172.7
-78.78668,43.066261,173.3
-78.786511,43.066253,173.3
-78.786248,43.066296,172.7
-78.786109,43.066292,172.7
-78.785534,43.066174,173.5
-78.78511,43.066137,173.9
-78.784622,43.066088,173.6
-78.784383,43.066043,173.5
-78.784188,43.066,173.7
-78.783983,43.066002,173.2
-78.783755,43.065965,173.2
-78.782528,43.065661,173.6
-78.781725,43.065481,173.8
-78.781187,43.065397,174.0
-78.780468,43.065323,174.1
-78.779637,43.06526,173.6
-78.778851,43.065218,173.4
-78.77828,43.0652,173.6
-78.777673,43.065259,173.5
-78.777254,43.065328,173.7
-78.776797,43.065439,173.7
-78.776217,43.065624,173.8
-78.7757,43.065806,173.9
-78.775158,43.066063,173.8
-78.774627,43.066337,173.8
-78.774184,43.06659,174.0
-78.773679,43.066878,174.0
-78.77316,43.067145,174.5
-78.772512,43.067369,175.3
-78.771584,43.067726,177.4
-78.771167,43.067887,176.8
-78.770962,43.067961,176.9
-78.771044,43.068454,177.6
-78.771019,43.068756,178.8
-78.770999,43.06906,179.1
-78.770985,43.069114,178.2
-78.770944,43.069168,177.4
-78.770896,43.069202,176.1
-78.769939,43.069572,173.6
-78.769454,43.069717,173.2
-78.768924,43.069857,173.0
-78.768667,43.069902,173.0
-78.768408,43.069917,173.1
-78.768176,43.069948,173.0
-78.768012,43.069962,173.0
-78.767782,43.069988,172.9
-78.767728,43.069987,173.0
-78.767695,43.069975,173.1
-78.767668,43.069952,173.3
-78.76762,43.069808,174.9
-78.767587,43.069749,175.1
-78.767527,43.0697,175.2
-78.767478,43.06967,175.2
-78.767389,43.069639,175.2
-78.767309,43.069631,175.2
-78.767224,43.069652,175.2
-78.767161,43.069681,175.2
-78.767111,43.069693,175.3
-78.767064,43.069694,175.3
-78.766881,43.069661,175.4
-78.766799,43.069653,175.4
-78.766704,43.069645,175.5
-78.766484,43.06965,175.5
-78.766167,43.069658,175.5
-78.766059,43.069653,175.5
-78.765997,43.069642,175.5
-78.765902,43.06962,175.5
-78.765802,43.069615,175.6
-78.76563,43.069629,175.6
-78.765204,43.069667,175.8
-78.765124,43.069692,175.8
-78.765047,43.069738,175.7
-78.764967,43.069789,175.6
-78.764868,43.069813,175.6
-78.76447,43.069855,175.5
-78.76421,43.069888,175.5
-78.764094,43.069888,175.6
-78.763891,43.069853,175.6
-78.763652,43.069849,175.6
-78.763374,43.069854,175.6
-78.763186,43.069877,175.5
-78.762829,43.069958,175.2
-78.762637,43.070009,174.7
-78.762566,43.07002,174.7
-78.762366,43.070021,175.2
-78.762238,43.070026,175.3
-78.762166,43.070037,175.3
-78.761876,43.07003,175.4
-78.761655,43.070058,175.4
-78.761336,43.070113,175.5
-78.760807,43.070253,175.4
-78.760432,43.070351,175.3
-78.760288,43.070365,175.4
-78.760211,43.070366,175.4
-78.760038,43.07036,175.4
-78.75966,43.070278,175.6
-78.758399,43.070052,176.7
-78.758327,43.070045,176.7
-78.758255,43.070043,176.7
-78.758145,43.070067,176.7
-78.757975,43.070105,176.7
-78.757802,43.070137,176.7
-78.757688,43.070151,176.7
-78.757582,43.070143,176.7
-78.757312,43.070079,176.8
-78.756682,43.069895,176.7
-78.756462,43.069841,176.3
-78.756383,43.069831,175.9
-78.756305,43.069838,175.4
-78.756041,43.069887,174.1
-78.75597,43.069902,173.7
-78.75588,43.069889,173.5
-78.755421,43.069766,173.1
-78.754909,43.069564,173.4
-78.75475,43.069526,173.1
-78.754623,43.069448,173.4
-78.754298,43.069316,173.6
-78.753831,43.069182,173.6
-78.753538,43.069076,173.8
-78.753391,43.069048,173.7
-78.753213,43.069038,173.1
-78.753033,43.069019,173.3
-78.752771,43.068999,173.5
-78.752396,43.068982,173.1
-78.751941,43.068998,173.2
-78.751383,43.069057,173.5
-78.750841,43.069107,173.2
-78.750564,43.069125,173.4
-78.750458,43.06912,173.1
-78.750337,43.069098,173.0
-78.750187,43.06906,173.3
-78.750075,43.069051,173.1
-78.749414,43.069065,174.1
-78.748105,43.069136,175.3
-78.747678,43.069158,173.5
-78.747437,43.069146,173.2
-78.747285,43.069114,173.1
-78.746406,43.068841,173.1
-78.74572,43.068635,173.3
-78.745241,43.068532,173.2
-78.745049,43.068486,173.2
-78.744808,43.068461,173.2
-78.744024,43.068264,174.8
-78.743559,43.068151,175.2
-78.743104,43.068072,174.6
-78.742768,43.068046,173.7
-78.742444,43.068024,173.6
-78.742039,43.068033,173.4
-78.741639,43.068055,173.2
-78.741227,43.068129,173.3
-78.740728,43.06826,174.7
-78.74039,43.068384,174.8
-78.740198,43.06847,175.0
-78.740083,43.068535,175.1
-78.739997,43.068606,175.1
-78.739899,43.068711,175.2
-78.739804,43.068839,175.3
-78.739757,43.06892,175.3
-78.739724,43.068989,175.3
-78.739695,43.069059,175.3
-78.739397,43.069804,175.3
-78.739389,43.06984,175.3
-78.739382,43.069942,175.4
-78.739384,43.069963,175.4
-78.739386,43.069989,175.4
-78.739462,43.070398,175.4
-78.739471,43.070635,175.4
-78.739473,43.070671,175.5
-78.739467,43.070727,175.5
-78.739504,43.070836,175.6
-78.7396,43.071246,176.1
-78.739691,43.071834,176.0
-78.739722,43.072134,176.0
-78.739727,43.072358,176.2
-78.739684,43.072853,176.7
-78.739516,43.074498,176.7
-78.739435,43.075426,176.8
-78.739433,43.075442,176.8
-78.739409,43.075642,176.8
-78.739386,43.0757,176.8
-78.739354,43.075745,176.8
-78.739322,43.075798,176.8
-78.739239,43.075871,176.7
-78.739119,43.07595,176.8
-78.739004,43.076013,176.8
-78.738702,43.076164,176.8
-78.738688,43.076222,176.8
-78.73868,43.07624,176.8
-78.738674,43.076267,176.9
-78.738623,43.076523,176.7
-78.738614,43.076555,176.7
-78.738597,43.076581,176.6
-78.73858,43.076601,176.6
-78.738508,43.076664,176.7
-78.738404,43.076754,176.6
-78.738248,43.076887,176.6
-78.738207,43.076925,176.6
-78.738181,43.076956,176.6
-78.738151,43.077,176.6
-78.738046,43.077179,176.3
-78.738005,43.077238,176.2
-78.737982,43.077262,176.2
-78.737954,43.077283,176.2
-78.737929,43.077296,176.3
-78.737891,43.077312,176.4
-78.737852,43.077325,176.5
-78.737824,43.077339,176.5
-78.73778,43.077364,176.6
-78.737687,43.077429,176.6
-78.737627,43.077475,176.6
-78.737613,43.077488,176.6
-78.737598,43.077509,176.6
-78.737593,43.077532,176.6
-78.737596,43.077612,176.5
-78.737603,43.077675,176.2
-78.737604,43.07772,175.9
-78.737597,43.077765,175.7
-78.737559,43.077898,175.0
-78.737535,43.077953,174.9
-78.737477,43.078057,174.6
-78.737428,43.078113,174.6
-78.737387,43.078149,174.7
-78.737317,43.078206,175.0
-78.737294,43.078231,175.0
-78.737276,43.078259,175.0
-78.737255,43.078292,175.0
-78.737225,43.07832,175.1
-78.737195,43.078345,175.2
-78.737156,43.078363,175.4
-78.73704,43.078415,176.1
-78.737006,43.078436,176.2
-78.736975,43.078463,176.3
-78.736932,43.078515,176.4
-78.736872,43.078616,176.5
-78.736851,43.078666,176.5
-78.736832,43.078758,176.3
-78.736839,43.078856,175.9
-78.73683,43.078918,175.7
-78.736772,43.07905,175.6
-78.736734,43.079165,175.4
-78.73668,43.079285,175.5
-78.73642,43.080127,175.3
-78.735893,43.081742,174.3
-78.735753,43.081968,174.5
-78.735558,43.082251,174.7
-78.735358,43.082531,174.5
-78.735145,43.082771,174.4
-78.734782,43.08304,175.0
-78.734603,43.083185,175.0
-78.73431,43.083424,175.1
-78.734225,43.083478,175.0
-78.73417,43.083488,175.2
-78.734053,43.083492,175.4
-78.733987,43.083498,175.5
-78.733939,43.083532,175.5
-78.733869,43.083669,175.3
-78.733811,43.083724,175.3
-78.733505,43.083901,175.2
-78.733046,43.084133,174.7
-78.732712,43.084236,175.1
-78.732092,43.084384,175.2
-78.731808,43.084354,176.0
-78.73119,43.084505,176.0
-78.730732,43.084627,175.8
-78.730423,43.084733,175.5
-78.730242,43.084844,174.7
-78.729669,43.085083,174.2
-78.729351,43.085246,173.6
-78.728904,43.085464,173.8
-78.728666,43.085567,174.2
-78.72842,43.085494,175.4
-78.728113,43.085303,176.1
-78.727979,43.085285,176.3
-78.72786,43.085318,176.4
-78.72773,43.085507,176.6
-78.727774,43.085806,176.8
-78.727799,43.08601,173.7
-78.72786,43.086349,173.6
-78.727886,43.086601,176.7
-78.727947,43.086655,176.6
-78.728069,43.086698,176.6
-78.728182,43.086756,176.5
-78.728329,43.086827,175.6
-78.728612,43.086965,175.3
-78.728974,43.087116,174.8
-78.729659,43.087436,175.1
-78.73,43.087603,174.6
-78.730699,43.087873,173.6
-78.730995,43.088064,173.7
-78.731276,43.088169,173.5
-78.731885,43.088413,173.7
-78.732,43.088523,174.2
-78.732071,43.088647,174.4
-78.732099,43.088777,174.3
-78.732069,43.08895,174.3
-78.731988,43.089139,174.6
-78.73193,43.089273,175.0
-78.731873,43.0894,175.3
-78.731736,43.089562,175.2
-78.731671,43.089638,174.7
-78.731645,43.08971,174.1
-78.731691,43.089846,173.4
-78.731765,43.090019,173.9
-78.731743,43.090092,174.2
-78.731713,43.090197,174.9
-78.731686,43.090262,176.0
-78.731618,43.090352,177.2
-78.731522,43.090472,178.4
-78.731406,43.090608,180.0
-78.731226,43.090755,180.4
-78.731216,43.090783,180.5
-78.731143,43.090981,181.1
-78.731113,43.09109,181.2
-78.731108,43.091195,180.7
-78.731101,43.091399,180.1
-78.731028,43.091531,179.9
-78.7308,43.091646,179.6
-78.730712,43.091726,179.3
-78.730649,43.092445,179.3
-78.730844,43.092743,178.7
-78.730834,43.092798,178.6
-78.730787,43.092972,178.4
-78.730811,43.093203,178.0
-78.730803,43.093446,177.2
-78.730726,43.093623,177.3
-78.730614,43.093726,177.8
-78.730575,43.093915,178.6
-78.730617,43.094054,179.1
-78.730693,43.094247,179.5
-78.730829,43.094584,178.8
-78.730931,43.094805,178.1
-78.73124,43.095287,174.5
-78.731502,43.095743,173.5
-78.731585,43.095876,173.6
-78.731621,43.095946,173.8
-78.731628,43.095995,174.1
-78.731634,43.096094,174.8
-78.73166,43.096195,175.1
-78.731673,43.09627,175.2
-78.731682,43.096337,175.4
-78.731683,43.096386,175.6
-78.731697,43.096467,176.4
-78.73174,43.096573,177.1
-78.73231,43.097796,179.2
-78.732591,43.098403,178.9
-78.733,43.099169,179.2
-78.733506,43.099899,179.3
-78.733873,43.10034,179.2
-78.734633,43.101123,178.9
-78.735596,43.101936,180.8
-78.736578,43.102797,180.9
-78.7372,43.103323,180.9
-78.73741,43.103471,180.6
-78.73773,43.10374,179.6
-78.738204,43.104175,180.2
-78.738507,43.104577,181.6
-78.738797,43.105033,179.8
-78.738894,43.105161,179.6
-78.738913,43.105209,179.5
-78.738906,43.105266,179.5
-78.738876,43.105423,179.7
-78.738892,43.1055,179.7
-78.739003,43.105675,179.3
-78.739282,43.106046,178.2
-78.739488,43.106418,177.6
-78.739497,43.106475,177.5
-78.739518,43.106673,178.9
-78.73954,43.106773,179.2
-78.739578,43.1069,179.4
-78.739664,43.107204,181.4
-78.739747,43.107373,181.6
-78.739787,43.107494,181.8
-78.739783,43.107677,181.9
-78.739616,43.108425,178.8
-78.739539,43.108905,178.2
-78.739445,43.10908,178.6
-78.739138,43.109406,180.6
-78.738996,43.109747,182.2
-78.738843,43.110166,183.8
-78.738666,43.110437,185.0
-78.738542,43.110503,184.4
-78.738416,43.110673,184.2
-78.738334,43.110819,184.3
-78.738099,43.111232,184.3
-78.738014,43.111392,184.3
-78.738002,43.11156,185.0
-78.737914,43.111835,184.7
-78.737642,43.112249,185.0
-78.737349,43.11259,183.7
-78.737271,43.112695,183.4
-78.737217,43.112822,183.4
-78.737198,43.112884,183.4
-78.737182,43.112927,183.4
-78.737153,43.112989,183.4
-78.737163,43.113061,183.8
-78.737156,43.113108,183.9
-78.737166,43.113223,184.9
-78.737173,43.113349,185.0
-78.73717,43.113546,183.0
-78.737087,43.113804,180.8
-78.736958,43.114218,177.9
-78.736925,43.114307,177.5
-78.736867,43.114461,176.1
-78.736806,43.114574,174.6
-78.736695,43.114755,175.9
-78.736598,43.114886,177.9
-78.736313,43.115141,179.9
-78.736209,43.115263,179.0
-78.736174,43.115427,177.8
-78.736213,43.115556,176.3
-78.736217,43.115651,175.9
-78.736197,43.115727,175.8
-78.736174,43.11577,176.1
-78.736126,43.115808,176.8
-78.735938,43.115906,178.2
-78.73583,43.115954,179.8
-78.735756,43.116023,181.2
-78.735718,43.116121,180.6
-78.735695,43.116204,180.5
-78.73565,43.116407,178.8
-78.735595,43.116594,177.7
-78.734863,43.117782,179.6
-78.734733,43.118018,179.8
-78.734475,43.118473,178.7
-78.734179,43.118845,179.9
-78.73405,43.119079,179.5
-78.733885,43.119403,179.0
-78.733746,43.119679,178.4
-78.733691,43.119813,177.9
-78.73362,43.119934,177.9
-78.73339,43.120218,179.3
-78.733296,43.12034,179.6
-78.733072,43.120628,180.5
-78.732758,43.121143,178.2
-78.732692,43.121272,179.7
-78.73266,43.121354,179.5
-78.73264,43.121432,178.7
-78.732612,43.121481,179.0
-78.732564,43.121548,179.0
-78.732512,43.121634,178.9
-78.732444,43.12171,179.5
-78.732204,43.121956,181.8
-78.73175,43.12264,183.4
-78.731682,43.122798,182.4
-78.731568,43.123056,181.1
-78.731527,43.123162,180.0
-78.731453,43.123248,180.5
-78.731371,43.123317,181.9
-78.731287,43.123381,182.7
-78.731215,43.123467,183.1
-78.731096,43.12376,181.5
-78.731024,43.123891,181.3
-78.730937,43.124044,180.6
-78.730694,43.124392,181.2
-78.730383,43.124878,179.5
-78.730053,43.125431,177.0
-78.729648,43.125932,179.4
-78.729528,43.126123,179.3
-78.729413,43.126344,178.0
-78.729386,43.126411,177.6
-78.729314,43.12653,177.4
-78.729256,43.126623,177.4
-78.729081,43.126845,178.6
-78.728898,43.127028,181.2
-78.728439,43.127748,181.2
-78.727998,43.128446,183.4
-78.727632,43.129144,178.1
-78.727379,43.12947,180.8
-78.727175,43.129717,183.5
-78.727088,43.129879,182.6
-78.726742,43.130511,178.1
-78.726531,43.13093,175.6
-78.726463,43.131016,176.2
-78.726395,43.131069,177.1
-78.726207,43.131212,179.7
-78.726067,43.131329,180.6
-78.725973,43.131431,180.9
-78.725894,43.131547,181.0
-78.725776,43.131791,180.2
-78.725711,43.131932,179.7
-78.725543,43.132275,178.4
-78.725491,43.132363,178.1
-78.725439,43.132425,178.5
-78.725313,43.132501,180.3
-78.725241,43.132523,181.2
-78.725104,43.132585,181.9
-78.724958,43.132638,182.4
-78.724893,43.132685,182.3
-78.724825,43.132747,181.3
-78.72479,43.132814,180.4
-78.724777,43.132869,179.8
-78.72477,43.132928,179.7
-78.724716,43.133181,181.1
-78.724677,43.133295,181.7
-78.724635,43.133341,181.9
-78.724521,43.133398,181.9
-78.724385,43.133486,181.9
-78.724271,43.133563,182.2
-78.724128,43.133713,183.0
-78.724044,43.133825,183.0
-78.723924,43.133961,183.3
-78.723801,43.134104,184.3
-78.723655,43.134278,185.4
-78.723541,43.134488,185.8
-78.723444,43.134643,185.6
-78.723357,43.134781,185.6
-78.723272,43.134893,185.6
-78.72297,43.135167,183.7
-78.722789,43.135344,181.6
-78.722565,43.135687,180.7
-78.722491,43.135801,179.4
-78.722413,43.135925,179.5
-78.722351,43.136025,180.7
-78.722296,43.136102,181.6
-78.722231,43.136175,181.7
-78.722176,43.136249,181.2
-78.722144,43.136314,181.0
-78.722137,43.136395,181.8
-78.722152,43.136857,185.3
-78.722159,43.137138,184.1
-78.722139,43.137236,183.6
-78.721978,43.137631,179.9
-78.721926,43.137779,181.0
-78.721848,43.137905,182.2
-78.721592,43.138227,179.8
-78.721469,43.138418,179.7
-78.721378,43.138523,183.3
-78.72132,43.138642,183.4
-78.721203,43.138882,185.1
-78.721125,43.139035,184.3
-78.721067,43.139142,183.4
-78.720989,43.13923,183.4
-78.720902,43.139307,183.7
-78.720759,43.139416,184.0
-78.720519,43.13961,184.7
-78.720389,43.139717,185.2
-78.720321,43.139798,185.7
-78.720171,43.140039,185.9
-78.719961,43.140365,185.6
-78.719426,43.14129,189.4
-78.719417,43.141402,188.7
-78.719427,43.14169,184.9
-78.719398,43.141836,182.8
-78.71933,43.141988,181.4
-78.718912,43.14267,182.7
-78.718455,43.143375,182.3
-78.718238,43.143709,182.7
-78.718102,43.143916,182.0
-78.718008,43.144076,182.0
-78.717923,43.144219,182.5
-78.717733,43.144641,178.7
-78.717652,43.144865,176.3
-78.717613,43.144974,175.5
-78.717577,43.145032,175.6
-78.717535,43.145094,176.7
-78.717438,43.145191,178.6
-78.717269,43.145368,182.1
-78.716912,43.14573,184.7
-78.716331,43.146312,185.2
-78.716286,43.146374,184.4
-78.716263,43.146422,184.1
-78.716195,43.14671,184.7
-78.716137,43.146946,183.1
-78.716089,43.147067,181.7
-78.715995,43.147165,183.6
-78.715907,43.14723,185.5
-78.715764,43.147325,188.7
-78.715407,43.147568,181.5
-78.715277,43.147678,181.1
-78.715206,43.147804,181.3
-78.71518,43.14794,182.7
-78.715116,43.1483,185.1
-78.715044,43.148488,186.6
-78.714937,43.148693,183.1
-78.714811,43.148891,182.5
-78.714587,43.14917,185.9
-78.714383,43.149434,182.3
-78.714107,43.149792,181.1
-78.713861,43.150123,178.1
-78.71365,43.150374,178.4
-78.713432,43.150593,179.3
-78.713156,43.150898,180.7
-78.712994,43.151082,180.6
-78.712851,43.151232,181.2
-78.712708,43.151396,181.9
-78.71252,43.151611,181.9
-78.712355,43.151804,182.2
-78.712218,43.151966,182.1
-78.712115,43.152119,182.2
-78.712021,43.152233,182.2
-78.71192,43.152345,182.4
-78.711504,43.152762,182.5
-78.711472,43.152848,181.9
-78.711463,43.153001,178.6
-78.71144,43.153096,177.0
-78.711398,43.15316,176.6
-78.711326,43.153218,177.0
-78.711255,43.153261,177.7
-78.711181,43.15329,178.5
-78.711092,43.153299,179.8
-78.710787,43.153335,183.4
-78.710709,43.153361,184.2
-78.71066,43.153421,184.4
-78.710517,43.153592,185.2
-78.710293,43.153826,185.8
-78.710358,43.153862,185.4
-78.710472,43.153943,183.8
-78.71058,43.154019,181.0
-78.710606,43.154081,179.6
-78.710596,43.154162,177.9
-78.710535,43.15424,177.9
-78.710418,43.154345,178.8
-78.710295,43.154456,178.4
-78.709825,43.154871,183.6
-78.709465,43.155184,185.5
-78.709371,43.15524,185.8
-78.709219,43.155306,185.8
-78.709053,43.155363,185.4
-78.708903,43.155415,185.0
-78.708772,43.155485,184.7
-78.708683,43.155555,184.4
-78.708618,43.155637,184.1
-78.708572,43.15572,183.7
-78.708509,43.15588,183.1
-78.708471,43.156013,182.5
-78.708444,43.156113,181.7
-78.708421,43.156186,181.2
-78.708401,43.156249,181.1
-78.708362,43.156341,181.0
-78.70828,43.156502,180.4
-78.70816,43.15671,180.5
-78.708119,43.15682,180.5
-78.70808,43.156915,180.7
-78.708049,43.156992,180.5
-78.708004,43.157074,180.2
-78.707934,43.157148,180.4
-78.707845,43.157221,180.9
-78.707739,43.157297,181.3
-78.707663,43.157351,181.6
-78.70742,43.15756,181.2
-78.707293,43.157682,180.8
-78.707206,43.157763,180.8
-78.707133,43.157829,180.8
-78.707052,43.157898,180.8
-78.706954,43.157959,180.8
-78.706843,43.158017,180.7
-78.706673,43.15809,180.6
-78.706541,43.15816,180.5
-78.706474,43.158203,180.4
-78.706385,43.158291,180.2
-78.706262,43.158417,180.1
-78.706176,43.158506,179.8
-78.706155,43.15853,179.8
-78.706126,43.158567,179.7
-78.706093,43.158617,179.6
-78.706042,43.158769,179.7
-78.705965,43.159168,179.2
-78.70594,43.159234,179.1
-78.70591,43.159269,179.1
-78.70586,43.159314,179.1
-78.705729,43.159424,179.2
-78.705569,43.159556,179.4
-78.705217,43.159849,179.6
-78.705014,43.160009,179.7
-78.704852,43.160152,179.9
-78.704768,43.160239,180.0
-78.704325,43.160927,179.2
-78.704241,43.161006,179.1
-78.704044,43.161158,179.3
-78.703693,43.161425,179.6
-78.703359,43.161665,179.9
-78.703278,43.161772,179.7
-78.703198,43.161899,179.5
-78.703136,43.16207,178.9
-78.703084,43.162209,178.1
-78.703053,43.162253,178.0
-78.702992,43.162302,178.0
-78.702897,43.162365,178.2
-78.702624,43.162502,179.1
-78.702528,43.16255,179.4
-78.702464,43.162588,179.5
-78.702095,43.16293,179.8
-78.701846,43.163166,180.5
-78.701686,43.163309,180.7
-78.701491,43.163434,181.0
-78.701269,43.163571,181.3
-78.701169,43.163633,181.5
-78.700815,43.16392,181.7
-78.700567,43.164129,182.7
-78.700129,43.164487,185.0
-78.700043,43.164556,184.8
-78.700002,43.164587,184.7
-78.699971,43.16464,184.3
-78.699947,43.164676,183.9
-78.699906,43.16468,183.9
-78.69984,43.164757,183.3
-78.70182,43.164787,179.4
-78.701834,43.166163,180.5
-78.701827,43.167502,183.4
-78.701828,43.167854,183.9
-78.701844,43.16938,185.9
-78.701834,43.170022,185.8
-78.695116,43.170011,175.8
-78.694583,43.170034,173.6
-78.694534,43.170034,173.4
-78.694179,43.170344,173.7
-78.694086,43.170384,173.5
-78.693415,43.170873,173.4
-78.693047,43.171171,173.6
-78.692516,43.171597,172.1
-78.691347,43.172502,159.0
-78.691097,43.172709,157.7
-78.690727,43.173062,157.0
-78.689522,43.174438,156.6
-78.689468,43.174519,156.7
-78.689429,43.174618,156.3
-78.689411,43.174721,155.3
-78.689417,43.174833,154.6
-78.689423,43.17492,154.1
-78.689436,43.174973,153.8
-78.689404,43.175011,153.3
-78.689346,43.175045,152.6
-78.689146,43.175171,153.3
-78.689055,43.175229,155.0
-78.689,43.175306,155.3
-78.688898,43.175502,153.5
-78.688826,43.175622,152.7
-78.688747,43.175713,153.2
-78.688675,43.175828,153.2
-78.688581,43.175907,154.7
-78.688173,43.1768,150.6
-78.688121,43.176868,150.7
-78.688062,43.176906,150.2
-78.687993,43.176931,149.6
-78.68789,43.176937,149.4
-78.687829,43.17691,149.9
-78.687781,43.176854,150.0
-78.68738,43.176352,152.5
-78.687272,43.176246,153.8
-78.687217,43.176201,155.0
-78.686997,43.176168,156.0
-78.686374,43.176591,156.7
-78.685954,43.176938,156.6
-78.685823,43.176989,156.7
-78.685645,43.177068,156.6
-78.684843,43.177575,156.6
-78.683796,43.17828,156.6
-78.68314,43.178736,156.7
-78.683059,43.178789,156.8
-78.682797,43.17895,156.6
-78.682152,43.179355,156.6
-78.681548,43.179758,156.6
-78.681123,43.18003,156.5
-78.680733,43.180292,156.5
-78.679751,43.18094,156.4
-78.678641,43.181661,156.5
-78.677089,43.182697,156.7
-78.676521,43.183063,156.7
-78.676062,43.183331,156.7
-78.675288,43.183733,156.3
-78.674599,43.184041,156.1
-78.67409,43.184235,156.1
-78.67359,43.184404,156.4
-78.67325,43.184513,156.6
-78.672888,43.184612,156.7
-78.670486,43.185246,156.5
-78.669232,43.185573,156.6
-78.667448,43.186044,156.5
-78.667107,43.186149,156.5
-78.666674,43.186275,156.5
-78.666345,43.186402,156.5
-78.665659,43.186779,156.5
-78.665308,43.187029,156.5
-78.664991,43.187279,156.6
-78.664595,43.187614,156.6
-78.664313,43.187801,156.6
-78.663877,43.188028,156.6
-78.663504,43.188175,156.7
-78.66312,43.188289,156.8
-78.662392,43.188457,156.6
-78.661706,43.188595,156.7
-78.660677,43.188828,156.6
-78.659538,43.189086,156.5
-78.658934,43.189209,156.0
-78.658503,43.189288,156.0
-78.657657,43.189464,155.1
-78.656791,43.189651,155.4
-78.656117,43.189803,155.1
-78.655101,43.190038,155.3
-78.653974,43.190335,155.0
-78.65294,43.190604,155.8
-78.652037,43.190839,156.7
-78.650028,43.191364,156.4
-78.648838,43.191681,156.6
-78.647824,43.191956,156.3
-78.646877,43.19219,155.7
-78.646286,43.192324,155.7
-78.645628,43.192432,151.8
-78.644998,43.192496,154.1
-78.643687,43.192607,155.3
-78.641805,43.192776,155.6
-78.638685,43.193045,155.8
-78.638035,43.193109,155.8
-78.636958,43.193241,156.4
-78.635519,43.193443,155.9
-78.634391,43.193624,157.1
-78.633618,43.193725,156.9
-78.632896,43.193827,157.2
-78.631987,43.193943,157.7
-78.631263,43.194013,157.5
-78.630279,43.194056,157.3
-78.628263,43.194141,157.4
-78.626039,43.194223,157.1
-78.62504,43.194254,157.7
-78.623583,43.194323,157.6
-78.621852,43.19437,156.9
-78.620645,43.194412,156.9
-78.619677,43.194461,155.1
-78.618887,43.194493,155.1
-78.618214,43.194511,155.3
-78.61692,43.194581,156.8
-78.616173,43.194593,157.1
-78.61544,43.194591,157.0
-78.615076,43.194559,157.0
-78.614717,43.19452,157.0
-78.612353,43.19425,157.1
-78.610915,43.19406,157.0
-78.610132,43.193973,157.0
-78.609418,43.193952,156.9
-78.608835,43.193977,156.8
-78.608436,43.194019,156.6
-78.607921,43.194108,156.4
-78.607511,43.194215,156.4
-78.606191,43.194597,156.4
-78.604457,43.195098,156.3
-78.602416,43.195684,156.4
-78.600717,43.196191,156.5
-78.599347,43.196575,156.4
-78.598115,43.196932,157.0
-78.597767,43.197077,157.1
-78.597486,43.197195,157.2
-78.597174,43.19735,157.4
-78.596671,43.197652,157.4
-78.596403,43.197813,157.1
-78.596197,43.197931,158.5
-78.59584,43.198095,157.2
-78.59537,43.198273,156.9
-78.594927,43.198399,156.9
-78.593851,43.198727,157.1
-78.59259,43.199096,156.8
-78.592189,43.199195,156.8
-78.591959,43.199236,156.7
-78.591618,43.199264,156.5
-78.590888,43.199305,156.5
-78.590089,43.199291,156.5
-78.589676,43.199249,156.7
-78.589029,43.199121,156.6
-78.587164,43.198748,156.7
-78.586388,43.198581,156.7
-78.585841,43.198493,156.3
-78.585359,43.198457,156.2
-78.584803,43.198438,156.3
-78.584239,43.198459,156.3
-78.583727,43.198508,156.6
-78.582152,43.198764,156.6
-78.580478,43.199041,156.7
-78.579778,43.199179,156.9
-78.579153,43.199336,157.0
-78.578547,43.199486,157.0
-78.577944,43.199581,157.0
-78.576909,43.199766,156.8
-78.57663,43.199829,156.9
-78.57638,43.199869,156.7
-78.576178,43.19989,157.0
-78.575951,43.199897,157.1
-78.575765,43.199852,156.9
-78.575661,43.199855,156.9
-78.574567,43.200037,156.8
-78.572911,43.200312,156.6
-78.571039,43.200631,156.6
-78.570497,43.200756,156.8
-78.569801,43.200883,156.9
-78.569235,43.200962,157.0
-78.568327,43.201089,156.9
-78.568015,43.201111,156.9
-78.567518,43.201118,156.8
-78.566382,43.201182,157.0
-78.564773,43.201233,156.7
-78.563687,43.201325,156.6
-78.563201,43.201394,156.5
-78.562679,43.201435,156.5
-78.56085,43.201601,155.8
-78.55992,43.201702,155.7
-78.559567,43.201779,156.3
-78.558898,43.201934,156.4
-78.557601,43.202213,157.5
-78.556824,43.202397,157.3
-78.555573,43.202701,157.8
-78.554611,43.202933,157.4
-78.553693,43.203255,156.8
-78.549453,43.20533,156.1
-78.547059,43.206513,156.8
-78.545185,43.207431,156.7
-78.543244,43.208386,156.9
-78.542517,43.208749,157.1
-78.542126,43.208939,157.2
-78.541817,43.209068,157.4
-78.541385,43.209197,157.1
-78.540824,43.209302,157.2
-78.539949,43.209435,157.2
-78.535122,43.20996,157.9
-78.52653,43.210958,158.2
-78.522091,43.211487,158.2
-78.521484,43.211534,158.0
-78.520901,43.211537,157.4
-78.519452,43.211539,154.5
-78.518087,43.211541,155.1
-78.517141,43.211581,155.4
-78.516713,43.211623,155.5
-78.516281,43.211694,155.4
-78.515075,43.211954,155.9
-78.510607,43.213053,157.1
-78.509864,43.213247,157.1
-78.509009,43.213524,155.4
-78.505196,43.214785,156.8
-78.504668,43.214949,156.8
-78.50433,43.215019,156.9
-78.503893,43.215059,156.8
-78.500703,43.215177,156.8
-78.499831,43.215183,156.7
-78.499008,43.215186,156.4
-78.496894,43.215109,156.3
-78.495406,43.215061,156.1
-78.494152,43.215008,156.0
-78.493689,43.214972,155.9
-78.493294,43.214919,155.9
-78.492983,43.214845,155.9
-78.492699,43.214745,156.0
-78.492476,43.21465,156.1
-78.491259,43.213971,156.0
-78.49083,43.213688,156.0
-78.49053,43.213546,155.8
-78.490115,43.213372,156.0
-78.489678,43.21321,156.1
-78.489297,43.213096,155.5
-78.488913,43.212997,155.5
-78.488553,43.212943,155.4
-78.484363,43.212458,155.7
-78.48364,43.212383,155.5
-78.482434,43.21226,155.2
-78.481666,43.212178,155.2
-78.48112,43.212166,155.1
-78.480546,43.21218,154.5
-78.480003,43.212222,153.4
-78.479264,43.212298,155.0
-78.478935,43.212356,155.4
-78.478666,43.212404,155.9
-78.478227,43.212529,155.7
-78.477775,43.212682,155.8
-78.476677,43.213014,156.1
-78.476733,43.213153,155.5
-78.47649,43.213214,155.9
-78.476325,43.21316,156.2
-78.474657,43.213624,155.7
-78.473857,43.213851,155.7
-78.473409,43.213984,155.2
-78.472988,43.21407,155.0
-78.472678,43.214123,155.8
-78.472314,43.214162,155.9
-78.466024,43.214828,156.2
-78.462756,43.215186,156.2
-78.462219,43.21527,156.0
-78.461859,43.215327,156.0
-78.461409,43.215425,156.0
-78.460999,43.215539,156.0
-78.460592,43.215676,156.0
-78.460023,43.215891,156.2
-78.459546,43.216127,156.9
-78.458537,43.216686,157.1
-78.457787,43.2171,157.0
-78.456116,43.218066,157.0
-78.45567,43.218303,156.9
-78.455181,43.218529,156.9
-78.454651,43.218742,156.9
-78.454086,43.218952,157.0
-78.453628,43.219093,157.1
-78.453126,43.219222,157.1
-78.452648,43.219321,157.1
-78.452282,43.219387,157.2
-78.451854,43.219443,157.2
-78.451247,43.219502,157.2
-78.450668,43.219516,157.1
-78.450142,43.219495,156.9
-78.449624,43.219453,157.0
-78.449275,43.2194,156.8
-78.448612,43.219259,156.4
-78.448144,43.219128,156.4
-78.447751,43.21896,156.4
-78.447358,43.218738,156.4
-78.446576,43.218218,156.4
-78.444386,43.216724,156.2
-78.441974,43.21509,155.9
-78.441341,43.214676,155.8
-78.441098,43.214534,156.1
-78.440877,43.214436,156.1
-78.440638,43.214327,156.1
-78.440327,43.214208,156.0
-78.439564,43.213983,156.5
-78.439176,43.213914,156.7
-78.438808,43.213875,156.8
-78.438024,43.21384,156.8
-78.437412,43.213881,155.5
-78.436969,43.213941,154.0
-78.436523,43.214024,153.3
-78.436205,43.214095,151.5
-78.43579,43.214223,153.4
-78.43515,43.214457,155.7
-78.434636,43.214667,156.1
-78.434062,43.214949,156.1
-78.432451,43.215733,156.1
-78.431114,43.216368,156.8
-78.42942,43.21718,154.3
-78.428866,43.217464,155.9
-78.428395,43.217718,155.7
-78.428015,43.217936,155.8
-78.427548,43.218254,156.0
-78.426421,43.21902,155.8
-78.425329,43.219785,155.6
-78.424652,43.220266,155.4
-78.423722,43.220906,155.6
-78.422958,43.221433,155.6
-78.422379,43.221798,155.2
-78.42208,43.221952,155.2
-78.421848,43.222053,155.4
-78.421444,43.222192,155.4
-78.420996,43.222325,160.1
-78.420619,43.222413,156.8
-78.420282,43.222459,155.8
-78.419965,43.222497,155.5
-78.416526,43.222598,154.3
-78.411919,43.222738,155.2
-78.409494,43.222808,155.5
-78.408624,43.222833,155.8
-78.408165,43.222868,155.7
-78.407707,43.222929,155.1
-78.40733,43.222998,155.3
-78.406724,43.223161,155.4
-78.401528,43.224817,155.0
-78.400836,43.225026,154.4
-78.400592,43.225091,154.2
-78.400013,43.225202,154.7
-78.399625,43.225268,154.8
-78.399073,43.225325,155.4
-78.397362,43.225401,156.5
-78.39623,43.225449,156.9
-78.393714,43.225564,155.7
-78.392922,43.225598,155.7
-78.392522,43.225624,155.3
-78.392394,43.225632,155.3
-78.392311,43.22566,155.3
-78.392206,43.225732,155.5
-78.392121,43.225806,156.3
-78.391844,43.225637,156.7
-78.39173,43.225633,156.7
-78.391722,43.225677,156.9
-78.391704,43.225703,157.0
-78.391661,43.225726,157.1
-78.391612,43.225738,157.1
-78.391567,43.225729,157.1
-78.391505,43.225694,157.0
-78.391459,43.22566,156.9
-78.391363,43.225641,156.8
-78.390451,43.225631,156.3
-78.389708,43.225635,155.5
-78.388494,43.225204,156.1
-78.387602,43.224306,156.6
-78.386008,43.22273,154.9
-78.385504,43.222233,155.1
-78.385115,43.222006,156.5
-78.384431,43.221899,156.8
-78.383491,43.221844,156.4
-78.383206,43.221892,156.4
-78.3819,43.222572,156.8
-78.381531,43.222978,157.9
-78.380616,43.224527,156.5
-78.380565,43.224601,156.3
-78.380122,43.226008,156.3
-78.379947,43.226509,156.3
-78.379839,43.226711,156.3
-78.379713,43.226878,156.3
-78.379512,43.227112,156.2
-78.3793,43.227316,156.2
-78.379082,43.22751,156.0
-78.378802,43.227719,156.0
-78.378596,43.227859,156.0
-78.378379,43.227991,156.1
-78.377958,43.228186,156.1
-78.377658,43.228301,156.1
-78.377376,43.228397,156.1
-78.374918,43.22912,156.1
-78.37374,43.229456,157.5
-78.373562,43.229534,157.9
-78.373379,43.229615,158.0
-78.371683,43.230106,158.1
-78.371545,43.230157,158.1
-78.371475,43.230201,158.2
-78.371432,43.230274,158.1
-78.371413,43.230404,157.9
-78.370936,43.230525,158.2
-78.370853,43.230539,158.3
-78.370807,43.231305,158.2
-78.370777,43.231325,158.2
-78.370715,43.231334,158.3
-78.370647,43.231329,158.3
-78.370557,43.231301,158.3
-78.370494,43.231204,158.3
-78.370422,43.230749,158.2
-78.370401,43.230636,158.1
-78.370382,43.230587,158.0
-78.370339,43.230557,157.8
-78.370275,43.230536,157.5
-78.370199,43.230547,157.3
-78.370141,43.230556,157.1
-78.369449,43.230744,156.5
-78.368705,43.230941,156.4
-78.366082,43.231707,156.3
-78.364898,43.232039,156.2
-78.363694,43.23239,155.3
-78.362746,43.232658,153.8
-78.362254,43.232817,154.8
-78.361752,43.232946,155.1
-78.361233,43.233067,155.2
-78.360505,43.23318,155.9
-78.359239,43.233347,156.1
-78.355222,43.233937,155.2
-78.349886,43.234717,154.9
-78.34766,43.234999,155.0
-78.346063,43.235154,155.1
-78.345485,43.235219,155.0
-78.343162,43.235489,151.4
-78.339976,43.235853,152.6
-78.339381,43.235931,152.8
-78.338902,43.236013,152.8
-78.338382,43.236116,151.5
-78.337852,43.23623,152.6
-78.337411,43.23635,152.8
-78.336985,43.236477,155.4
-78.334695,43.237248,155.4
-78.332752,43.237894,155.5
-78.331014,43.238466,155.7
-78.330098,43.238767,155.9
-78.328957,43.239135,155.7
-78.326372,43.239995,155.7
-78.325889,43.240153,155.6
-78.325349,43.240305,155.6
-78.325027,43.24038,155.6
-78.324755,43.240445,155.6
-78.324251,43.240559,155.6
-78.323688,43.240659,156.0
-78.323026,43.240754,155.9
-78.322149,43.240867,155.9
-78.320369,43.241094,156.2
-78.314961,43.241765,155.7
-78.314242,43.24185,155.8
-78.313788,43.241925,155.9
-78.313387,43.242021,155.6
-78.312832,43.242154,155.4
-78.312299,43.242303,155.1
-78.311009,43.242724,155.5
-78.310923,43.242769,155.4
-78.31085,43.242819,155.5
-78.310724,43.242938,155.6
-78.310679,43.242966,155.6
-78.310479,43.243014,155.3
-78.310081,43.243071,155.3
-78.309788,43.243144,155.6
-78.309645,43.243198,155.6
-78.309467,43.243268,155.7
-78.306629,43.244482,155.3
-78.30479,43.24527,155.1
-78.303585,43.245749,155.1
-78.303063,43.245918,155.3
-78.302424,43.24609,155.6
-78.30108,43.246449,155.5
-78.298784,43.247032,153.1
-78.297233,43.247423,152.7
-78.294586,43.24813,153.8
-78.294001,43.248277,154.5
-78.293504,43.248387,154.1
-78.292977,43.248466,154.3
-78.292595,43.248509,154.4
-78.292273,43.248525,154.0
-78.291795,43.248539,153.3
-78.290941,43.248504,153.1
-78.284805,43.24807,152.9
-78.282435,43.247891,152.2
-78.281217,43.247801,153.8
-78.280742,43.24778,153.4
-78.280231,43.247776,153.0
-78.279904,43.247793,152.1
-78.279521,43.247838,153.6
-78.279073,43.247927,155.0
-78.27857,43.248059,156.2
-78.278028,43.248246,156.2
-78.277132,43.248622,156.3
-78.276027,43.249095,155.9
-78.273229,43.250306,155.3
-78.272487,43.250622,155.3
-78.271828,43.25086,155.4
-78.271238,43.251043,155.3
-78.270432,43.251262,155.3
-78.269622,43.251414,155.3
-78.268852,43.251576,155.2
-78.268082,43.251684,155.3
-78.267385,43.251751,155.3
-78.266683,43.251783,155.2
-78.266015,43.251798,155.1
-78.263406,43.25177,155.2
-78.262157,43.251748,155.4
-78.258877,43.25173,155.4
-78.255317,43.25167,155.0
-78.254959,43.251692,155.1
-78.254534,43.251738,155.2
-78.25439,43.251769,155.2
-78.254269,43.251833,155.3
-78.254107,43.251969,155.3
-78.253989,43.25205,155.3
-78.253685,43.252112,155.3
-78.253387,43.252189,155.3
-78.253177,43.25226,155.3
-78.253074,43.252286,155.3
-78.252887,43.252287,155.3
-78.252477,43.252314,155.4
-78.250602,43.253007,155.8
-78.249035,43.253575,156.9
-78.248612,43.253709,157.2
-78.248271,43.253785,156.9
-78.247912,43.253845,155.5
-78.247291,43.253923,155.3
-78.246284,43.254035,154.7
-78.236893,43.255203,155.6
-78.232766,43.255719,155.0
-78.230317,43.256042,155.3
-78.227423,43.256397,155.2
-78.227039,43.256423,155.1
-78.226727,43.256428,155.1
-78.226404,43.256414,155.2
-78.225838,43.256362,155.2
-78.225439,43.256297,155.2
-78.225081,43.256223,155.2
-78.224658,43.256098,155.3
-78.224218,43.255958,155.2
-78.223787,43.255785,155.3
-78.223339,43.255576,155.3
-78.223005,43.255376,155.2
-78.222756,43.255193,155.2
-78.221771,43.254416,155.2
-78.219628,43.252559,155.0
-78.219138,43.252139,155.0
-78.21839,43.251582,155.0
-78.217872,43.25125,155.6
-78.217475,43.251025,155.8
-78.21695,43.250751,156.1
-78.216711,43.250655,156.2
-78.215897,43.25032,156.5
-78.214987,43.249851,156.2
-78.214884,43.249781,156.2
-78.214828,43.249703,156.1
-78.214777,43.249617,156.2
-78.214723,43.249573,156.2
-78.214643,43.249548,156.2
-78.214554,43.249539,156.1
-78.214423,43.249516,156.0
-78.213672,43.249107,155.3
-78.213111,43.24883,155.6
-78.212572,43.248587,155.9
-78.212296,43.24848,155.9
-78.211713,43.248299,155.8
-78.211112,43.248137,155.8
-78.210301,43.247962,155.9
-78.209707,43.247868,155.9
-78.208974,43.247782,156.0
-78.208477,43.247742,155.3
-78.208091,43.24773,155.4
-78.207768,43.247728,155.8
-78.20716,43.247749,155.8
-78.206526,43.247771,155.9
-78.205946,43.247821,155.9
-78.205232,43.247917,155.9
-78.204726,43.247996,156.1
-78.199584,43.248829,155.6
-78.198458,43.249013,155.6
-78.197601,43.24914,155.5
-78.19698,43.249222,155.5
-78.196307,43.249293,155.6
-78.19569,43.249333,155.8
-78.195663,43.249335,155.8
-78.19516,43.249353,155.8
-78.194758,43.24935,155.8
-78.194548,43.249309,155.9
-78.193763,43.249287,155.8
-78.193582,43.24935,155.6
-78.193065,43.249285,155.5
-78.192104,43.249103,155.6
-78.191209,43.248884,156.0
-78.190851,43.248803,156.0
-78.19074,43.248789,156.1
-78.190636,43.248782,156.0
-78.190502,43.248801,155.9
-78.190398,43.248778,155.9
-78.190372,43.248721,156.0
-78.190151,43.248667,156.0
-78.189794,43.2486,155.8
-78.188781,43.248351,155.7
-78.187695,43.248103,155.8
-78.187143,43.247997,154.1
-78.186806,43.247915,154.3
-78.186584,43.247864,154.3
-78.18629,43.247815,154.0
-78.185682,43.247729,153.4
-78.185001,43.247653,153.9
-78.184375,43.247625,154.7
-78.183932,43.247629,154.6
-78.183163,43.247636,156.4
-78.182509,43.247692,156.3
-78.181769,43.247793,156.2
-78.179353,43.248168,155.8
-78.178814,43.248236,155.6
-78.17857,43.24824,156.4
-78.178154,43.248243,155.6
-78.177788,43.248231,155.5
-78.17666,43.248158,155.6
-78.176121,43.24811,155.7
-78.175415,43.248049,155.8
-78.174803,43.247998,155.9
-78.174072,43.24795,155.8
-78.173424,43.247914,155.8
-78.172769,43.247917,155.7
-78.172026,43.247946,155.6
-78.171471,43.247988,155.6
-78.170875,43.248046,155.8
-78.170233,43.248129,155.8
-78.163803,43.249324,155.1
-78.163337,43.249378,154.9
-78.162716,43.249436,154.6
-78.162263,43.249445,154.4
-78.161519,43.249462,153.8
-78.161118,43.249458,153.8
-78.156899,43.24943,154.3
-78.153127,43.249393,155.8
-78.150147,43.249365,155.6
-78.149638,43.249373,156.1
-78.149174,43.24937,157.0
-78.148882,43.249362,155.5
-78.14857,43.249367,155.5
-78.147856,43.249356,155.4
-78.146883,43.249365,155.1
-78.144293,43.249378,155.2
-78.14067,43.249337,157.0
-78.13892,43.249328,156.6
-78.138607,43.249325,155.2
-78.138284,43.249322,156.3
-78.137921,43.249337,157.4
-78.13725,43.249355,155.8
-78.136415,43.249415,155.7
-78.135524,43.249514,156.3
-78.135493,43.249517,156.3
-78.1348,43.249608,156.2
-78.132983,43.249909,155.9
-78.129518,43.250473,155.0
-78.128099,43.250699,155.1
-78.124462,43.251281,155.3
-78.122411,43.251611,155.9
-78.121413,43.251748,156.1
-78.120381,43.251846,155.9
-78.119841,43.251852,155.7
-78.117491,43.25192,155.4
-78.116379,43.251966,155.6
-78.115637,43.252013,155.9
-78.115119,43.252065,155.6
-78.110084,43.252796,155.4
-78.106647,43.253323,155.9
-78.106405,43.25336,155.9
-78.10576,43.253457,155.3
-78.10391,43.253664,153.6
-78.102237,43.253831,155.7
-78.096045,43.254497,155.3
-78.095338,43.254555,155.5
-78.094627,43.254543,155.5
-78.093852,43.254504,154.9
-78.093437,43.254445,154.8
-78.092655,43.254289,152.1
-78.090956,43.25388,155.7
-78.090077,43.253646,153.3
-78.089408,43.253497,154.3
-78.08883,43.253423,154.1
-78.088353,43.25337,155.0
-78.087485,43.253378,152.3
-78.087202,43.25337,154.2
-78.08661,43.253415,153.3
-78.08611,43.253495,153.2
-78.083356,43.254149,154.3
-78.082563,43.25433,154.2
-78.081975,43.254421,154.4
-78.081577,43.254478,154.5
-78.081152,43.254523,155.7
-78.080742,43.254548,155.7
-78.08038,43.25457,155.7
-78.079931,43.254575,155.7
-78.079519,43.254552,155.7
-78.07911,43.254493,155.7
-78.078693,43.254403,155.4
-78.078099,43.254234,154.6
-78.077507,43.254006,153.8
-78.076505,43.253585,154.7
-78.075931,43.253345,155.0
-78.07545,43.253181,155.0
-78.075142,43.253098,155.1
-78.074796,43.253016,155.2
-78.073869,43.252873,155.0
-78.072864,43.252793,155.1
-78.072303,43.252789,155.0
-78.072017,43.252801,154.7
-78.071381,43.252876,152.6
-78.071135,43.252924,152.6
-78.07074,43.253018,152.7
-78.07037,43.25312,153.4
-78.069941,43.253278,154.8
-78.069415,43.253552,155.1
-78.0688,43.253833,155.6
-78.068152,43.254094,155.9
-78.067681,43.254254,155.8
-78.067223,43.254354,155.8
-78.067112,43.254391,155.9
-78.067017,43.254433,155.8
-78.06696,43.254479,155.8
-78.066899,43.254507,155.7
-78.066801,43.254517,155.8
-78.066547,43.254543,155.8
-78.066403,43.254577,155.8
-78.066306,43.254614,155.8
-78.066222,43.25462,155.8
-78.066154,43.254611,155.9
-78.066101,43.254593,155.9
-78.065606,43.254675,155.9
-78.065022,43.254797,155.8
-78.064503,43.254899,155.5
-78.063955,43.254986,155.2
-78.063525,43.255035,155.2
-78.063058,43.255059,155.4
-78.062647,43.255066,156.2
-78.062198,43.255044,155.6
-78.0618,43.255009,154.7
-78.061544,43.254978,155.3
-78.061212,43.254918,153.4
-78.060849,43.25484,153.7
-78.06047,43.254744,154.3
-78.060015,43.254615,155.6
-78.059555,43.25446,155.5
-78.05898,43.254255,158.2
-78.051068,43.251574,156.7
-78.047854,43.250506,156.1
-78.04743,43.250362,156.0
-78.046794,43.25012,157.0
-78.046119,43.249809,157.3
-78.045299,43.249336,156.3
-78.044595,43.248768,156.3
-78.043571,43.248019,156.1
-78.042976,43.247599,155.4
-78.041565,43.246547,155.7
-78.040361,43.245674,155.9
-78.039614,43.245115,155.8
-78.039129,43.24469,156.7
-78.038476,43.24394,155.7
-78.037291,43.24253,155.5
-78.036695,43.241869,155.8
-78.036262,43.241495,155.9
-78.035847,43.241208,156.1
-78.035327,43.240903,156.1
-78.034656,43.240587,156.1
-78.034198,43.240404,156.0
-78.033921,43.240283,156.1
-78.031122,43.239225,153.7
-78.030241,43.23887,153.9
-78.029015,43.238397,155.6
-78.027437,43.237789,156.1
-78.026812,43.237582,158.5
-78.02669,43.237504,158.0
-78.026613,43.237426,157.3
-78.026484,43.237357,156.9
-78.02637,43.237315,156.7
-78.026274,43.237309,156.6
-78.026179,43.237277,156.4
-78.025853,43.237111,156.2
-78.025276,43.236712,155.9
-78.02498,43.236458,155.8
-78.024728,43.236186,155.8
-78.024578,43.23598,155.7
-78.024448,43.235741,155.6
-78.024364,43.235547,155.5
-78.024222,43.235191,155.3
-78.024196,43.234911,155.5
-78.023979,43.233747,155.4
-78.023889,43.233132,155.4
-78.023798,43.232617,155.0
-78.023792,43.232351,154.8
-78.023736,43.232074,154.0
-78.023601,43.231727,154.5
-78.023466,43.23148,154.1
-78.023284,43.231109,155.1
-78.022896,43.230567,155.0
-78.022389,43.229949,155.1
-78.021934,43.22937,155.2
-78.021453,43.228784,155.8
-78.021179,43.228484,155.6
-78.020667,43.22803,152.5
-78.018967,43.226757,152.9
-78.018151,43.226199,152.8
-78.017709,43.225944,153.0
-78.017403,43.225817,151.7
-78.017038,43.225663,151.8
-78.016638,43.225502,152.6
-78.016023,43.22532,152.8
-78.015598,43.225199,152.7
-78.015441,43.225184,152.2
-78.015253,43.225154,152.6
-78.014958,43.225115,153.0
-78.0148,43.225064,154.2
-78.01437,43.225007,155.6
-78.012863,43.224839,156.1
-78.009288,43.224429,155.8
-78.006733,43.224131,155.2
-78.005298,43.223944,155.3
-78.004461,43.223859,155.3
-78.00321,43.223713,155.3
-78.002561,43.223639,155.2
-78.001775,43.223526,155.1
-78.001064,43.223371,155.3
-78.000359,43.223141,155.7
-77.997104,43.221856,158.7
-77.997057,43.221844,159.4
-77.996991,43.22183,160.0
-77.996923,43.221825,160.1
-77.996878,43.221822,159.5
-77.996809,43.221814,157.1
-77.996752,43.221802,154.7
-77.996705,43.22179,153.7
-77.996672,43.221774,153.2
-77.996622,43.221744,153.3
-77.996545,43.22168,154.0
-77.996492,43.221641,154.2
-77.996431,43.221605,154.6
-77.995421,43.221211,158.0
-77.993639,43.220514,157.9
-77.990738,43.219338,155.7
-77.990128,43.219078,154.1
-77.98948,43.218771,153.7
-77.989141,43.218582,153.7
-77.988883,43.218424,153.1
-77.986599,43.21685,154.6
-77.984827,43.215603,154.6
-77.984198,43.215164,153.7
-77.983558,43.214809,154.9
-77.983097,43.214603,154.3
-77.982649,43.214429,153.8
-77.982144,43.21427,153.5
-77.981645,43.214145,153.8
-77.981155,43.214045,153.9
-77.980558,43.213961,153.8
-77.980072,43.213913,154.9
-77.979571,43.213892,157.4
-77.975108,43.214038,155.1
-77.972702,43.214112,155.8
-77.964519,43.214371,155.9
-77.963032,43.214413,154.8
-77.960424,43.214496,157.0
-77.956158,43.214629,157.9
-77.955384,43.214652,157.3
-77.954959,43.214687,157.5
-77.954298,43.214681,157.7
-77.951097,43.214782,156.3
-77.949969,43.214816,157.7
-77.94927,43.214872,157.2
-77.948871,43.214924,157.2
-77.948532,43.214972,157.0
-77.947832,43.215115,157.3
-77.947424,43.215224,157.3
-77.943947,43.216292,156.8
-77.943417,43.21644,157.7
-77.942402,43.21675,156.7
-77.941884,43.2169,156.6
-77.94156,43.216981,156.7
-77.941305,43.217031,157.1
-77.940972,43.217084,157.0
-77.940656,43.217122,156.7
-77.940309,43.217146,156.9
-77.939939,43.217156,156.4
-77.939518,43.217148,156.0
-77.939084,43.217109,155.9
-77.938648,43.217041,156.3
-77.938281,43.216978,156.6
-77.937918,43.216896,156.1
-77.937654,43.216815,155.4
-77.937256,43.216646,155.4
-77.936755,43.216416,154.4
-77.935499,43.21571,155.0
-77.935403,43.215678,155.4
-77.93533,43.215668,155.3
-77.935284,43.215677,155.3
-77.935175,43.215592,155.6
-77.935076,43.215481,155.1
-77.934947,43.215393,155.1
-77.934745,43.215284,154.7
-77.934249,43.215045,154.7
-77.93383,43.214873,154.3
-77.933359,43.214725,153.5
-77.932838,43.21459,154.3
-77.932156,43.214486,154.0
-77.931702,43.214452,155.0
-77.93129,43.214447,155.0
-77.930921,43.214457,156.1
-77.930584,43.214488,155.6
-77.930124,43.214538,156.7
-77.929037,43.214771,156.1
-77.92825,43.214952,156.3
-77.927354,43.215153,156.1
-77.926704,43.215284,156.4
-77.926141,43.215375,157.0
-77.925618,43.215415,156.5
-77.925192,43.215433,155.8
-77.92477,43.215429,155.5
-77.924426,43.215415,155.0
-77.924071,43.215382,154.6
-77.923216,43.215299,154.5
-77.91507,43.214238,155.4
-77.911831,43.213838,154.5
-77.911216,43.213727,154.8
-77.910464,43.213573,155.5
-77.908929,43.213223,160.7
-77.905385,43.212405,157.5
-77.90472,43.212269,156.5
-77.904385,43.212215,157.0
-77.903985,43.212199,156.3
-77.903721,43.212159,157.2
-77.897492,43.212051,156.1
-77.896914,43.212028,155.2
-77.896508,43.212026,154.5
-77.895987,43.211958,155.5
-77.895527,43.211886,156.5
-77.895109,43.211792,157.0
-77.894985,43.21173,157.4
-77.894774,43.211678,158.5
-77.894596,43.211652,158.3
-77.894301,43.211576,157.6
-77.893974,43.211482,157.3
-77.893577,43.211347,157.1
-77.8931,43.211165,156.9
-77.892659,43.210963,157.0
-77.892253,43.210752,157.9
-77.891541,43.210346,158.1
-77.890923,43.209915,158.4
-77.890625,43.209652,158.3
-77.890295,43.209371,158.3
-77.889741,43.208806,157.8
-77.888676,43.207561,157.4
-77.888269,43.207047,157.5
-77.887708,43.206395,158.2
-77.887306,43.206011,158.2
-77.887033,43.205751,158.2
-77.886743,43.205537,158.3
-77.886199,43.205119,158.4
-77.885917,43.204876,158.1
-77.885335,43.204474,158.9
-77.884915,43.204261,159.0
-77.884225,43.20393,159.0
-77.883665,43.20373,158.9
-77.883065,43.203571,158.8
-77.882667,43.203496,158.4
-77.882188,43.203412,158.0
-77.881897,43.203389,157.9
-77.881247,43.203355,157.9
-77.880472,43.203351,157.8
-77.877863,43.20335,158.0
-77.876981,43.203348,157.8
-77.875815,43.203349,158.1
-77.875092,43.203318,157.8
-77.874461,43.203311,158.0
-77.8741,43.203311,157.7
-77.873718,43.203276,157.5
-77.873354,43.203196,157.6
-77.873043,43.203141,157.5
-77.872712,43.20307,157.5
-77.872547,43.203029,157.6
-77.872414,43.202997,157.6
-77.872137,43.202909,157.7
-77.871562,43.20272,157.8
-77.868907,43.201588,157.6
-77.868144,43.201241,158.1
-77.862209,43.198732,155.7
-77.861083,43.198252,155.6
-77.85984,43.197717,154.7
-77.85805,43.19696,151.9
-77.856873,43.196465,154.7
-77.856655,43.196392,155.0
-77.85641,43.196309,155.6
-77.856081,43.196218,155.6
-77.855458,43.196126,155.6
-77.854505,43.196018,155.9
-77.854029,43.195996,157.0
-77.853844,43.196027,156.1
-77.853722,43.196025,155.0
-77.853526,43.195962,154.6
-77.853366,43.195903,155.7
-77.853063,43.195858,156.3
-77.852645,43.195806,156.6
-77.851851,43.195826,156.2
-77.851299,43.195875,156.4
-77.850542,43.195985,157.1
-77.850108,43.196089,157.5
-77.849589,43.196299,157.9
-77.849108,43.196527,157.6
-77.848913,43.196732,158.1
-77.848851,43.196796,157.9
-77.848745,43.196831,157.6
-77.848632,43.19686,157.6
-77.848519,43.196899,157.2
-77.848331,43.197003,157.6
-77.846628,43.198283,157.3
-77.845278,43.199296,157.4
-77.844915,43.199546,156.9
-77.844621,43.19972,156.6
-77.844315,43.19987,156.5
-77.84402,43.199983,156.7
-77.843499,43.200184,156.2
-77.843032,43.200288,155.9
-77.842434,43.200389,155.4
-77.841716,43.200426,155.7
-77.84083,43.200419,156.7
-77.840006,43.200404,158.2
-77.839508,43.200357,157.8
-77.838757,43.200228,157.0
-77.838349,43.200138,156.9
-77.836846,43.199746,157.2
-77.835822,43.199436,157.2
-77.835014,43.199146,156.1
-77.834207,43.198811,156.1
-77.830243,43.197101,157.0
-77.829559,43.196825,156.9
-77.829003,43.196629,156.9
-77.828452,43.196478,156.5
-77.828117,43.196403,154.7
-77.827536,43.196304,155.1
-77.82712,43.196265,155.2
-77.82669,43.196251,156.0
-77.824187,43.196198,158.0
-77.822213,43.19611,157.8
-77.817724,43.19599,157.7
-77.814529,43.195894,157.6
-77.810815,43.195793,157.5
-77.804875,43.195618,158.0
-77.804652,43.195607,158.0
-77.804359,43.195556,158.2
-77.803945,43.195483,158.0
-77.80364,43.195407,157.8
-77.803321,43.195284,157.8
-77.803176,43.195222,157.7
-77.802933,43.195161,157.3
-77.802678,43.195063,157.0
-77.802036,43.194729,157.1
-77.80182,43.194605,157.1
-77.80139,43.194303,157.5
-77.800919,43.193989,157.8
-77.800056,43.193864,155.1
-77.800119,43.193709,156.0
-77.800083,43.193591,156.4
-77.799913,43.193405,156.4
-77.799834,43.193311,156.5
-77.799778,43.193208,156.8
-77.799671,43.193107,156.9
-77.799488,43.192961,157.0
-77.799323,43.192853,157.7
-77.799171,43.19276,157.7
-77.799073,43.192746,157.5
-77.798986,43.192702,157.4
-77.797863,43.19195,157.4
-77.796289,43.190909,156.6
-77.795617,43.190563,157.4
-77.79527,43.190438,157.6
-77.79497,43.190353,157.7
-77.794664,43.190265,157.9
-77.794232,43.190176,158.0
-77.793722,43.190113,158.0
-77.792431,43.190019,158.0
-77.791527,43.189954,157.9
-77.790762,43.189923,158.1
-77.790147,43.189925,157.9
-77.789658,43.189941,157.9
-77.789045,43.18999,158.1
-77.788081,43.190109,158.2
-77.786379,43.19038,158.0
-77.784868,43.190608,157.8
-77.784551,43.190653,158.0
-77.784006,43.190709,157.9
-77.782602,43.190784,157.8
-77.782217,43.190823,157.8
-77.781589,43.190926,157.8
-77.78046,43.191158,157.7
-77.778721,43.191513,157.8
-77.778365,43.191579,157.6
-77.778031,43.191629,157.3
-77.777752,43.191636,157.3
-77.777449,43.191618,157.3
-77.776378,43.191494,157.7
-77.775639,43.191412,158.2
-77.77529,43.191362,158.4
-77.773672,43.191122,157.4
-77.773379,43.191075,157.5
-77.772766,43.190994,157.5
-77.771643,43.190859,157.6
-77.770932,43.190759,157.2
-77.77038,43.190664,156.8
-77.769977,43.190553,156.6
-77.769613,43.190445,156.4
-77.76934,43.190335,156.2
-77.76888,43.190121,155.7
-77.768465,43.189889,155.3
-77.767617,43.189414,154.5
-77.766843,43.189053,153.8
-77.766119,43.188775,153.8
-77.765434,43.18853,154.2
-77.764748,43.188328,151.5
-77.764304,43.188218,153.6
-77.763908,43.188136,155.1
-77.763155,43.188004,157.7
-77.762451,43.187934,157.0
-77.756596,43.187518,156.0
-77.755844,43.187463,156.9
-77.755393,43.187462,156.9
-77.754813,43.187488,156.8
-77.754242,43.187569,156.3
-77.75374,43.187685,156.7
-77.753247,43.187759,156.6
-77.752484,43.187882,156.2
-77.751736,43.187988,156.5
-77.749386,43.188315,156.8
-77.747552,43.188563,156.8
-77.746367,43.188701,157.2
-77.745744,43.188782,157.5
-77.744661,43.188928,157.0
-77.743723,43.189077,157.3
-77.740472,43.189571,157.2
-77.74014,43.18962,157.0
-77.739761,43.189676,157.0
-77.739302,43.189733,157.1
-77.738866,43.189777,157.3
-77.737782,43.189897,157.4
-77.737431,43.189928,157.5
-77.736525,43.189929,157.9
-77.736172,43.189925,158.2
-77.73575,43.189891,158.0
-77.735416,43.189839,158.1
-77.735123,43.189787,158.0
-77.734835,43.189727,158.2
-77.734502,43.189656,158.1
-77.733965,43.189515,157.9
-77.733601,43.189407,157.1
-77.733196,43.189262,157.1
-77.732738,43.189081,157.6
-77.7325,43.188976,158.3
-77.732085,43.188751,159.6
-77.731815,43.18857,158.1
-77.731038,43.188017,158.1
-77.730815,43.187868,157.9
-77.730739,43.187832,157.9
-77.730675,43.187814,157.8
-77.730618,43.187798,157.8
-77.730494,43.187697,157.8
-77.730221,43.187449,157.6
-77.73005,43.187328,157.4
-77.729869,43.187224,157.2
-77.729723,43.187152,157.0
-77.729579,43.187097,156.7
-77.729503,43.18707,156.4
-77.729462,43.187033,156.5
-77.729431,43.186988,156.3
-77.729416,43.186914,156.3
-77.7294,43.186801,156.4
-77.729367,43.18671,156.6
-77.729318,43.186616,156.9
-77.729257,43.186538,157.1
-77.729162,43.186444,157.3
-77.729075,43.186357,157.4
-77.728308,43.185641,157.9
-77.727692,43.185139,157.9
-77.727013,43.184729,156.7
-77.726315,43.184385,155.6
-77.725901,43.184237,156.0
-77.725541,43.184135,156.2
-77.725117,43.184023,156.6
-77.724755,43.183957,156.9
-77.723277,43.183779,156.6
-77.722168,43.183646,156.5
-77.721238,43.18354,157.0
-77.720633,43.183496,157.0
-77.720006,43.183507,156.9
-77.717779,43.183634,156.8
-77.717165,43.183666,156.8
-77.71673,43.183711,157.7
-77.716326,43.183761,157.2
-77.715821,43.183851,157.2
-77.714277,43.184201,157.2
-77.713313,43.184424,157.4
-77.712807,43.184566,157.5
-77.71248,43.184669,157.5
-77.711908,43.184874,157.5
-77.711528,43.185034,157.6
-77.711444,43.185073,157.3
-77.711377,43.185096,157.0
-77.711326,43.185093,156.9
-77.711274,43.185081,156.9
-77.711204,43.185037,156.9
-77.711119,43.184927,157.1
-77.711077,43.184873,157.3
-77.711013,43.184842,157.5
-77.710931,43.18481,157.6
-77.710817,43.1848,157.7
-77.710589,43.184802,157.6
-77.710132,43.184775,156.0
-77.709513,43.184694,156.1
-77.708831,43.184585,156.0
-77.708273,43.184465,156.1
-77.702028,43.182972,158.0
-77.701999,43.182991,158.1
-77.701975,43.183102,158.6
-77.701946,43.183406,158.0
-77.70191,43.184062,153.6
-77.701819,43.184589,157.5
-77.701786,43.184658,158.0
-77.701737,43.184685,158.6
-77.701584,43.184702,159.2
-77.701629,43.182809,158.7
-77.701634,43.182571,158.7
-77.701634,43.182571,158.7
-77.701618,43.18107,159.1
-77.701753,43.181111,159.1
-77.701915,43.181183,159.1
-77.701982,43.182022,159.4
-77.701949,43.182387,156.2
-77.701838,43.182419,155.9
-77.701541,43.182373,157.4
-77.701365,43.182307,157.2
-77.701205,43.182203,156.9
-77.701014,43.182087,156.7
-77.700817,43.182002,156.7
-77.700474,43.181914,156.7
-77.700004,43.18176,156.8
-77.698894,43.181372,157.1
-77.698169,43.181069,158.1
-77.697775,43.180902,158.6
-77.697583,43.180794,158.5
-77.697424,43.180685,158.5
-77.697371,43.180649,158.6
-77.697304,43.180632,158.6
-77.697215,43.180632,158.5
-77.69711,43.18062,158.3
-77.696929,43.180607,156.7
-77.696825,43.18059,156.1
-77.696685,43.180541,156.2
-77.696313,43.180358,156.0
-77.694061,43.179166,155.9
-77.693495,43.178863,156.1
-77.692479,43.178291,156.6
-77.691366,43.177702,156.5
-77.690447,43.177213,156.3
-77.69032,43.177111,156.9
-77.690183,43.177028,157.0
-77.690042,43.176964,156.8
-77.689888,43.176902,156.5
-77.689713,43.176844,156.0
-77.689567,43.176773,156.0
-77.689365,43.176612,156.6
-77.688981,43.176392,156.6
-77.688263,43.176058,156.3
-77.687993,43.175923,156.0
-77.687675,43.175722,156.2
-77.687413,43.175604,156.2
-77.68711,43.175472,155.9
-77.685368,43.17447,156.0
-77.68461,43.174004,158.0
-77.684378,43.173855,158.4
-77.684201,43.173773,157.6
-77.68407,43.173713,157.6
-77.6839,43.173701,156.2
-77.68377,43.173686,156.0
-77.683647,43.173659,155.9
-77.683475,43.173603,155.9
-77.682945,43.173311,155.9
-77.682355,43.172838,156.5
-77.681861,43.172644,155.9
-77.681539,43.17247,156.1
-77.681058,43.172241,155.9
-77.680753,43.172072,155.9
-77.680525,43.171912,155.9
-77.680318,43.171752,155.9
-77.680083,43.171528,155.9
-77.679857,43.171275,156.4
-77.679705,43.171091,157.5
-77.679627,43.170946,159.1
-77.679604,43.170894,159.5
-77.679602,43.170846,160.1
-77.679614,43.170763,160.3
-77.679607,43.170718,160.3
-77.679569,43.170677,160.3
-77.679425,43.170557,160.3
-77.679324,43.170465,160.3
-77.67921,43.170318,160.3
-77.679111,43.170167,160.4
-77.678921,43.169938,160.7
-77.678669,43.169672,160.8
-77.678371,43.169426,159.4
-77.678296,43.169345,158.0
-77.678214,43.169235,158.5
-77.678125,43.169064,158.0
-77.677923,43.168675,159.0
-77.677855,43.168523,157.7
-77.677746,43.168139,160.8
-77.677614,43.167695,160.5
-77.677515,43.167424,159.3
-77.677446,43.16726,159.4
-77.677403,43.167107,159.9
-77.677378,43.16695,160.4
-77.67734,43.16682,161.3
-77.677277,43.166652,160.3
-77.677225,43.166552,159.1
-77.6771,43.166278,158.7
-77.677059,43.16614,157.5
-77.677049,43.166054,158.1
-77.67708,43.165918,160.6
-77.677073,43.165757,161.1
-77.677056,43.165603,161.6
-77.677033,43.165439,161.9
-77.676982,43.165211,161.8
-77.676927,43.165002,161.7
-77.676894,43.164842,161.3
-77.676921,43.164627,161.3
-77.676906,43.164534,161.3
-77.67688,43.164403,161.5
-77.676812,43.164239,162.5
-77.676713,43.164107,163.4
-77.676507,43.163845,164.6
-77.676413,43.163671,164.5
-77.676335,43.163526,163.7
-77.676194,43.163237,163.6
-77.676096,43.162987,162.0
-77.675949,43.162567,160.4
-77.675753,43.16208,158.8
-77.674729,43.158985,159.6
-77.674555,43.158446,159.2
-77.674551,43.158379,159.4
-77.674564,43.158304,160.0
-77.674613,43.158148,159.1
-77.674595,43.158081,157.9
-77.674547,43.158034,157.3
-77.674421,43.15798,156.5
-77.674295,43.157901,156.2
-77.674247,43.157853,156.0
-77.674162,43.157547,156.0
-77.673993,43.156977,156.4
-77.67389,43.156388,157.9
-77.67301,43.153662,158.7
-77.672877,43.153251,158.4
-77.672702,43.152756,157.7
-77.672432,43.151967,157.5
-77.672232,43.151344,157.3
-77.67215,43.151152,157.3
-77.672071,43.150985,156.7
-77.672031,43.150888,156.6
-77.671977,43.150694,157.0
-77.671951,43.150586,156.8
-77.67195,43.15044,157.7
-77.671986,43.150323,159.6
-77.672024,43.150251,160.5
-77.672061,43.150156,160.9
-77.672087,43.150058,161.6
-77.672089,43.149989,162.3
-77.672086,43.149926,163.8
-77.672083,43.149844,165.2
-77.67206,43.149773,165.6
-77.672021,43.149718,165.0
-77.671952,43.149667,163.6
-77.671842,43.149606,161.5
-77.671779,43.149562,160.9
-77.671724,43.149485,160.0
-77.67168,43.149418,159.7
-77.671641,43.149336,159.8
-77.671588,43.149191,159.5
-77.671551,43.149042,159.6
-77.671529,43.148892,160.5
-77.671538,43.148735,162.2
-77.671526,43.148585,164.5
-77.6715,43.148447,165.6
-77.671346,43.147978,165.3
-77.671304,43.147843,164.5
-77.671284,43.147739,164.3
-77.671305,43.147641,164.3
-77.671338,43.147569,164.2
-77.671407,43.147511,164.1
-77.671625,43.147442,164.5
-77.67198,43.147362,166.2
-77.672152,43.147306,166.3
-77.672227,43.147263,166.4
-77.672265,43.147209,166.6
-77.672282,43.14713,166.7
-77.672259,43.147067,166.8
-77.672211,43.147012,166.7
-77.671781,43.146673,166.4
-77.671559,43.146517,166.2
-77.671451,43.146472,166.2
-77.671257,43.146404,166.3
-77.671168,43.146361,166.2
-77.671103,43.146298,166.3
-77.671014,43.14612,166.4
-77.670829,43.145772,166.3
-77.670605,43.145432,166.5
-77.670527,43.145288,167.2
-77.670428,43.145024,167.9
-77.670264,43.144678,168.0
-77.670126,43.144434,167.9
-77.669976,43.144228,167.1
-77.669794,43.144003,166.8
-77.669669,43.143844,166.7
-77.66954,43.143725,166.6
-77.669377,43.143607,166.4
-77.669249,43.143494,166.0
-77.669073,43.143325,165.2
-77.668933,43.143167,164.6
-77.668772,43.143017,162.3
-77.668453,43.142732,160.9
-77.668208,43.14252,159.6
-77.668057,43.142351,159.2
-77.667845,43.142025,160.9
-77.667513,43.141624,160.0
-77.667127,43.141236,159.2
-77.666933,43.141008,159.5
-77.666772,43.140839,158.6
-77.666592,43.140607,158.9
-77.666371,43.140225,160.8
-77.666228,43.140011,162.5
-77.66611,43.139871,164.3
-77.666024,43.139787,163.5
-77.665975,43.139713,163.8
-77.665923,43.139579,165.0
-77.665891,43.139445,165.2
-77.665868,43.139385,165.3
-77.665758,43.139314,164.7
-77.665579,43.139208,162.7
-77.665395,43.1391,159.3
-77.665299,43.139027,158.1
-77.665219,43.13895,157.8
-77.665175,43.138872,158.1
-77.665102,43.138746,159.1
-77.665014,43.138591,159.9
-77.664935,43.13842,160.8
-77.664829,43.138239,161.5
-77.664622,43.137936,165.2
-77.664402,43.137643,163.9
-77.663555,43.136614,162.1
-77.663014,43.135955,165.6
-77.662256,43.135027,169.0
-77.661983,43.1347,162.1
-77.661336,43.133896,166.4
-77.661028,43.133532,160.7
-77.660833,43.133285,160.7
-77.660607,43.133035,160.9
-77.660506,43.132959,161.0
-77.660379,43.132864,161.4
-77.660278,43.132776,159.8
-77.660228,43.132691,160.6
-77.660169,43.132575,161.9
-77.660127,43.132472,162.3
-77.660097,43.132368,161.7
-77.660058,43.132301,161.5
-77.659993,43.132236,161.5
-77.659835,43.132119,162.3
-77.659612,43.131951,160.2
-77.659533,43.131886,159.5
-77.659484,43.131819,159.7
-77.65944,43.131749,160.1
-77.659398,43.131667,160.6
-77.659344,43.131556,160.8
-77.659301,43.131501,160.9
-77.659188,43.131414,160.1
-77.659007,43.131256,158.7
-77.658919,43.131154,158.1
-77.658854,43.13106,158.6
-77.658685,43.130836,159.0
-77.658609,43.130761,158.7
-77.658546,43.130714,158.0
-77.658452,43.130645,157.4
-77.658383,43.130561,157.3
-77.658318,43.130481,157.3
-77.658213,43.130316,157.8
-77.658134,43.130177,158.6
-77.658047,43.130002,160.4
-77.657974,43.129833,161.5
-77.657875,43.129703,161.9
-77.657666,43.129483,161.6
-77.657355,43.129156,162.9
-77.65702,43.128879,164.7
-77.656417,43.128431,162.7
-77.655961,43.128124,162.4
-77.655588,43.127865,164.2
-77.655138,43.127619,163.9
-77.654807,43.127455,162.6
-77.654589,43.127352,162.2
-77.654367,43.127233,161.2
-77.654335,43.127219,161.1
-77.654166,43.127087,164.8
-77.653679,43.126823,164.2
-77.653417,43.12666,166.6
-77.652985,43.126436,163.0
-77.65285,43.126379,162.2
-77.652679,43.126345,160.9
-77.652539,43.126318,160.4
-77.652446,43.126283,160.5
-77.652241,43.126173,160.5
-77.651958,43.126032,160.7
-77.651544,43.125816,161.5
-77.65131,43.125717,161.0
-77.650849,43.125498,160.5
-77.650441,43.125301,160.7
-77.650237,43.12519,160.7
-77.649915,43.124995,160.5
-77.649601,43.124829,159.8
-77.649324,43.124704,159.9
-77.649153,43.124656,160.2
-77.648997,43.124596,160.7
-77.648814,43.12451,160.7
-77.648536,43.12437,160.6
-77.648307,43.124267,160.4
-77.647819,43.124011,160.0
-77.647193,43.123632,160.6
-77.646818,43.123483,160.2
-77.646296,43.123262,158.4
-77.645957,43.123117,157.0
-77.64572,43.122976,156.6
-77.645497,43.122789,159.9
-77.645338,43.122669,160.5
-77.64533,43.122656,160.4
-77.645289,43.122595,161.2
-77.645266,43.122539,161.2
-77.645246,43.122427,161.2
-77.645244,43.122233,160.4
-77.645265,43.12218,160.4
-77.64536,43.122102,160.9
-77.645425,43.122056,161.0
-77.645464,43.122021,160.9
-77.645473,43.121983,160.8
-77.645476,43.121946,160.7
-77.645453,43.121894,160.5
-77.6454,43.121835,160.2
-77.64532,43.121777,159.3
-77.645154,43.121662,157.7
-77.645024,43.121562,157.3
-77.644955,43.121492,157.2
-77.644874,43.121404,156.9
-77.644547,43.121547,156.9
-77.644166,43.121743,156.9
-77.643821,43.12192,156.2
-77.64338,43.12217,156.1
-77.6432,43.122272,156.6
-77.643125,43.122304,156.7
-77.642988,43.122345,157.2
-77.642801,43.122383,158.6
-77.642474,43.12245,160.1
-77.642308,43.122488,160.2
-77.642197,43.122513,160.1
-77.642137,43.122548,160.1
-77.642094,43.122601,160.1
-77.642059,43.122644,160.2
-77.642023,43.122652,160.2
-77.641941,43.122657,160.1
-77.641297,43.122673,159.8
-77.640445,43.122666,159.7
-77.639841,43.12265,158.9
-77.639834,43.122361,156.2
-77.639824,43.122144,156.0
-77.639818,43.121866,156.0
-77.639777,43.121526,156.5
-77.639775,43.121481,156.9
-77.63981,43.121442,157.1
-77.639969,43.121337,157.8
-77.640054,43.121283,158.2
-77.640098,43.121229,158.4
-77.640131,43.121176,158.5
-77.640153,43.121093,158.4
-77.640145,43.121018,158.3
-77.640127,43.120959,158.2
-77.640078,43.120903,158.0
-77.640014,43.120841,157.8
-77.639888,43.120773,157.4
-77.63968,43.120687,157.0
-77.639481,43.120602,156.8
-77.639283,43.120501,156.9
-77.639125,43.120423,156.8
-77.638984,43.120351,156.8
-77.638843,43.120283,156.8
-77.638686,43.120219,156.8
-77.63849,43.120178,156.8
-77.638391,43.120139,156.8
-77.638338,43.120099,156.8
-77.638279,43.120026,156.8
-77.638206,43.119877,156.8
-77.63815,43.119785,156.8
-77.638071,43.119719,156.8
-77.637981,43.119661,156.8
-77.637856,43.1196,156.8
-77.63772,43.119547,156.8
-77.637636,43.1195,156.8
-77.637552,43.119446,156.8
-77.637456,43.11935,156.8
-77.637339,43.119267,156.8
-77.637276,43.119219,156.8
-77.637213,43.119187,156.8
-77.636589,43.118894,156.8
-77.636407,43.118789,156.9
-77.636283,43.118734,156.9
-77.636224,43.1187,157.0
-77.636159,43.11863,157.1
-77.63609,43.118575,157.1
-77.636007,43.11854,157.3
-77.635887,43.11849,157.5
-77.635834,43.118446,157.1
-77.635795,43.118383,156.8
-77.635742,43.118324,157.4
-77.635673,43.118277,158.4
-77.635255,43.118084,159.1
-77.635161,43.118045,159.7
-77.635062,43.117995,159.4
-77.634968,43.117971,160.1
-77.634834,43.117955,160.7
-77.634768,43.117945,161.0
-77.63459,43.117878,161.5
-77.634219,43.117768,161.7
-77.633909,43.117677,161.6
-77.633823,43.117644,161.7
-77.633307,43.117322,161.6
-77.63274,43.116994,160.4
-77.632567,43.116915,160.2
-77.632426,43.116851,159.9
-77.632342,43.116793,159.5
-77.632277,43.116712,159.2
-77.632195,43.116636,158.9
-77.632074,43.116518,158.7
-77.631912,43.116442,159.0
-77.631803,43.116415,159.5
-77.631694,43.116391,160.2
-77.631567,43.116341,160.1
-77.631428,43.116285,160.2
-77.630928,43.115924,158.9
-77.630827,43.115863,158.5
-77.628928,43.114908,158.9
-77.627964,43.114469,158.9
-77.627449,43.114264,158.9
-77.626959,43.114061,158.3
-77.626553,43.113905,158.0
-77.626257,43.1138,158.0
-77.625815,43.113645,158.0
-77.625482,43.113532,157.9
-77.624867,43.113343,159.1
-77.624341,43.113195,159.5
-77.623869,43.11305,160.0
-77.62348,43.112952,161.1
-77.623209,43.112866,161.3
-77.622976,43.112791,161.5
-77.622176,43.112537,161.1
-77.621866,43.112445,161.0
-77.621482,43.112322,160.5
-77.619546,43.111728,160.2
-77.619032,43.111568,159.8
-77.618551,43.111451,160.9
-77.618282,43.111401,162.0
-77.617944,43.111266,160.9
-77.617397,43.111057,159.4
-77.616681,43.110841,159.4
-77.616161,43.110658,158.6
-77.61572,43.110533,158.6
-77.615156,43.110392,159.5
-77.614717,43.110289,160.5
-77.614459,43.110254,161.3
-77.614304,43.110228,161.3
-77.614273,43.110219,161.4
-77.613703,43.110061,160.8
-77.612974,43.109789,159.3
-77.611936,43.109467,159.1
-77.611319,43.109283,158.2
-77.610342,43.108976,157.5
-77.609756,43.108785,157.3
-77.609316,43.108653,157.2
-77.609071,43.108553,157.1
-77.608946,43.108515,157.2
-77.608728,43.108452,157.2
-77.608527,43.10842,157.3
-77.608248,43.108355,157.3
-77.608046,43.108303,157.4
-77.607252,43.108066,157.4
-77.606837,43.107936,157.3
-77.606604,43.107882,157.4
-77.606434,43.107852,157.5
-77.60633,43.10782,157.4
-77.606222,43.107773,157.4
-77.606105,43.107709,157.3
-77.606011,43.107663,157.3
-77.605793,43.107593,157.7
-77.605575,43.10753,158.4
-77.60527,43.107451,158.5
-77.604949,43.107375,159.0
-77.604772,43.107319,160.1
-77.604492,43.107221,160.0
-77.604284,43.107154,159.6
-77.60404,43.107081,159.3
-77.603137,43.106786,158.4
-77.602675,43.106636,158.2
-77.602426,43.106558,158.3
-77.60185,43.106395,158.2
-77.601612,43.106333,158.7
-77.601476,43.106273,158.2
-77.60134,43.106201,158.1
-77.600966,43.106078,158.3
-77.599872,43.105746,157.7
-77.599239,43.10555,157.0
-77.597755,43.1051,156.5
-77.597334,43.104963,156.5
-77.596655,43.104761,156.6
-77.595457,43.104406,156.7
-77.594813,43.104199,156.8
-77.59372,43.103897,158.5
-77.593109,43.103735,158.2
-77.592265,43.103514,157.4
-77.591861,43.103414,156.7
-77.591592,43.103353,156.3
-77.591364,43.103294,156.2
-77.591069,43.103199,156.6
-77.590804,43.103111,157.0
-77.590482,43.10301,157.4
-77.590223,43.102937,157.6
-77.58999,43.102871,157.6
-77.589642,43.102774,156.9
-77.589352,43.102672,156.9
-77.589185,43.102612,157.1
-77.588945,43.102512,157.9
-77.588684,43.102387,158.6
-77.588475,43.102318,158.8
-77.588025,43.102184,158.4
-77.587471,43.102046,158.3
-77.587291,43.102013,157.9
-77.587057,43.101947,158.0
-77.586684,43.101828,158.0
-77.586253,43.101691,157.7
-77.585869,43.10158,156.9
-77.585564,43.101504,156.6
-77.585234,43.101455,156.0
-77.584811,43.101363,154.9
-77.584309,43.101251,154.1
-77.584007,43.101142,155.3
-77.583748,43.101072,155.5
-77.583459,43.101015,155.4
-77.583108,43.100944,155.2
-77.582937,43.100896,155.2
-77.58274,43.100825,155.8
-77.582448,43.100723,156.0
-77.582251,43.100656,156.2
-77.58192,43.100577,155.5
-77.581692,43.100515,155.0
-77.581489,43.100422,155.6
-77.581259,43.100322,156.1
-77.581087,43.100251,156.8
-77.580805,43.100118,157.4
-77.580699,43.100038,157.6
-77.580596,43.099941,157.5
-77.580486,43.099825,157.1
-77.580396,43.099778,156.9
-77.580271,43.099725,159.2
-77.579897,43.099602,160.0
-77.579509,43.099498,156.9
-77.579203,43.099415,155.8
-77.578726,43.099257,156.8
-77.577948,43.099019,155.5
-77.577408,43.098859,155.5
-77.576791,43.098667,156.0
-77.576283,43.098509,157.0
-77.574955,43.098104,156.7
-77.57441,43.097925,156.9
-77.574135,43.097844,156.9
-77.573882,43.097769,157.0
-77.572219,43.097325,157.0
-77.571618,43.097173,156.6
-77.571331,43.097081,156.6
-77.571089,43.096994,156.1
-77.570801,43.096861,155.7
-77.570508,43.096695,155.9
-77.570073,43.096472,156.1
-77.569624,43.096257,155.8
-77.569361,43.096151,155.6
-77.569145,43.096058,155.5
-77.569051,43.096034,155.3
-77.569018,43.09603,155.1
-77.568991,43.096033,154.8
-77.568961,43.096042,154.2
-77.56891,43.096058,153.3
-77.568738,43.096005,153.0
-77.568629,43.095964,153.2
-77.568582,43.095887,153.6
-77.56845,43.095772,151.8
-77.568348,43.095767,150.5
-77.568259,43.095851,150.1
-77.568102,43.095944,151.3
-77.567978,43.095967,151.4
-77.567947,43.095957,151.3
-77.5679,43.095951,151.3
-77.567752,43.095936,151.2
-77.567571,43.095902,151.1
-77.567359,43.095858,151.0
-77.567173,43.095806,151.1
-77.566851,43.095697,151.5
-77.566023,43.095366,150.9
-77.565622,43.095207,150.9
-77.56532,43.095078,150.8
-77.564756,43.094908,150.8
-77.564324,43.094767,149.9
-77.564042,43.094642,149.3
-77.563685,43.094552,149.2
-77.563455,43.094509,149.2
-77.563296,43.094474,149.2
-77.563169,43.094455,149.2
-77.562946,43.094396,149.3
-77.562348,43.094278,149.4
-77.561897,43.094164,149.3
-77.561588,43.094108,149.3
-77.560796,43.093988,149.3
-77.560289,43.093908,149.2
-77.560021,43.093872,149.1
-77.559708,43.093842,149.8
-77.559115,43.09375,150.9
-77.558213,43.093613,149.8
-77.557915,43.093578,149.2
-77.557636,43.093517,148.5
-77.557311,43.093445,148.3
-77.557073,43.093409,148.2
-77.556661,43.093351,148.9
-77.556074,43.093267,149.2
-77.555811,43.09322,148.7
-77.555542,43.093158,148.1
-77.555445,43.093146,148.1
-77.55511,43.093104,149.0
-77.554543,43.093008,149.8
-77.554183,43.092983,150.8
-77.553997,43.092946,150.9
-77.553781,43.092898,150.9
-77.553357,43.092809,151.3
-77.552764,43.092714,151.2
-77.552393,43.092658,150.1
-77.552234,43.092647,149.3
-77.552049,43.09264,148.4
-77.551864,43.092614,147.9
-77.551436,43.092537,147.9
-77.551008,43.092468,147.9
-77.55072,43.092429,147.9
-77.550519,43.092419,147.9
-77.550325,43.092416,147.9
-77.550166,43.092419,147.9
-77.550013,43.09243,147.9
-77.549784,43.092458,147.9
-77.549153,43.092543,147.9
-77.548709,43.092594,147.9
-77.548546,43.092605,147.9
-77.548428,43.092597,148.2
-77.548309,43.092581,148.9
-77.548138,43.092509,148.9
-77.547736,43.092331,147.7
-77.54743,43.09224,147.6
-77.546926,43.092056,146.7
-77.546822,43.092014,146.5
-77.54612,43.091763,145.3
-77.545846,43.091676,145.1
-77.54562,43.091617,144.7
-77.545297,43.091576,143.8
-77.544823,43.091505,143.1
-77.544625,43.091443,143.8
-77.544477,43.091382,144.7
-77.544302,43.091312,146.3
-77.544168,43.091243,147.1
-77.544101,43.091218,147.1
-77.544047,43.091209,146.9
-77.543998,43.091202,146.5
-77.543937,43.091211,145.5
-77.54387,43.091233,144.0
-77.543785,43.091267,142.2
-77.543679,43.091284,140.7
-77.543515,43.091292,140.1
-77.543081,43.09132,140.8
-77.542886,43.091321,141.4
-77.542717,43.091302,141.7
-77.542397,43.091245,141.7
-77.541552,43.091125,140.3
-77.540784,43.091003,142.2
-77.540115,43.090905,140.9
-77.539528,43.090821,139.0
-77.539285,43.090774,139.1
-77.539131,43.090759,139.1
-77.538998,43.090758,139.2
-77.538876,43.090779,139.8
-77.538748,43.090801,140.4
-77.538414,43.090879,141.1
-77.538201,43.090929,140.7
-77.538114,43.090935,140.5
-77.538017,43.090926,140.4
-77.537884,43.090891,140.3
-77.537472,43.090765,140.4
-77.537054,43.090668,141.4
-77.536673,43.090618,140.4
-77.536319,43.090596,139.9
-77.536021,43.090587,139.6
-77.535612,43.090596,139.1
-77.534436,43.090634,138.8
-77.532136,43.090696,139.5
-77.531578,43.090735,139.1
-77.531241,43.090761,139.0
-77.530956,43.090793,138.9
-77.530606,43.090876,140.1
-77.530374,43.090956,140.1
-77.530284,43.091011,140.1
-77.53023,43.091072,139.7
-77.530167,43.091164,138.6
-77.530039,43.091271,137.1
-77.529909,43.091368,136.1
-77.529249,43.091859,133.5
-77.529067,43.091935,133.6
-77.528603,43.092099,134.0
-77.52816,43.092266,134.6
-77.527423,43.092616,134.6
-77.526955,43.092856,135.0
-77.526845,43.092926,135.0
-77.526269,43.093252,136.1
-77.525717,43.093499,137.3
-77.525257,43.093655,138.2
-77.525031,43.093757,138.3
-77.524896,43.093835,138.2
-77.524718,43.093971,138.1
-77.524396,43.094205,138.4
-77.523955,43.094062,140.9
-77.52361,43.093893,142.2
-77.523487,43.093834,142.7
-77.523421,43.09374,142.2
-77.523372,43.093641,141.5
-77.523105,43.093473,141.2
-77.523016,43.093442,141.2
-77.522939,43.093428,141.2
-77.522868,43.093437,141.5
-77.522072,43.093631,141.5
-77.52147,43.093752,142.1
-77.52095,43.093866,142.1
-77.520341,43.094,142.0
-77.519483,43.094172,141.9
-77.518938,43.094248,141.1
-77.518637,43.094262,141.7
-77.518212,43.094268,141.9
-77.517827,43.09425,141.8
-77.51756,43.094222,141.9
-77.517219,43.094158,141.6
-77.516815,43.094036,144.1
-77.516561,43.09397,143.9
-77.51627,43.093864,142.3
-77.515843,43.093675,140.8
-77.515608,43.093564,140.4
-77.514998,43.093223,141.7
-77.514809,43.093071,141.9
-77.514713,43.092987,142.9
-77.514686,43.092927,143.3
-77.51465,43.092808,143.7
-77.514586,43.092742,144.0
-77.514481,43.092677,144.4
-77.514367,43.092645,144.8
-77.514213,43.09263,143.0
-77.514027,43.092604,141.7
-77.513897,43.092554,141.7
-77.513646,43.092413,141.5
-77.513123,43.092027,141.2
-77.512964,43.091899,140.5
-77.512796,43.09173,140.2
-77.512676,43.091624,140.2
-77.512612,43.091543,140.2
-77.512513,43.091388,140.2
-77.512454,43.091306,140.2
-77.512328,43.091158,140.2
-77.511951,43.090714,140.2
-77.511712,43.09046,140.5
-77.511407,43.090132,141.7
-77.51111,43.089772,142.0
-77.511088,43.089723,142.0
-77.511086,43.089671,141.9
-77.511053,43.089625,142.0
-77.510989,43.089537,142.2
-77.510885,43.089394,143.9
-77.51085,43.089285,144.6
-77.5108,43.089193,143.6
-77.510708,43.089071,142.6
-77.510606,43.088964,141.5
-77.510502,43.088907,141.6
-77.510434,43.088871,141.7
-77.510392,43.088845,141.9
-77.510366,43.088808,141.7
-77.510298,43.088682,141.5
-77.51019,43.088534,141.5
-77.510049,43.088357,141.4
-77.509496,43.087709,141.4
-77.5085,43.086458,140.3
-77.508153,43.086039,140.5
-77.508083,43.085958,140.3
-77.507901,43.085727,140.9
-77.507798,43.085619,141.1
-77.507687,43.085535,140.5
-77.507633,43.085461,140.4
-77.507596,43.085394,140.8
-77.507561,43.085327,141.1
-77.50744,43.085171,141.5
-77.507246,43.084918,141.8
-77.50661,43.08411,142.1
-77.506097,43.083468,142.8
-77.505887,43.083199,143.8
-77.505421,43.082684,142.3
-77.505245,43.082523,141.6
-77.505149,43.082427,141.1
-77.504742,43.082125,140.2
-77.50437,43.081861,140.2
-77.504107,43.081675,140.2
-77.503947,43.081587,140.1
-77.503816,43.081507,140.1
-77.503713,43.081433,140.2
-77.503452,43.081249,140.3
-77.503008,43.080898,142.4
-77.502834,43.080763,142.4
-77.502728,43.080672,142.4
-77.502563,43.080533,142.3
-77.502421,43.08042,142.3
-77.502205,43.08027,142.9
-77.502053,43.080188,139.2
-77.501419,43.079773,142.1
-77.501315,43.079678,142.4
-77.50111,43.079544,142.5
-77.5007,43.079283,142.4
-77.499769,43.078662,142.4
-77.499564,43.078538,142.2
-77.499485,43.078484,142.2
-77.499199,43.078359,142.4
-77.49897,43.07827,142.3
-77.49887,43.078212,142.2
-77.498807,43.078157,142.3
-77.498763,43.078091,142.4
-77.498681,43.077965,142.4
-77.498596,43.077892,142.3
-77.49839,43.077739,142.2
-77.497606,43.077212,142.2
-77.495877,43.07609,142.1
-77.494746,43.075345,142.2
-77.494404,43.075109,142.3
-77.494103,43.074887,142.4
-77.493955,43.074774,142.3
-77.493569,43.074478,142.1
-77.493352,43.074299,142.1
-77.493288,43.07424,142.1
-77.493165,43.074093,142.4
-77.492949,43.073812,141.4
-77.492822,43.07361,140.8
-77.492661,43.073286,140.6
-77.492579,43.07316,140.7
-77.492363,43.072887,140.7
-77.492048,43.072425,140.6
-77.490541,43.070353,140.3
-77.490473,43.070259,140.6
-77.490401,43.070187,140.7
-77.490342,43.070117,140.7
-77.490282,43.070036,140.7
-77.490194,43.069884,140.7
-77.489976,43.069543,137.7
-77.489565,43.068989,133.7
-77.488881,43.068036,133.9
-77.488464,43.067478,134.7
-77.4881,43.066954,137.7
-77.487743,43.06647,139.0
-77.487564,43.066226,139.6
-77.48738,43.065967,140.1
-77.487155,43.065732,140.1
-77.486931,43.065526,140.0
-77.486715,43.06534,139.9
-77.486414,43.065125,139.8
-77.486115,43.064941,139.5
-77.485846,43.064811,139.8
-77.485698,43.064751,139.9
-77.484606,43.064197,140.3
-77.48376,43.06378,139.4
-77.483369,43.063593,139.4
-77.482988,43.063414,137.4
-77.48269,43.06327,138.0
-77.482425,43.063171,138.3
-77.4821,43.063088,138.2
-77.481759,43.06302,138.2
-77.48145,43.062974,138.2
-77.481173,43.062943,138.4
-77.480814,43.062924,140.4
-77.479626,43.062925,140.7
-77.479201,43.062899,140.4
-77.478949,43.062886,140.5
-77.478749,43.062872,140.7
-77.478416,43.062864,141.0
-77.477776,43.062851,141.2
-77.477521,43.062876,141.2
-77.477179,43.062937,140.9
-77.476957,43.062974,141.1
-77.476564,43.063009,141.1
-77.47595,43.063135,141.0
-77.475458,43.063232,140.9
-77.475138,43.063299,140.7
-77.474914,43.063318,141.0
-77.474756,43.06333,140.9
-77.474547,43.06336,140.7
-77.474248,43.06343,141.0
-77.473859,43.063551,140.9
-77.473485,43.063687,140.9
-77.473083,43.063868,140.9
-77.472767,43.064029,140.9
-77.472582,43.064142,140.9
-77.472413,43.064258,141.1
-77.472235,43.064444,141.1
-77.472137,43.06453,141.2
-77.471954,43.064666,142.0
-77.471734,43.064794,141.0
-77.471507,43.064974,140.8
-77.471343,43.065129,140.8
-77.47119,43.065283,140.8
-77.471073,43.065422,140.8
-77.470946,43.065562,140.7
-77.470722,43.065856,140.7
-77.470547,43.066085,140.7
-77.469942,43.066942,140.8
-77.469465,43.067568,141.0
-77.46907,43.068192,141.2
-77.468796,43.068579,141.2
-77.468459,43.069001,141.2
-77.468022,43.06954,141.1
-77.46766,43.070019,141.0
-77.466518,43.071607,140.8
-77.466039,43.072227,140.9
-77.465398,43.073106,140.9
-77.464801,43.073908,141.0
-77.461438,43.07851,140.6
-77.461196,43.078853,142.5
-77.460876,43.079306,140.3
-77.460799,43.079413,140.5
-77.460367,43.080212,141.1
-77.460174,43.080676,140.8
-77.460076,43.08104,140.9
-77.460013,43.081276,140.8
-77.459933,43.081694,141.0
-77.459874,43.082146,140.9
-77.459729,43.08325,141.0
-77.459652,43.083556,140.8
-77.45953,43.083866,140.8
-77.459407,43.084135,140.8
-77.459201,43.08449,140.9
-77.459076,43.084697,140.9
-77.458934,43.084887,140.9
-77.458707,43.085141,140.9
-77.458429,43.085427,140.8
-77.458165,43.085668,140.6
-77.457875,43.085926,140.6
-77.45759,43.086184,140.5
-77.457426,43.086352,140.3
-77.457143,43.086642,140.6
-77.45687,43.086962,140.7
-77.456648,43.087278,140.9
-77.456456,43.087612,140.9
-77.456243,43.088033,140.8
-77.456078,43.088351,140.9
-77.456013,43.088525,140.9
-77.45593,43.088807,140.9
-77.45591,43.089106,140.9
-77.455873,43.089803,140.6
-77.455874,43.090487,140.8
-77.455869,43.090719,140.8
-77.455868,43.091426,140.6
-77.45582,43.092485,141.0
-77.455816,43.092945,140.9
-77.455802,43.09348,140.7
-77.455772,43.094393,141.0
-77.455751,43.096303,141.8
-77.455757,43.096694,140.9
-77.455834,43.097132,141.3
-77.455926,43.097567,140.6
-77.456036,43.098032,140.8
-77.456269,43.098959,141.0
-77.456342,43.099099,141.5
-77.45636,43.099166,141.5
-77.456432,43.099758,141.4
-77.456413,43.099817,141.2
-77.456368,43.099885,141.0
-77.45635,43.100247,141.1
-77.456333,43.100483,141.2
-77.456315,43.10057,141.3
-77.456313,43.100653,141.4
-77.456338,43.10088,141.9
-77.456257,43.10102,141.8
-77.456148,43.101227,141.8
-77.45607,43.101401,141.9
-77.455833,43.101685,141.7
-77.455599,43.101993,141.6
-77.454791,43.10277,142.0
-77.45453,43.102966,141.9
-77.454328,43.103116,141.9
-77.454209,43.103195,141.9
-77.454077,43.10326,141.9
-77.453624,43.103455,141.9
-77.453174,43.103622,141.9
-77.452803,43.103736,141.5
-77.452288,43.103873,141.6
-77.451461,43.104109,141.6
-77.450473,43.104372,141.7
-77.450011,43.104496,141.6
-77.449729,43.104565,141.5
-77.44916,43.104675,141.5
-77.4487,43.104732,141.6
-77.448288,43.104761,141.5
-77.447848,43.104754,141.3
-77.447535,43.104738,141.1
-77.447191,43.104702,140.6
-77.446792,43.104647,140.4
-77.446451,43.104572,140.4
-77.446044,43.104459,140.5
-77.445723,43.104352,140.5
-77.445391,43.104204,140.7
-77.445001,43.104005,140.8
-77.444688,43.103819,140.8
-77.444248,43.103514,140.9
-77.443792,43.103151,140.9
-77.443588,43.103013,140.9
-77.443308,43.102858,140.7
-77.443001,43.10268,140.6
-77.442706,43.102564,140.8
-77.442162,43.102387,140.6
-77.442096,43.102367,140.6
-77.442065,43.102351,140.6
-77.442047,43.102337,140.6
-77.442026,43.102326,140.7
-77.441128,43.102021,140.1
-77.441462,43.101592,141.0
-77.441463,43.101591,141.0
-77.441116,43.101442,141.0
-77.439057,43.100664,143.6
-77.43843,43.100422,141.6
-77.438114,43.100299,141.1
-77.43716,43.099911,141.5
-77.436931,43.099821,141.5
-77.43583,43.099247,141.7
-77.434759,43.098575,141.6
-77.433989,43.098078,141.7
-77.433777,43.097946,141.7
-77.433534,43.097778,141.6
-77.433061,43.097482,140.4
-77.432361,43.097025,141.6
-77.431498,43.096481,143.5
-77.431245,43.096321,141.5
-77.43103,43.096184,140.7
-77.430467,43.095791,141.0
-77.429812,43.095372,141.7
-77.429511,43.095165,141.8
-77.429043,43.094906,141.6
-77.428108,43.094406,141.7
-77.427044,43.093835,141.1
-77.426274,43.093432,141.2
-77.425687,43.093094,141.2
-77.424388,43.092406,140.4
-77.423247,43.091793,141.3
-77.422827,43.091592,140.6
-77.422494,43.091444,140.5
-77.42206,43.091291,140.5
-77.421542,43.091147,140.4
-77.421154,43.091066,140.5
-77.420686,43.090996,140.4
-77.42006,43.090928,140.7
-77.419284,43.090889,140.8
-77.418176,43.090857,140.7
-77.417426,43.090833,140.6
-77.416389,43.090814,140.6
-77.415312,43.090792,140.6
-77.413339,43.090738,140.6
-77.412478,43.09072,140.6
-77.411497,43.090704,140.6
-77.410983,43.090681,140.6
-77.410434,43.090652,140.4
-77.410005,43.090606,140.4
-77.409555,43.090545,140.9
-77.409124,43.090462,141.1
-77.408806,43.090374,141.2
-77.408483,43.090284,141.2
-77.408214,43.090198,141.1
-77.407254,43.089827,141.1
-77.406283,43.089442,141.2
-77.405134,43.088984,141.2
-77.404174,43.088609,141.4
-77.403055,43.088172,141.4
-77.40192,43.08773,141.3
-77.40171,43.087621,141.2
-77.401151,43.087388,141.2
-77.400879,43.087274,141.1
-77.399745,43.086883,141.2
-77.398516,43.086399,141.1
-77.396452,43.085583,141.0
-77.395656,43.085272,141.0
-77.395119,43.085059,141.0
-77.394078,43.08466,141.0
-77.393268,43.084332,141.0
-77.392433,43.084005,141.0
-77.391168,43.08352,140.9
-77.389505,43.082866,141.5
-77.38827,43.082387,140.9
-77.386827,43.081812,141.5
-77.385658,43.08136,140.9
-77.383676,43.080558,141.4
-77.382487,43.0801,141.5
-77.380695,43.0794,141.4
-77.379582,43.078959,141.6
-77.378561,43.078567,140.7
-77.376427,43.07772,140.8
-77.37465,43.077027,141.8
-77.372899,43.07633,142.9
-77.37219,43.076061,142.7
-77.371965,43.075973,142.7
-77.371798,43.07594,142.6
-77.371586,43.075918,142.5
-77.371414,43.075907,142.5
-77.371262,43.075866,142.4
-77.371079,43.075796,142.3
-77.370795,43.075667,142.1
-77.370423,43.075497,141.9
-77.370148,43.075392,141.7
-77.369279,43.075152,141.4
-77.369142,43.075129,141.4
-77.369001,43.075121,141.4
-77.368856,43.075142,141.4
-77.368722,43.075182,141.4
-77.368597,43.075203,141.5
-77.368431,43.075199,141.3
-77.368034,43.075192,141.3
-77.367325,43.075203,141.3
-77.366522,43.075235,141.2
-77.366231,43.075248,141.2
-77.365965,43.075276,141.1
-77.365636,43.075338,141.0
-77.365491,43.075359,141.0
-77.365175,43.075377,140.8
-77.365014,43.075391,140.7
-77.364855,43.075424,140.6
-77.364596,43.075477,140.5
-77.364361,43.075522,140.5
-77.364181,43.075541,140.5
-77.363453,43.075578,140.5
-77.363283,43.075607,140.5
-77.363019,43.075672,140.5
-77.362377,43.075821,140.6
-77.362193,43.075881,140.6
-77.361966,43.075992,140.8
-77.361822,43.076047,140.8
-77.361618,43.076102,140.7
-77.361383,43.076137,140.3
-77.361313,43.07614,140.2
-77.361243,43.076143,140.2
-77.361192,43.076122,140.2
-77.361185,43.076071,140.4
-77.361112,43.075584,142.5
-77.361011,43.075547,141.9
-77.360873,43.075576,141.1
-77.36031,43.075647,140.5
-77.359307,43.075763,140.4
-77.35844,43.07586,140.4
-77.356771,43.076077,140.4
-77.355409,43.076239,140.3
-77.353895,43.076418,140.4
-77.352206,43.076603,140.3
-77.349038,43.076986,140.3
-77.345842,43.077371,140.3
-77.343499,43.077648,140.3
-77.341888,43.077835,140.3
-77.340122,43.078053,140.3
-77.339145,43.078166,140.4
-77.3383,43.078279,140.4
-77.337129,43.078414,140.5
-77.336139,43.078532,140.5
-77.335249,43.078633,140.6
-77.334388,43.078733,140.5
-77.333858,43.078806,140.4
-77.333497,43.078828,140.5
-77.33337,43.07882,140.5
-77.333163,43.07879,140.6
-77.332911,43.078781,140.8
-77.332375,43.078811,140.7
-77.33161,43.078793,140.7
-77.330442,43.078754,140.9
-77.329135,43.078641,140.9
-77.327824,43.078531,140.8
-77.327112,43.078457,140.9
-77.326799,43.078431,140.8
-77.326543,43.078425,140.6
-77.326225,43.078378,140.5
-77.325679,43.078332,140.3
-77.324816,43.07822,140.2
-77.32323,43.077919,140.2
-77.322748,43.077805,140.2
-77.320731,43.07741,140.5
-77.32063,43.077393,140.5
-77.320187,43.077306,140.5
-77.319931,43.077249,140.3
-77.31978,43.077224,140.2
-77.316605,43.076602,140.1
-77.309338,43.075212,139.9
-77.307102,43.074769,140.1
-77.306412,43.074617,140.4
-77.306039,43.074546,140.2
-77.305596,43.074476,140.0
-77.304969,43.074346,140.3
-77.304354,43.074219,140.1
-77.30393,43.074135,140.2
-77.303741,43.074084,140.3
-77.303543,43.074006,140.3
-77.3033,43.07391,140.4
-77.303071,43.073836,140.5
-77.302971,43.073807,140.5
-77.302622,43.073728,140.5
-77.302329,43.073676,140.5
-77.301887,43.073613,140.4
-77.30119,43.073531,139.5
-77.301059,43.073523,139.4
-77.300988,43.073504,139.5
-77.300765,43.073429,138.9
-77.300671,43.073421,137.9
-77.300563,43.073416,137.3
-77.300488,43.073425,137.1
-77.300414,43.07344,137.1
-77.300308,43.073493,137.1
-77.300166,43.073558,137.0
-77.300096,43.073573,136.9
-77.300011,43.073575,136.9
-77.298769,43.073284,137.0
-77.297603,43.073068,137.2
-77.297495,43.073038,137.8
-77.297375,43.072969,137.5
-77.297289,43.072929,137.7
-77.297147,43.072877,137.4
-77.296993,43.072844,138.0
-77.296831,43.072832,138.8
-77.296718,43.072807,138.7
-77.2965,43.072742,138.7
-77.296351,43.07271,138.3
-77.296175,43.072697,138.3
-77.295954,43.072678,137.3
-77.295869,43.072655,137.2
-77.295807,43.072622,137.1
-77.295716,43.072562,137.0
-77.29563,43.07253,137.0
-77.295539,43.072517,137.0
-77.295385,43.072497,137.0
-77.29514,43.07245,137.1
-77.294957,43.072423,137.0
-77.294726,43.072404,137.1
-77.29458,43.072386,137.2
-77.294448,43.072347,137.2
-77.294329,43.07233,137.2
-77.294144,43.072303,137.3
-77.293818,43.072288,137.6
-77.293738,43.072272,137.6
-77.293604,43.072235,137.5
-77.293405,43.072155,137.3
-77.293161,43.072092,137.4
-77.292517,43.071947,138.6
-77.291418,43.07172,138.3
-77.290373,43.071537,138.0
-77.289364,43.071543,141.2
-77.289331,43.07154,141.3
-77.289293,43.07152,141.2
-77.289311,43.071463,140.9
-77.289372,43.071279,138.0
-77.289556,43.070792,138.8
-77.289584,43.070708,140.7
-77.289543,43.070691,140.7
-77.289491,43.070678,140.6
-77.288972,43.07069,138.2
-77.288799,43.070676,137.4
-77.288295,43.070586,137.4
-77.287788,43.070485,137.6
-77.287437,43.070413,138.2
-77.287061,43.070332,138.2
-77.286699,43.070299,137.1
-77.286254,43.070218,137.0
-77.285882,43.070121,137.0
-77.285438,43.070021,137.0
-77.285033,43.06995,137.0
-77.284824,43.069901,137.0
-77.284644,43.069858,137.0
-77.284414,43.069808,137.0
-77.284045,43.069723,137.1
-77.283847,43.069682,137.2
-77.283667,43.069634,137.5
-77.283299,43.069545,137.8
-77.28293,43.069449,138.0
-77.282726,43.069385,138.2
-77.282564,43.069326,138.4
-77.282443,43.069291,138.5
-77.282123,43.069184,138.8
-77.281923,43.069071,139.7
-77.281793,43.068995,140.2
-77.28166,43.068939,140.3
-77.281546,43.068904,140.3
-77.281461,43.068888,140.3
-77.281283,43.068875,139.5
-77.281207,43.068859,139.2
-77.281004,43.068794,138.5
-77.280629,43.068661,137.1
-77.280382,43.068566,137.1
-77.28022,43.068494,137.1
-77.280019,43.068385,137.1
-77.279943,43.068355,137.1
-77.279858,43.068333,137.0
-77.279764,43.068321,137.0
-77.279688,43.068309,137.0
-77.279617,43.068286,137.0
-77.279351,43.068168,137.0
-77.278859,43.067931,137.0
-77.278645,43.067825,137.0
-77.27853,43.067762,137.0
-77.278443,43.067688,137.0
-77.278337,43.067621,137.0
-77.278176,43.067566,137.0
-77.278014,43.067497,137.0
-77.27768,43.067336,137.0
-77.27737,43.067167,137.0
-77.27704,43.066985,137.0
-77.276776,43.066815,137.0
-77.276507,43.066641,137.0
-77.27619,43.066438,137.0
-77.275893,43.066248,136.5
-77.275498,43.065964,135.8
-77.275118,43.06569,135.7
-77.274554,43.065252,135.5
-77.273884,43.064736,134.2
-77.273205,43.064221,132.7
-77.272607,43.063769,132.7
-77.272115,43.063384,132.7
-77.271686,43.063049,132.7
-77.27144,43.062858,132.7
-77.271185,43.062664,132.7
-77.270872,43.06244,132.7
-77.270546,43.062244,132.7
-77.270174,43.062059,132.7
-77.26975,43.061872,132.7
-77.269508,43.061781,132.7
-77.26938,43.061735,132.7
-77.269144,43.061675,132.7
-77.268959,43.061606,132.7
-77.268812,43.061571,132.7
-77.268637,43.061533,132.7
-77.268236,43.061455,132.7
-77.267902,43.0614,132.7
-77.267613,43.06137,132.7
-77.267338,43.061343,132.7
-77.267046,43.061318,132.7
-77.266784,43.061302,132.7
-77.266324,43.061284,132.8
-77.266095,43.061292,132.8
-77.26581,43.061308,132.9
-77.265534,43.061337,133.1
-77.265195,43.061399,133.1
-77.264298,43.061608,133.2
-77.263623,43.061824,132.8
-77.263295,43.061923,132.8
-77.262747,43.062074,133.3
-77.262423,43.062168,134.2
-77.261375,43.062464,133.8
-77.259574,43.062976,134.1
-77.258732,43.063192,134.8
-77.258454,43.06326,135.5
-77.258203,43.063306,140.3
-77.258049,43.063333,141.6
-77.257933,43.063373,137.7
-77.257636,43.063472,135.8
-77.257341,43.06357,135.4
-77.257003,43.063687,134.8
-77.256591,43.063808,135.0
-77.256035,43.063967,133.2
-77.2554,43.064141,133.2
-77.25494,43.064263,133.2
-77.254616,43.064352,133.1
-77.254375,43.064418,133.0
-77.254175,43.064467,133.1
-77.253966,43.064505,133.1
-77.253766,43.064537,132.7
-77.253509,43.064569,132.7
-77.253327,43.064587,132.7
-77.253117,43.064601,132.8
-77.252901,43.064595,132.8
-77.252577,43.064571,132.7
-77.252304,43.064531,132.6
-77.252073,43.064491,132.6
-77.25187,43.064444,132.7
-77.251581,43.064364,132.7
-77.251122,43.064211,132.7
-77.250662,43.064062,133.3
-77.250128,43.063935,132.0
-77.249884,43.063885,132.5
-77.249677,43.063779,133.8
-77.248886,43.063524,134.3
-77.248691,43.06348,134.2
-77.248501,43.063457,134.2
-77.248374,43.06346,134.2
-77.248246,43.06348,134.1
-77.247934,43.063546,133.9
-77.247651,43.063613,133.9
-77.247691,43.063777,133.8
-77.247531,43.063809,133.7
-77.247498,43.063838,133.5
-77.247486,43.063882,133.4
-77.247499,43.06393,133.2
-77.247539,43.063964,133.0
-77.247685,43.064069,132.6
-77.247506,43.064146,132.3
-77.247156,43.064233,132.1
-77.247019,43.064278,131.9
-77.246959,43.064303,131.8
-77.246862,43.064325,131.8
-77.246746,43.06436,131.7
-77.246576,43.064382,131.7
-77.246398,43.064388,131.7
-77.246089,43.064379,131.8
-77.24579,43.064326,132.1
-77.245586,43.064285,132.3
-77.245325,43.06426,132.5
-77.245045,43.064263,132.5
-77.24459,43.06426,132.8
-77.24423,43.064317,132.8
-77.24389,43.064339,133.0
-77.243047,43.064321,133.5
-77.242571,43.064382,133.7
-77.240856,43.064621,133.7
-77.240321,43.064698,133.7
-77.239456,43.064818,133.9
-77.23909,43.06487,133.9
-77.238731,43.06494,133.9
-77.238358,43.065032,133.9
-77.238024,43.065127,133.9
-77.237364,43.065357,133.9
-77.236718,43.065569,133.9
-77.236136,43.065742,133.7
-77.235822,43.065818,133.7
-77.235763,43.065827,133.7
-77.235637,43.065844,133.7
-77.235345,43.065895,133.6
-77.233934,43.06597,136.9
-77.233615,43.065983,137.0
-77.23268,43.066037,134.4
-77.23166,43.066077,134.5
-77.231137,43.066091,134.2
-77.231025,43.066084,134.1
-77.23092,43.066067,134.1
-77.230824,43.066046,134.1
-77.230697,43.066005,134.2
-77.230595,43.065977,134.3
-77.230497,43.065964,134.2
-77.229762,43.065882,134.9
-77.229654,43.066527,134.0
-77.229582,43.066956,133.0
-77.229428,43.067666,130.9
-77.229332,43.068045,130.9
-77.229297,43.068045,130.9
-77.229245,43.068039,130.9
-77.229211,43.068013,130.9
-77.229194,43.06797,130.9
-77.229191,43.067862,130.9
-77.22918,43.067745,130.9
-77.229155,43.067676,130.9
-77.229121,43.067632,130.9
-77.22908,43.067598,130.9
-77.229035,43.067578,130.9
-77.228936,43.067545,130.9
-77.228764,43.067511,130.9
-77.228468,43.067455,130.9
-77.227936,43.067333,130.9
-77.227481,43.067184,130.9
-77.226552,43.066925,130.9
-77.225491,43.066613,130.9
-77.224008,43.0662,130.9
-77.22273,43.06583,130.9
-77.221629,43.065519,130.9
-77.221156,43.065389,130.9
-77.221031,43.065362,130.9
-77.220918,43.065343,130.9
-77.220757,43.065325,130.9
-77.220618,43.065299,130.9
-77.220358,43.06525,130.9
-77.219944,43.065141,130.9
-77.219826,43.065095,130.9
-77.219708,43.065036,130.9
-77.219586,43.064983,130.9
-77.219443,43.06494,130.9
-77.218675,43.064705,130.9
-77.21611,43.063987,130.9
-77.215213,43.063768,130.9
-77.214792,43.06364,130.9
-77.214402,43.063559,130.9
-77.213941,43.063483,130.9
-77.213734,43.06345,130.9
-77.213592,43.063427,130.9
-77.213336,43.063399,130.9
-77.213044,43.063386,130.9
-77.212752,43.063388,130.9
-77.209954,43.063371,130.9
-77.208279,43.063369,130.9
-77.205966,43.063361,130.9
-77.20503,43.063345,130.9
-77.203718,43.063349,130.9
-77.202341,43.063353,130.9
-77.201315,43.063344,130.9
-77.200722,43.063352,130.9
-77.199435,43.063347,130.9
-77.198346,43.06339,130.9
-77.19788,43.063421,130.9
-77.195926,43.063629,130.9
-77.195077,43.063745,130.9
-77.194242,43.063889,130.9
-77.193229,43.064118,130.9
-77.191994,43.064468,131.2
-77.191918,43.06452,131.3
-77.191872,43.064587,131.1
-77.191837,43.064697,130.3
-77.19186,43.064811,129.9
-77.191853,43.064892,129.9
-77.191613,43.065366,130.9
-77.191565,43.065455,130.9
-77.19153,43.065496,130.9
-77.191408,43.065532,130.9
-77.191285,43.065551,130.9
-77.190267,43.065742,130.9
-77.189509,43.065895,128.6
-77.189023,43.065968,130.9
-77.185873,43.066588,130.9
-77.185444,43.066663,130.9
-77.184963,43.066731,130.9
-77.184543,43.06678,130.9
-77.184056,43.066815,130.9
-77.183594,43.066827,130.8
-77.183187,43.066817,130.7
-77.182493,43.066796,130.5
-77.182037,43.066767,130.7
-77.18173,43.066712,131.6
-77.181463,43.066574,132.5
-77.181207,43.066513,132.3
-77.181129,43.066484,132.0
-77.180937,43.066452,131.7
-77.180731,43.066401,131.3
-77.180481,43.066338,131.0
-77.180168,43.066299,130.9
-77.180056,43.066275,130.9
-77.17987,43.066232,130.9
-77.179317,43.066023,130.9
-77.179053,43.065899,131.0
-77.178799,43.065807,131.5
-77.178532,43.065685,133.3
-77.178323,43.065597,134.1
-77.178146,43.065492,133.6
-77.177738,43.065266,131.7
-77.177328,43.065034,133.5
-77.177193,43.064929,133.8
-77.177042,43.064789,133.8
-77.176653,43.064435,133.9
-77.176262,43.064022,134.0
-77.175899,43.063565,134.1
-77.175585,43.063088,133.3
-77.175265,43.062563,132.9
-77.175039,43.062104,132.9
-77.174736,43.061543,134.2
-77.174066,43.060375,135.1
-77.173584,43.059549,136.2
-77.173352,43.059268,135.0
-77.173218,43.059235,135.3
-77.173088,43.059125,135.3
-77.172991,43.058953,135.4
-77.172844,43.058468,135.0
-77.172801,43.058366,135.0
-77.172328,43.057384,135.6
-77.172257,43.057137,134.8
-77.172182,43.056927,134.4
-77.171962,43.056607,134.5
-77.171442,43.055792,134.8
-77.171197,43.055554,135.9
-77.171157,43.055414,135.8
-77.17106,43.055249,136.0
-77.170938,43.055102,136.6
-77.170784,43.054981,137.5
-77.170557,43.054804,138.2
-77.170513,43.054576,137.6
-77.17032,43.054067,135.9
-77.170137,43.053783,134.6
-77.170036,43.053665,134.3
-77.17001,43.05349,133.2
-77.170008,43.053372,132.4
-77.169982,43.053238,132.3
-77.169841,43.052999,132.3
-77.168909,43.051361,132.2
-77.16875,43.051112,132.3
-77.168109,43.049932,134.1
-77.167318,43.048602,131.4
-77.166778,43.047665,131.2
-77.166629,43.047519,131.2
-77.166503,43.04744,131.3
-77.16639,43.046994,131.2
-77.166269,43.046699,131.1
-77.166145,43.046413,131.1
-77.166017,43.046177,131.0
-77.165807,43.045914,131.1
-77.165762,43.045777,131.0
-77.16567,43.045555,131.0
-77.165585,43.045368,130.9
-77.165439,43.045188,130.9
-77.165314,43.045028,130.9
-77.165176,43.044811,130.9
-77.165004,43.044631,130.9
-77.164848,43.044453,130.9
-77.164707,43.04431,130.9
-77.164528,43.044126,131.0
-77.164276,43.043873,131.1
-77.163982,43.043619,131.1
-77.163389,43.043181,131.4
-77.162761,43.042769,131.7
-77.162479,43.04259,131.7
-77.162053,43.042343,131.7
-77.161425,43.042053,132.0
-77.160885,43.041838,132.6
-77.160136,43.041569,132.3
-77.159031,43.041284,132.0
-77.158272,43.041136,131.7
-77.157505,43.041051,131.6
-77.156754,43.040988,131.6
-77.15589,43.040974,131.5
-77.154837,43.041049,131.9
-77.154481,43.04114,130.9
-77.154289,43.041167,130.9
-77.154036,43.041163,131.0
-77.153833,43.041168,131.0
-77.153472,43.041234,130.9
-77.152585,43.04145,130.9
-77.151397,43.041815,130.9
-77.149651,43.042334,130.9
-77.148707,43.042628,130.9
-77.147035,43.043116,130.9
-77.145926,43.043436,130.9
-77.145146,43.04369,130.9
-77.144406,43.043936,130.9
-77.143868,43.044145,130.9
-77.143325,43.044373,130.9
-77.142711,43.044661,130.9
-77.142253,43.044891,130.9
-77.141686,43.045207,130.9
-77.140836,43.045761,130.9
-77.140022,43.046329,130.9
-77.139815,43.046455,130.9
-77.139397,43.046731,130.9
-77.13866,43.047206,130.9
-77.137797,43.047812,131.0
-77.135942,43.049166,130.9
-77.135418,43.049504,130.9
-77.13431,43.050291,130.9
-77.133132,43.051094,130.9
-77.132494,43.051522,130.9
-77.132284,43.051666,130.9
-77.132002,43.051869,130.9
-77.131626,43.052093,132.8
-77.131435,43.052162,133.2
-77.131217,43.052265,133.7
-77.130984,43.052362,133.3
-77.130592,43.052498,131.0
-77.130328,43.052569,130.9
-77.130094,43.052633,130.9
-77.12964,43.052704,130.9
-77.129159,43.052757,130.8
-77.128827,43.052778,130.8
-77.128299,43.052762,130.8
-77.127725,43.052757,133.9
-77.127119,43.052698,132.4
-77.126669,43.052618,132.8
-77.126203,43.052482,133.9
-77.125896,43.052374,133.9
-77.125496,43.052207,134.3
-77.125084,43.052029,134.5
-77.124475,43.051686,132.7
-77.123343,43.051015,133.6
-77.122718,43.050621,132.5
-77.122143,43.050346,132.5
-77.121954,43.050256,132.2
-77.12177,43.050152,131.0
-77.121624,43.050051,129.3
-77.121427,43.049966,128.4
-77.121102,43.049859,128.0
-77.120768,43.049804,128.1
-77.120276,43.049747,128.6
-77.119986,43.049726,128.6
-77.119575,43.049733,129.7
-77.119197,43.049744,130.5
-77.118945,43.049768,131.1
-77.118458,43.049825,131.3
-77.117981,43.049866,129.5
-77.117744,43.049899,129.3
-77.117617,43.049905,128.9
-77.117317,43.049914,128.2
-77.117024,43.049958,128.3
-77.116736,43.04998,128.0
-77.116131,43.04998,127.7
-77.115842,43.049964,127.8
-77.115534,43.049949,128.1
-77.114878,43.049868,129.0
-77.114264,43.049769,131.1
-77.113862,43.04966,131.1
-77.108699,43.048397,133.2
-77.108547,43.048386,134.2
-77.10828,43.048428,136.8
-77.108177,43.048446,137.1
-77.108108,43.048452,137.1
-77.10805,43.048453,137.0
-77.108024,43.048449,137.0
-77.107997,43.04844,137.0
-77.107981,43.048427,137.0
-77.107933,43.048391,136.7
-77.107828,43.048318,136.3
-77.107743,43.048256,134.9
-77.107645,43.048186,133.5
-77.107619,43.048171,133.3
-77.107578,43.048153,133.1
-77.107515,43.048129,132.8
-77.107385,43.048097,132.8
-77.107177,43.048052,133.3
-77.107085,43.048032,133.3
-77.10701,43.048023,133.6
-77.106937,43.048017,134.0
-77.106892,43.048016,134.3
-77.10686,43.048008,134.4
-77.106824,43.047992,134.3
-77.106768,43.04795,133.5
-77.106693,43.047913,132.6
-77.106578,43.047881,132.6
-77.105641,43.047668,130.6
-77.105547,43.047655,130.8
-77.105445,43.047653,131.4
-77.105382,43.04765,131.8
-77.105334,43.047638,131.8
-77.105296,43.047621,131.4
-77.105263,43.047601,130.9
-77.105143,43.047539,129.5
-77.105082,43.047511,128.6
-77.105006,43.047494,128.5
-77.104805,43.047474,129.4
-77.104725,43.047464,129.6
-77.104701,43.047459,129.5
-77.104657,43.047445,129.3
-77.104583,43.047415,128.5
-77.104532,43.047399,128.3
-77.104481,43.047386,128.4
-77.104425,43.04738,128.6
-77.104384,43.047379,128.8
-77.104332,43.047378,129.0
-77.104295,43.047375,129.1
-77.104266,43.04737,129.0
-77.104208,43.047358,128.9
-77.104166,43.047352,128.9
-77.104128,43.04735,129.0
-77.104038,43.047352,129.6
-77.103912,43.047361,130.9
-77.103637,43.047403,134.2
-77.103557,43.047409,134.5
-77.103484,43.047404,134.5
-77.103408,43.047389,134.4
-77.103292,43.047363,134.2
-77.103191,43.047347,134.3
-77.103059,43.047332,134.2
-77.102926,43.047322,134.2
-77.102798,43.047319,134.4
-77.102698,43.047322,134.7
-77.102651,43.047327,134.9
-77.10259,43.04734,135.3
-77.10252,43.047364,136.0
-77.102409,43.047409,137.3
-77.102263,43.047475,138.1
-77.102148,43.047519,138.5
-77.102088,43.047536,138.4
-77.102038,43.047544,138.3
-77.101993,43.047545,138.2
-77.1019,43.047538,137.8
-77.101558,43.047505,136.5
-77.101313,43.047482,135.5
-77.101111,43.04747,134.9
-77.100745,43.047451,134.4
-77.099506,43.047421,133.9
-77.098979,43.047426,133.9
-77.098343,43.047451,133.9
-77.097977,43.047469,133.9
-77.097745,43.04748,133.9
-77.097519,43.047499,134.0
-77.097423,43.047506,134.0
-77.097372,43.047499,134.0
-77.097286,43.047487,134.0
-77.097135,43.047485,134.0
-77.096727,43.047495,133.9
-77.09587,43.047521,132.7
-77.095695,43.04752,132.4
-77.095623,43.04752,132.5
-77.095569,43.047511,132.6
-77.095514,43.047485,132.0
-77.095467,43.047462,131.3
-77.095391,43.047435,130.4
-77.095326,43.047431,130.3
-77.095272,43.047429,130.2
-77.095211,43.047436,130.5
-77.095151,43.047447,131.0
-77.095069,43.047483,132.8
-77.095062,43.047487,133.0
-77.094971,43.047535,133.2
-77.094885,43.047547,132.7
-77.094786,43.04756,132.2
-77.094621,43.047578,130.8
-77.092773,43.047757,134.5
-77.092791,43.047826,135.1
-77.092708,43.047867,135.0
-77.092599,43.047875,135.0
-77.092597,43.047923,135.0
-77.092587,43.048017,134.9
-77.092493,43.048015,134.9
-77.092446,43.048007,134.9
-77.092371,43.048006,134.9
-77.092292,43.048001,134.8
-77.092153,43.047995,134.7
-77.090861,43.04791,132.2
-77.090071,43.047849,131.6
-77.087304,43.047653,136.1
-77.087305,43.04754,137.1
-77.087239,43.047524,137.1
-77.083984,43.047271,133.9
-77.083897,43.047299,134.1
-77.083547,43.047283,134.1
-77.083502,43.04721,133.6
-77.08334,43.047127,132.0
-77.08311,43.047082,132.0
-77.082901,43.047015,131.7
-77.082208,43.046884,131.5
-77.08183,43.046821,130.2
-77.081627,43.046789,129.4
-77.081492,43.046779,129.1
-77.081377,43.046774,128.8
-77.081229,43.046795,128.6
-77.081046,43.046844,128.9
-77.08055,43.046914,127.8
-77.080228,43.04701,128.1
-77.080202,43.047135,128.6
-77.080202,43.047193,128.6
-77.07989,43.047201,128.1
-77.079446,43.047302,127.9
-77.079004,43.047444,127.8
-77.0788,43.047525,127.8
-77.078604,43.047637,127.8
-77.078396,43.047736,127.8
-77.078233,43.047813,127.8
-77.078067,43.047906,127.8
-77.077905,43.048012,127.8
-77.077756,43.048119,127.8
-77.077598,43.048256,127.8
-77.077405,43.048419,127.9
-77.076579,43.049432,128.6
-77.075903,43.050197,128.2
-77.075105,43.051212,125.4
-77.074376,43.052285,128.3
-77.073833,43.053033,133.7
-77.07319,43.05392,129.7
-77.072941,43.05418,137.5
-77.072742,43.054338,136.7
-77.072469,43.054524,134.4
-77.072325,43.054598,134.5
-77.072207,43.05466,134.7
-77.07188,43.054792,135.4
-77.071622,43.054868,135.9
-77.071377,43.05492,136.3
-77.071128,43.054958,136.6
-77.069699,43.055071,134.0
-77.069329,43.055101,133.4
-77.068986,43.055141,133.4
-77.068712,43.055185,133.9
-77.068421,43.055242,135.9
-77.068063,43.055302,136.0
-77.066844,43.05565,135.9
-77.06534,43.056152,135.1
-77.064288,43.056552,133.4
-77.063171,43.056958,133.0
-77.061334,43.057596,130.8
-77.060316,43.057943,130.8
-77.060107,43.058038,130.7
-77.05997,43.0581,130.7
-77.059848,43.058157,130.8
-77.05975,43.058218,131.4
-77.059534,43.058372,131.9
-77.0594,43.058501,131.9
-77.058236,43.059769,130.5
-77.057565,43.060389,133.2
-77.056969,43.060789,133.3
-77.056228,43.06121,130.8
-77.055488,43.061688,130.8
-77.055432,43.061635,130.0
-77.055312,43.061565,129.1
-77.055147,43.06152,128.2
-77.054924,43.061551,127.6
-77.054526,43.061758,127.9
-77.054012,43.062008,127.8
-77.051524,43.063146,127.8
-77.049717,43.063894,127.8
-77.048394,43.064469,127.8
-77.047949,43.064589,127.8
-77.047426,43.06478,127.7
-77.046992,43.064938,127.7
-77.04556,43.065597,127.8
-77.042685,43.066771,127.8
-77.04027,43.067799,127.8
-77.03893,43.068354,127.8
-77.037287,43.06902,127.8
-77.036347,43.069349,127.8
-77.03604,43.069434,127.8
-77.035966,43.069455,127.8
-77.035498,43.069543,127.8
-77.035075,43.069614,127.8
-77.034628,43.06963,127.8
-77.03406,43.069657,127.8
-77.033511,43.069671,127.8
-77.032531,43.069616,127.8
-77.031909,43.06955,127.8
-77.031308,43.069445,127.8
-77.030633,43.069313,127.7
-77.030108,43.069154,127.7
-77.029541,43.068987,127.6
-77.029085,43.068805,127.1
-77.028632,43.068608,125.4
-77.028298,43.068434,124.4
-77.027945,43.068245,124.3
-77.027564,43.068012,124.0
-77.027199,43.067771,123.8
-77.026968,43.06761,123.5
-77.026229,43.06696,124.1
-77.025369,43.066231,127.6
-77.024791,43.06571,127.8
-77.024436,43.065401,127.8
-77.024221,43.065214,127.8
-77.024134,43.065162,127.8
-77.023805,43.064977,127.8
-77.023633,43.064901,127.8
-77.022373,43.064387,127.8
-77.022241,43.064315,127.8
-77.022095,43.064227,127.8
-77.02158,43.063877,127.9
-77.021362,43.063745,128.0
-77.020922,43.063535,128.4
-77.02088,43.06353,128.5
-77.020842,43.063545,128.6
-77.020737,43.063605,129.0
-77.020696,43.063657,129.3
-77.020633,43.063741,129.9
-77.019582,43.063368,129.8
-77.019042,43.063188,130.2
-77.018772,43.063108,130.4
-77.018592,43.063068,130.4
-77.018292,43.063008,130.4
-77.017822,43.062988,129.8
-77.016622,43.063008,127.8
-77.016212,43.062998,127.3
-77.015692,43.063028,126.5
-77.015392,43.063058,125.8
-77.015162,43.063088,125.5
-77.014792,43.063148,125.1
-77.014492,43.063178,124.6
-77.014262,43.063218,124.5
-77.014002,43.063258,124.5
-77.013892,43.063278,124.5
-77.013712,43.063318,124.5
-77.013212,43.063428,124.5
-77.012812,43.063518,124.5
-77.012592,43.063548,124.5
-77.012472,43.063568,124.5
-77.012272,43.063578,124.5
-77.012012,43.063588,124.7
-77.011692,43.063588,125.2
-77.011272,43.063608,124.7
-77.010862,43.063618,124.7
-77.010542,43.063638,124.8
-77.009782,43.063678,125.6
-77.009042,43.063718,122.3
-77.008502,43.063758,121.8
-77.007842,43.063788,121.8
-77.006832,43.063828,123.1
-77.006562,43.063828,123.1
-77.006152,43.063848,123.0
-77.005792,43.063858,122.9
-77.005342,43.063868,122.7
-77.004582,43.063888,122.0
-77.003942,43.063918,121.5
-77.003842,43.063918,121.5
-77.003582,43.063928,120.7
-77.002832,43.063978,122.7
-77.002562,43.063998,124.7
-77.00254,43.06386,124.6
-77.002492,43.06383,124.9
-77.002092,43.063846,125.7
-77.002039,43.06377,125.6
-77.001947,43.063705,125.5
-77.001717,43.063607,125.6
-77.001132,43.063566,126.0
-77.000693,43.063505,126.1
-77.00023,43.063432,125.8
-76.999816,43.063346,123.8
-76.999346,43.063212,123.1
-76.998622,43.06306,123.9
-76.997161,43.062688,123.7
-76.996582,43.062499,122.9
-76.996541,43.06248,123.0
-76.996514,43.062462,122.9
-76.99648,43.062441,122.7
-76.996438,43.062427,123.0
-76.996384,43.062409,123.4
-76.996282,43.062383,124.3
-76.996169,43.06236,123.8
-76.996145,43.062353,123.6
-76.996112,43.06235,123.5
-76.996013,43.06234,123.2
-76.995996,43.062364,124.0
-76.995985,43.062403,125.2
-76.995971,43.062505,126.7
-76.995743,43.062904,129.7
-76.994786,43.062653,126.9
-76.993933,43.06241,126.0
-76.993179,43.062171,125.6
-76.991791,43.06174,122.9
-76.990528,43.061267,121.4
-76.990287,43.06125,120.5
-76.990049,43.061199,119.7
-76.989478,43.061187,119.6
-76.988898,43.061152,119.5
-76.987922,43.06111,119.5
-76.987389,43.061107,119.8
-76.98692,43.061091,119.9
-76.986498,43.061087,119.9
-76.98615,43.061086,120.2
-76.985903,43.061068,120.0
-76.98559,43.06105,120.0
-76.985287,43.061032,119.7
-76.985074,43.06102,119.4
-76.984808,43.060983,118.9
-76.984446,43.060951,118.8
-76.984175,43.060905,118.8
-76.983754,43.060789,118.7
-76.983142,43.060627,118.7
-76.982609,43.060456,118.7
-76.98237,43.060258,118.3
-76.981858,43.060189,118.8
-76.981741,43.059969,118.4
-76.981482,43.059988,118.9
-76.980961,43.060217,119.4
-76.980288,43.0605,119.9
-76.97936,43.060832,119.7
-76.979063,43.060914,118.9
-76.978711,43.06096,118.3
-76.978306,43.061005,121.5
-76.977509,43.061086,125.0
-76.976899,43.061201,124.5
-76.976527,43.06125,123.6
-76.976251,43.061279,123.0
-76.975818,43.061259,122.4
-76.975527,43.061177,122.2
-76.974701,43.060726,122.8
-76.974579,43.06062,123.0
-76.974272,43.060477,123.2
-76.973661,43.060227,123.6
-76.972717,43.05989,124.0
-76.971622,43.059474,124.5
-76.970088,43.058941,124.6
-76.968962,43.058518,125.8
-76.968157,43.058322,126.2
-76.967052,43.058345,126.9
-76.965764,43.058526,124.5
-76.964498,43.058816,124.5
-76.963286,43.059168,124.5
-76.96261,43.05956,122.8
-76.961854,43.060172,122.5
-76.961076,43.060885,121.2
-76.958973,43.062833,121.7
-76.958287,43.063464,121.8
-76.956951,43.064765,121.7
-76.956554,43.065185,121.7
-76.956275,43.065745,121.9
-76.956141,43.066266,121.9
-76.95613,43.066803,121.9
-76.956422,43.067812,121.7
-76.956779,43.068633,121.8
-76.957289,43.069593,121.6
-76.957584,43.070307,121.7
-76.958018,43.071361,121.9
-76.958222,43.071905,121.7
-76.958313,43.072387,121.5
-76.95826,43.072634,121.7
-76.958169,43.07303,121.6
-76.957916,43.073661,121.4
-76.957243,43.074358,121.5
-76.957073,43.074492,121.5
-76.956683,43.074758,121.4
-76.956432,43.074893,121.4
-76.956175,43.07501,121.4
-76.955845,43.075111,121.4
-76.954957,43.075284,121.4
-76.954303,43.075418,121.6
-76.953576,43.075534,121.6
-76.952644,43.075747,121.4
-76.951346,43.075948,121.3
-76.948502,43.07645,121.3
-76.947833,43.076597,118.6
-76.947491,43.076655,118.6
-76.946911,43.076777,118.6
-76.946131,43.076935,118.6
-76.94507,43.077109,118.6
-76.943459,43.07739,118.6
-76.941993,43.077666,118.5
-76.940643,43.077882,118.6
-76.939751,43.078046,118.6
-76.939078,43.078187,118.6
-76.938319,43.078295,118.5
-76.937564,43.0784,118.5
-76.937122,43.078427,118.5
-76.936506,43.078426,118.5
-76.935838,43.07836,118.8
-76.933931,43.07813,118.7
-76.931688,43.077834,118.7
-76.92955,43.077543,118.7
-76.928763,43.077467,118.7
-76.928298,43.077403,118.7
-76.9277,43.077377,118.7
-76.926941,43.077405,118.7
-76.926448,43.077485,118.7
-76.925634,43.077686,118.7
-76.924973,43.077864,118.7
-76.924175,43.078077,118.7
-76.923459,43.078277,118.7
-76.92223,43.078659,118.7
-76.922001,43.078758,118.7
-76.921767,43.078874,118.7
-76.921511,43.079006,118.7
-76.921221,43.079214,118.7
-76.920673,43.079622,118.7
-76.920337,43.080309,118.7
-76.920278,43.080632,118.7
-76.919924,43.081925,118.7
-76.91976,43.082264,118.7
-76.91955,43.082434,118.8
-76.918571,43.082969,118.8
-76.918559,43.08307,119.1
-76.918654,43.083151,119.5
-76.917109,43.08399,119.1
-76.915371,43.084914,118.9
-76.913612,43.086089,118.8
-76.912045,43.087061,118.8
-76.911575,43.087215,118.7
-76.910998,43.087468,118.8
-76.910743,43.087546,118.7
-76.910418,43.087661,118.7
-76.910013,43.087782,118.7
-76.909671,43.087869,118.7
-76.909051,43.087993,118.7
-76.907882,43.088174,118.7
-76.904977,43.088514,118.7
-76.901209,43.088942,119.4
-76.899557,43.089091,119.2
-76.897926,43.089271,119.1
-76.896141,43.089437,118.7
-76.894527,43.089576,118.7
-76.893282,43.089594,118.8
-76.892644,43.089518,118.8
-76.891332,43.089122,118.7
-76.890923,43.088963,118.8
-76.890452,43.088789,118.9
-76.889982,43.088615,119.0
-76.889506,43.088157,118.7
-76.886673,43.08688,118.7
-76.881606,43.08463,118.7
-76.880627,43.084276,118.7
-76.877746,43.083477,118.7
-76.876672,43.083186,118.7
-76.875654,43.082929,118.7
-76.875027,43.082818,118.7
-76.874095,43.082727,118.8
-76.873639,43.082714,119.5
-76.873268,43.082713,119.8
-76.872897,43.082762,120.0
-76.872298,43.082783,120.2
-76.87169,43.08276,120.2
-76.870825,43.082727,120.3
-76.870644,43.082783,120.5
-76.870409,43.082747,120.5
-76.870463,43.082672,120.4
-76.87252,43.079946,124.8
-76.872064,43.079903,125.9
-76.871801,43.080254,121.3
-76.871683,43.080346,120.8
-76.871526,43.080483,120.0
-76.871398,43.080554,119.6
-76.871229,43.080566,119.4
-76.87098,43.080564,119.1
-76.870751,43.080542,118.8
-76.870589,43.080512,118.6
-76.870466,43.080468,118.7
-76.870385,43.080434,118.9
-76.870267,43.080361,119.2
-76.87017,43.080304,119.3
-76.870051,43.080236,119.6
-76.869827,43.080152,119.8
-76.869427,43.079993,120.1
-76.869311,43.079947,120.1
-76.869147,43.079873,120.1
-76.868973,43.079816,120.1
-76.868812,43.079759,119.9
-76.868655,43.079747,119.6
-76.868434,43.079673,119.5
-76.868132,43.07949,119.5
-76.867736,43.079305,119.5
-76.867086,43.079004,119.4
-76.86692,43.078871,119.5
-76.866622,43.07868,119.5
-76.866351,43.078496,119.4
-76.866126,43.078361,119.3
-76.865919,43.07823,119.3
-76.865702,43.078061,119.3
-76.865616,43.077963,119.3
-76.865198,43.07755,119.3
-76.864682,43.077156,119.2
-76.864228,43.076765,119.2
-76.863951,43.07652,119.2
-76.863718,43.076316,119.2
-76.863497,43.076105,119.2
-76.863071,43.075772,119.2
-76.862733,43.075465,119.3
-76.86244,43.07517,119.4
-76.862202,43.074978,119.1
-76.862006,43.074805,118.8
-76.861853,43.074688,118.4
-76.861445,43.074347,118.7
-76.861239,43.074139,118.7
-76.861083,43.073988,118.7
-76.860676,43.073659,118.7
-76.860429,43.073432,118.7
-76.859946,43.073032,118.7
-76.859548,43.072686,118.8
-76.85931,43.072503,118.8
-76.858248,43.071588,118.7
-76.857956,43.071314,118.7
-76.857068,43.070532,118.9
-76.856762,43.070281,120.4
-76.856467,43.070015,122.1
-76.856263,43.069844,122.0
-76.855764,43.069386,122.0
-76.855343,43.069041,121.9
-76.854978,43.068757,121.9
-76.85467,43.068561,121.8
-76.854372,43.068371,121.8
-76.854093,43.068196,121.8
-76.853592,43.067934,121.8
-76.853315,43.067822,121.7
-76.853077,43.067703,121.8
-76.852774,43.067606,121.8
-76.85235,43.067438,121.8
-76.851935,43.067304,122.0
-76.851287,43.067057,122.4
-76.850483,43.066756,123.3
-76.848914,43.066158,124.1
-76.848388,43.065957,124.8
-76.847109,43.065484,124.8
-76.846374,43.06522,124.5
-76.845489,43.064887,121.7
-76.844688,43.064691,122.1
-76.844087,43.064584,122.7
-76.843441,43.064515,123.3
-76.84273,43.064517,123.3
-76.842182,43.064552,123.0
-76.841621,43.064624,117.4
-76.840511,43.064769,122.8
-76.839524,43.064881,122.5
-76.836648,43.06522,121.7
-76.833886,43.065549,121.7
-76.832353,43.065735,122.0
-76.832287,43.066686,123.4
-76.831021,43.066686,128.6
-76.82997,43.066842,126.4
-76.827609,43.067156,121.8
-76.826322,43.067313,121.8
-76.824734,43.067454,122.0
-76.822888,43.067563,122.3
-76.821451,43.067689,129.4
-76.81909,43.067963,121.5
-76.816623,43.068292,117.9
-76.815056,43.068465,121.9
-76.813737,43.068582,118.7
-76.812878,43.068598,118.5
-76.811827,43.068606,118.5
-76.811012,43.068598,118.6
-76.809821,43.068512,118.7
-76.808287,43.068418,118.5
-76.806613,43.068308,118.4
-76.805336,43.068214,118.5
-76.80422,43.068151,118.5
-76.803534,43.068167,118.5
-76.802654,43.068238,125.7
-76.801817,43.068426,137.3
-76.800905,43.068676,131.8
-76.799982,43.069013,132.0
-76.798877,43.069413,126.9
-76.798105,43.069648,125.7
-76.797118,43.069829,122.7
-76.795787,43.07004,120.3
-76.793642,43.070346,118.6
-76.792065,43.070557,121.9
-76.791217,43.070698,124.7
-76.789608,43.071192,120.8
-76.787451,43.071843,123.2
-76.785735,43.072391,118.6
-76.784726,43.072674,118.6
-76.783943,43.072838,118.6
-76.783084,43.072924,118.6
-76.782291,43.072963,118.6
-76.781572,43.072963,118.6
-76.780992,43.072893,118.6
-76.780381,43.072807,118.6
-76.77948,43.072626,118.6
-76.778428,43.072321,118.6
-76.777473,43.071945,121.3
-76.77669,43.071521,123.8
-76.775778,43.07091,126.2
-76.772828,43.068888,118.7
-76.771508,43.068034,118.5
-76.770779,43.067658,118.4
-76.770124,43.067414,119.0
-76.769362,43.067211,119.8
-76.768406,43.067071,121.0
-76.767561,43.067044,121.7
-76.766594,43.067085,121.7
-76.761241,43.067242,123.7
-76.760158,43.067282,127.0
-76.759095,43.06732,129.8
-76.75843,43.067281,131.9
-76.758108,43.067172,132.6
-76.757893,43.066936,132.2
-76.757882,43.066733,131.6
-76.757925,43.066443,130.6
-76.758419,43.065408,128.5
-76.75932,43.063417,134.1
-76.759524,43.062837,140.1
-76.759525,43.062776,140.3
-76.759565,43.062433,141.6
-76.759501,43.062022,142.4
-76.759417,43.061621,142.6
-76.758586,43.059063,138.8
-76.755483,43.048395,147.5
-76.755403,43.047958,148.6
-76.755312,43.047516,150.7
-76.755262,43.047257,151.1
-76.755086,43.046752,151.4
-76.754873,43.0463,150.6
-76.748435,43.033373,149.9
-76.748267,43.032905,148.4
-76.748067,43.032262,144.7
-76.747912,43.031738,142.0
-76.747722,43.031207,139.7
-76.747587,43.03068,137.6
-76.747476,43.030208,135.9
-76.747381,43.029718,134.6
-76.747285,43.029084,131.9
-76.74702,43.026067,127.0
-76.746076,43.024656,119.4
-76.745455,43.023875,117.2
-76.744181,43.022922,115.7
-76.743551,43.022689,115.7
-76.742571,43.022482,115.6
-76.735082,43.021302,115.6
-76.733422,43.021027,115.6
-76.731853,43.020796,115.6
-76.717164,43.018482,115.6
-76.715643,43.018203,115.7
-76.712333,43.017559,115.7
-76.709249,43.017019,119.3
-76.705136,43.016316,122.8
-76.704527,43.016263,122.1
-76.703248,43.016261,122.1
-76.702284,43.01627,118.5
-76.70161,43.016329,117.3
-76.695266,43.016934,117.1
-76.689362,43.017493,118.1
-76.688799,43.017547,118.3
-76.68734,43.017621,118.8
-76.687044,43.017603,118.8
-76.685563,43.017611,121.9
-76.683807,43.017603,121.1
-76.682807,43.017609,121.9
-76.681779,43.017717,118.7
-76.679529,43.018164,118.7
-76.676633,43.018745,118.9
-76.672982,43.019075,122.2
-76.67105,43.019279,130.4
-76.668994,43.019592,136.4
-76.666505,43.019953,134.7
-76.665413,43.020019,133.7
-76.662943,43.020078,131.0
-76.662143,43.020107,134.5
-76.661731,43.020142,137.0
-76.661088,43.020249,140.1
-76.660411,43.020424,140.8
-76.659611,43.020773,138.3
-76.658866,43.021177,139.2
-76.657471,43.021945,138.5
-76.656584,43.022287,137.7
-76.65436,43.022981,138.9
-76.652901,43.023436,133.4
-76.65157,43.023687,135.0
-76.649599,43.023999,131.9
-76.647644,43.024298,136.6
-76.646893,43.024416,141.0
-76.646334,43.024529,145.1
-76.645944,43.024647,150.2
-76.645605,43.024785,155.4
-76.645144,43.024973,154.7
-76.644702,43.025201,151.8
-76.64421,43.025538,153.6
-76.643738,43.025961,154.5
-76.643395,43.026338,154.4
-76.642966,43.027059,149.9
-76.642258,43.028267,144.6
-76.641967,43.028702,143.2
-76.641721,43.028973,140.4
-76.641185,43.029506,135.7
-76.640339,43.030138,137.3
-76.639392,43.030773,137.9
-76.638605,43.031387,135.3
-76.638512,43.031508,134.8
-76.637623,43.032455,130.5
-76.637198,43.033025,128.6
-76.637029,43.033285,128.4
-76.636535,43.034128,128.7
-76.636194,43.034607,126.7
-76.63595,43.034849,126.4
-76.63575,43.035023,127.5
-76.635477,43.0352,128.2
-76.635017,43.035398,129.2
-76.634619,43.035498,129.0
-76.634156,43.035593,128.8
-76.633768,43.035607,129.0
-76.631975,43.035699,128.1
-76.631426,43.035712,127.1
-76.629928,43.035547,126.3
-76.629211,43.035482,126.3
-76.627152,43.0352,118.9
-76.625428,43.034861,121.4
-76.623761,43.034604,124.0
-76.62043,43.037286,123.9
-76.620266,43.037275,123.2
-76.617281,43.038273,121.5
-76.616141,43.038654,121.4
-76.615343,43.038931,120.8
-76.61508,43.039011,120.5
-76.614819,43.039035,120.7
-76.614602,43.03906,120.6
-76.614458,43.039096,120.3
-76.614091,43.039109,120.4
-76.610171,43.039138,121.7
-76.60815,43.039167,122.0
-76.601983,43.039226,121.7
-76.600189,43.039253,121.6
-76.595241,43.039311,121.8
-76.593024,43.039351,121.6
-76.592839,43.039403,123.2
-76.592421,43.039435,122.4
-76.592253,43.039459,122.0
-76.592023,43.0395,121.9
-76.591775,43.039561,121.8
-76.582365,43.041766,121.7
-76.581653,43.041922,121.7
-76.581255,43.042023,121.7
-76.580358,43.042232,121.7
-76.579565,43.042416,121.7
-76.579091,43.042526,121.7
-76.578773,43.0426,121.7
-76.578014,43.042787,121.7
-76.577571,43.042878,121.5
-76.577239,43.042952,121.6
-76.577123,43.042992,121.7
-76.577023,43.043019,121.7
-76.576901,43.043062,121.7
-76.5766,43.04314,121.7
-76.576313,43.043191,121.7
-76.576006,43.043262,121.7
-76.575892,43.04326,121.7
-76.575659,43.043258,121.7
-76.575524,43.043256,121.7
-76.57552,43.043305,121.7
-76.575477,43.043333,121.7
-76.57538,43.043365,121.7
-76.575308,43.043411,121.7
-76.575266,43.043439,121.8
-76.575236,43.04348,121.8
-76.575173,43.043548,121.8
-76.575013,43.043542,121.7
-76.574258,43.043518,122.4
-76.573799,43.043523,122.7
-76.573552,43.043539,122.8
-76.573064,43.043574,123.1
-76.572552,43.043641,123.4
-76.572087,43.043732,123.5
-76.571826,43.043796,123.5
-76.571439,43.043899,123.5
-76.570924,43.044065,123.3
-76.570496,43.044242,123.0
-76.569581,43.044667,122.7
-76.566845,43.045969,122.6
-76.56619,43.046287,122.6
-76.565781,43.046511,123.0
-76.565452,43.046713,123.0
-76.565113,43.046958,122.9
-76.56484,43.047194,122.7
-76.564572,43.047463,122.8
-76.564382,43.047677,122.9
-76.564197,43.047903,123.3
-76.563986,43.048254,123.7
-76.56327,43.04949,123.7
-76.562694,43.050496,122.9
-76.562553,43.050733,122.6
-76.562416,43.050966,122.4
-76.562124,43.051329,122.2
-76.560143,43.053735,122.2
-76.559428,43.054605,122.3
-76.559203,43.054865,122.3
-76.55901,43.05502,122.3
-76.558798,43.055173,122.5
-76.558703,43.055232,122.5
-76.558557,43.055322,122.6
-76.558343,43.055429,122.9
-76.558067,43.055503,123.0
-76.557741,43.055605,123.3
-76.557597,43.055641,123.4
-76.557395,43.055663,123.8
-76.557122,43.055688,124.2
-76.556637,43.055698,125.4
-76.555574,43.055659,128.5
-76.554293,43.05569,129.5
-76.55282,43.055756,124.9
-76.552722,43.055758,124.9
-76.552732,43.055912,124.9
-76.552777,43.05641,123.4
-76.552946,43.058198,122.8
-76.553006,43.058617,122.2
-76.55307,43.058905,121.8
-76.55305,43.059011,121.9
-76.553001,43.059128,121.8
-76.552872,43.059218,121.7
-76.552299,43.059556,121.7
-76.551276,43.060116,121.8
-76.550972,43.060248,121.8
-76.550643,43.060362,121.8
-76.550474,43.060413,121.8
-76.550344,43.060448,121.8
-76.550157,43.060495,121.8
-76.549972,43.060528,121.8
-76.549152,43.060604,121.8
-76.545608,43.060786,121.7
-76.545313,43.060784,121.7
-76.5453,43.060725,121.7
-76.545174,43.060671,121.7
-76.545039,43.060666,121.7
-76.542564,43.060723,121.7
-76.540148,43.06085,121.7
-76.539803,43.06088,121.7
-76.539419,43.060933,121.7
-76.53914,43.060988,121.7
-76.538861,43.061052,121.7
-76.538577,43.06115,121.7
-76.538218,43.061275,121.7
-76.538102,43.061306,121.7
-76.537786,43.061447,121.7
-76.537505,43.061572,121.7
-76.532929,43.063213,121.7
-76.53183,43.063628,121.7
-76.531001,43.063934,121.9
-76.530607,43.064051,122.1
-76.53052,43.064074,122.2
-76.530426,43.064066,122.6
-76.530312,43.063944,123.9
-76.530017,43.064089,124.0
-76.529871,43.064154,123.9
-76.529728,43.064217,123.8
-76.529357,43.064338,123.6
-76.528893,43.06446,122.3
-76.527469,43.064779,121.7
-76.52541,43.065222,121.7
-76.524253,43.065456,122.1
-76.522955,43.06567,124.6
-76.522411,43.065714,124.7
-76.521929,43.06569,126.9
-76.521484,43.065679,123.6
-76.521024,43.065635,123.6
-76.52046,43.065543,123.7
-76.519191,43.065423,123.5
-76.517987,43.065231,123.0
-76.517754,43.065212,122.7
-76.517536,43.065194,122.5
-76.517085,43.065131,122.2
-76.516035,43.064991,122.3
-76.5142,43.064762,122.6
-76.51403,43.064756,122.6
-76.513925,43.064787,122.7
-76.513868,43.064827,122.8
-76.513822,43.064866,123.0
-76.513802,43.064969,123.3
-76.513767,43.065008,123.5
-76.51368,43.065031,123.5
-76.513465,43.065059,123.7
-76.512499,43.065188,123.6
-76.510671,43.065529,121.8
-76.508953,43.065856,121.8
-76.506325,43.066379,121.7
-76.503386,43.066915,121.7
-76.50256,43.06705,121.7
-76.502076,43.067125,121.8
-76.501667,43.067143,122.2
-76.501251,43.067135,121.8
-76.500697,43.067108,121.8
-76.499688,43.067106,121.8
-76.49671,43.067049,121.8
-76.492257,43.066915,121.7
-76.489578,43.066855,121.7
-76.48811,43.066815,121.7
-76.485899,43.066758,121.7
-76.484373,43.066726,121.7
-76.482932,43.066698,121.7
-76.482892,43.066688,121.7
-76.482822,43.066548,122.0
-76.482792,43.066498,122.4
-76.482772,43.066488,122.5
-76.482752,43.066488,122.5
-76.482732,43.066478,122.6
-76.482176,43.06666,121.7
-76.48122,43.066634,121.7
-76.479555,43.066586,121.7
-76.478245,43.066572,121.7
-76.477557,43.066561,124.7
-76.477131,43.066562,125.0
-76.476919,43.066546,124.9
-76.476375,43.066469,124.8
-76.475944,43.066389,124.7
-76.475409,43.066284,124.8
-76.474625,43.06605,124.8
-76.47427,43.065965,124.8
-76.474029,43.065947,124.9
-76.473847,43.065933,125.1
-76.473654,43.066011,125.3
-76.473557,43.06591,125.2
-76.473144,43.066035,124.7
-76.472896,43.066109,124.0
-76.472594,43.066201,123.0
-76.472286,43.066291,123.1
-76.472054,43.066388,123.7
-76.472069,43.066437,123.4
-76.47207,43.066515,123.1
-76.471857,43.066573,123.7
-76.471647,43.066609,124.3
-76.471275,43.066717,124.8
-76.470711,43.066924,125.0
-76.470274,43.067124,124.8
-76.469921,43.067296,124.8
-76.46969,43.067406,124.8
-76.469482,43.067477,124.8
-76.469338,43.067519,124.8
-76.468971,43.067608,124.8
-76.468287,43.067723,124.8
-76.467186,43.067867,125.3
-76.467065,43.067797,125.2
-76.466103,43.0679,124.8
-76.465032,43.068017,124.8
-76.464454,43.068091,124.8
-76.463698,43.068188,124.8
-76.460766,43.068542,124.8
-76.457222,43.068965,124.8
-76.454633,43.069268,124.8
-76.452617,43.069512,124.8
-76.450163,43.069809,124.8
-76.446478,43.070245,124.8
-76.445429,43.070381,124.8
-76.445016,43.070435,124.8
-76.444421,43.07049,124.8
-76.444123,43.070524,124.8
-76.443482,43.070583,124.8
-76.442753,43.07067,124.8
-76.442339,43.070726,124.8
-76.442001,43.070773,124.8
-76.441699,43.070833,124.8
-76.441188,43.070985,124.8
-76.440852,43.071086,124.9
-76.440126,43.071307,125.9
-76.439492,43.071457,125.3
-76.438441,43.071761,124.8
-76.438101,43.071857,124.8
-76.437913,43.071909,124.8
-76.437685,43.071974,124.8
-76.437524,43.072021,124.8
-76.437386,43.07206,124.8
-76.437257,43.072106,124.8
-76.43696,43.072178,124.8
-76.436788,43.07222,124.8
-76.43631,43.07236,124.8
-76.43509,43.072688,124.8
-76.43236,43.073449,124.8
-76.429044,43.074403,124.8
-76.427474,43.074832,124.8
-76.426373,43.075141,124.8
-76.425472,43.07539,124.8
-76.424729,43.075614,124.7
-76.423799,43.075866,124.8
-76.422643,43.07618,129.0
-76.421173,43.076588,124.9
-76.419953,43.076921,124.9
-76.419629,43.07702,124.9
-76.41946,43.077072,124.9
-76.419212,43.077193,124.9
-76.418754,43.077416,124.8
-76.417594,43.078068,125.2
-76.415892,43.079058,125.3
-76.414981,43.079588,125.4
-76.414161,43.080052,124.8
-76.41307,43.08067,124.8
-76.411715,43.081488,124.8
-76.410227,43.082369,125.0
-76.408977,43.08305,128.2
-76.408543,43.083341,128.5
-76.40803,43.083635,127.4
-76.407196,43.084127,125.2
-76.406401,43.084571,124.8
-76.406296,43.084639,124.6
-76.406193,43.084698,124.5
-76.406054,43.084742,124.3
-76.405758,43.084836,124.3
-76.405479,43.084899,124.3
-76.405182,43.084937,124.4
-76.404907,43.084962,124.3
-76.404598,43.084974,124.3
-76.403546,43.084996,124.4
-76.402798,43.085014,124.4
-76.401167,43.085042,124.5
-76.400437,43.085073,124.5
-76.399723,43.085073,124.5
-76.397064,43.085125,123.9
-76.396574,43.08516,123.9
-76.393154,43.085209,124.6
-76.390043,43.085299,125.2
-76.389059,43.085318,125.4
-76.386577,43.08537,125.5
-76.381963,43.085452,124.8
-76.381115,43.085462,124.8
-76.378887,43.085446,124.8
-76.376343,43.085434,124.8
-76.37556,43.08543,124.8
-76.374677,43.085427,124.8
-76.372337,43.085417,124.8
-76.371156,43.085412,124.8
-76.370776,43.08541,124.8
-76.37049,43.08541,124.8
-76.370132,43.085375,124.8
-76.369669,43.085316,124.8
-76.369205,43.085219,124.8
-76.367837,43.084953,124.8
-76.366269,43.084654,124.8
-76.364901,43.084414,124.8
-76.363856,43.084207,124.8
-76.362599,43.083973,124.8
-76.361512,43.083758,124.8
-76.360213,43.083489,124.8
-76.35882,43.083221,124.8
-76.357885,43.083041,124.8
-76.357735,43.083012,124.8
-76.357273,43.082923,124.8
-76.355541,43.082605,124.5
-76.354514,43.082428,124.8
-76.353333,43.082187,124.8
-76.352458,43.082003,124.8
-76.348613,43.081268,125.1
-76.346311,43.080832,125.1
-76.343915,43.080359,125.0
-76.342119,43.080024,124.9
-76.340933,43.079781,124.8
-76.33859,43.079324,124.8
-76.336642,43.078944,124.8
-76.335196,43.07867,124.8
-76.333347,43.078318,125.0
-76.333083,43.07827,125.1
-76.332773,43.07822,125.1
-76.332435,43.078162,125.1
-76.331995,43.078053,125.2
-76.331606,43.077965,125.1
-76.331538,43.077941,125.1
-76.331244,43.077837,125.1
-76.330749,43.077667,125.1
-76.329782,43.07728,125.0
-76.329233,43.077038,125.0
-76.328713,43.076757,125.0
-76.32819,43.076522,125.4
-76.327938,43.076371,125.4
-76.327622,43.076088,125.2
-76.327476,43.075976,125.2
-76.327313,43.075843,125.2
-76.327199,43.075733,125.1
-76.327066,43.075585,125.1
-76.326918,43.075423,125.1
-76.326661,43.075108,125.0
-76.326464,43.074794,124.8
-76.323737,43.071302,124.8
-76.321573,43.068572,124.9
-76.321117,43.067947,124.9
-76.320482,43.067134,124.9
-76.320233,43.066848,124.9
-76.31986,43.066359,124.9
-76.319446,43.065854,124.9
-76.318214,43.064269,124.9
-76.317658,43.06351,124.9
-76.316319,43.06181,124.9
-76.315951,43.061335,125.1
-76.314927,43.060073,125.7
-76.314445,43.059436,125.5
-76.313839,43.058671,125.5
-76.313426,43.058133,124.9
-76.313381,43.058075,124.9
-76.313294,43.057965,124.9
-76.312288,43.056666,124.8
-76.312204,43.056577,124.9
-76.312041,43.056392,124.8
-76.311797,43.056123,124.8
-76.311493,43.055831,124.8
-76.311001,43.055459,124.8
-76.310666,43.055247,124.8
-76.310384,43.055068,124.8
-76.310028,43.054878,124.8
-76.309663,43.054716,124.8
-76.309215,43.054541,124.9
-76.308749,43.054372,124.9
-76.305623,43.053271,124.9
-76.304163,43.052765,124.9
-76.303755,43.052639,124.9
-76.303058,43.052464,124.9
-76.302418,43.052296,124.7
-76.301878,43.052186,124.7
-76.301362,43.052107,124.7
-76.300794,43.052036,124.7
-76.300021,43.051985,124.7
-76.299373,43.051988,124.7
-76.29904,43.052009,124.6
-76.298477,43.052085,124.7
-76.298009,43.052158,124.7
-76.297601,43.052226,124.6
-76.2972,43.052321,124.6
-76.296776,43.052446,124.4
-76.295459,43.052889,123.3
-76.294292,43.053288,123.0
-76.293689,43.053496,122.9
-76.293382,43.05363,122.9
-76.293087,43.053769,122.9
-76.29274,43.05397,123.1
-76.291956,43.054442,123.4
-76.290727,43.055236,122.8
-76.290451,43.055423,122.7
-76.290256,43.055605,123.4
-76.290093,43.055767,124.0
-76.289729,43.056134,124.8
-76.287949,43.05792,124.0
-76.287508,43.058336,122.9
-76.28729,43.058544,123.6
-76.287068,43.058673,123.4
-76.28692,43.058742,123.2
-76.286743,43.058813,122.9
-76.286594,43.058878,122.8
-76.286146,43.059008,121.8
-76.285942,43.05902,121.7
-76.285415,43.059148,121.7
-76.285286,43.059203,121.7
-76.285166,43.05925,121.7
-76.285009,43.059291,121.8
-76.283348,43.059699,122.1
-76.281863,43.060067,122.5
-76.280346,43.060465,123.0
-76.2782,43.061008,124.8
-76.274694,43.061891,124.8
-76.272671,43.062398,125.7
-76.270903,43.062846,124.8
-76.269777,43.063129,124.8
-76.268656,43.063417,125.1
-76.266853,43.063839,124.8
-76.266294,43.063925,124.6
-76.266199,43.063869,124.4
-76.266056,43.06388,124.1
-76.265886,43.06397,123.9
-76.265752,43.064058,123.9
-76.26514,43.064428,123.8
-76.265054,43.064402,123.9
-76.264374,43.062962,130.6
-76.261081,43.063762,142.0
-76.260695,43.064098,140.8
-76.260019,43.064193,142.8
-76.258308,43.064683,135.5
-76.257037,43.064844,136.4
-76.25473,43.065657,141.1
-76.252896,43.066371,138.9
-76.252401,43.065838,148.8
-76.251419,43.064322,152.5
-76.250093,43.063446,150.2
-76.248657,43.063894,147.6
-76.247616,43.063796,143.9
-76.245797,43.063419,141.4
-76.244784,43.063331,149.0
-76.24377,43.063412,146.0
-76.243038,43.063571,141.1
-76.242135,43.063863,136.1
-76.241813,43.065653,130.1
-76.24097,43.065992,133.9
-76.2409,43.066524,133.1
-76.240905,43.067057,130.2
-76.241237,43.069327,123.2
-76.23756,43.069661,123.7
-76.237133,43.069669,123.1
-76.236879,43.069644,123.0
-76.236632,43.069618,122.7
-76.236507,43.069584,122.5
-76.235847,43.069426,121.8
-76.234956,43.069204,122.5
-76.23407,43.068957,124.1
-76.234069,43.068669,125.0
-76.228974,43.066984,121.8
-76.225286,43.065821,121.9
-76.222003,43.064921,122.2
-76.221064,43.064711,121.9
-76.220677,43.064569,121.7
-76.220409,43.06439,121.6
-76.220496,43.06418,121.6
-76.220738,43.063677,123.6
-76.220593,43.06366,123.6
-76.219906,43.063582,124.5
-76.218683,43.063386,124.0
-76.217514,43.063237,124.0
-76.216848,43.06327,124.4
-76.217074,43.065204,118.5
-76.217406,43.067399,117.7
-76.217395,43.067773,118.6
-76.217327,43.06809,118.2
-76.217124,43.068535,117.1
-76.216967,43.068775,117.0
-76.216721,43.069035,117.0
-76.216323,43.069413,117.8
-76.215336,43.069883,118.3
-76.214244,43.07047,116.1
-76.213896,43.070744,115.8
-76.213696,43.071004,115.7
-76.213674,43.071043,115.6
-76.213479,43.071475,115.2
-76.213479,43.071475,115.2
-76.213235,43.072363,114.1
-76.213328,43.072704,113.9
-76.2139,43.072962,113.9
-76.214299,43.072801,114.1
-76.214464,43.072922,114.1
-76.214377,43.073098,114.1
-76.214467,43.073142,114.5
-76.214862,43.073364,114.6
-76.215114,43.073501,114.7
-76.214964,43.073625,114.7
-76.214231,43.074421,115.0
-76.213855,43.074265,115.1
-76.213405,43.074257,115.4
-76.212664,43.074327,112.9
-76.211237,43.075464,126.1
-76.211196,43.075483,126.2
-76.211117,43.07543,126.2
-76.211012,43.075324,126.3
-76.210937,43.075232,126.3
-76.210838,43.075129,126.7
-76.210699,43.075013,127.5
-76.210491,43.074872,128.4
-76.210234,43.074693,128.6
-76.21014,43.074629,128.7
-76.210066,43.074591,128.7
-76.209959,43.074588,128.9
-76.209886,43.07461,129.1
-76.209829,43.074661,129.4
-76.209739,43.074719,129.7
-76.209683,43.07474,129.9
-76.209621,43.074717,130.0
-76.209552,43.074694,130.1
-76.209483,43.074686,130.2
-76.209401,43.074657,130.3
-76.209298,43.074589,130.4
-76.209046,43.074401,130.4
-76.208984,43.074342,130.4
-76.208935,43.074328,130.5
-76.20887,43.074329,130.9
-76.208826,43.074368,131.9
-76.208782,43.07438,132.7
-76.208692,43.07434,133.3
-76.20837,43.074096,133.6
-76.208167,43.073901,133.2
-76.20801,43.073754,132.1
-76.207932,43.073716,131.8
-76.207834,43.073685,131.6
-76.207716,43.073689,131.1
-76.207571,43.073738,129.8
-76.207479,43.073837,129.5
-76.207433,43.073948,129.9
-76.207479,43.074046,130.7
-76.207567,43.074155,130.7
-76.207824,43.074405,130.5
-76.208171,43.074744,130.4
-76.208416,43.075001,130.3
-76.208664,43.075212,130.8
-76.209007,43.075483,131.4
-76.209341,43.07575,131.9
-76.209577,43.075995,132.1
-76.209801,43.076234,132.1
-76.209893,43.076361,132.2
-76.209977,43.076503,132.1
-76.210021,43.076642,131.6
-76.210084,43.07677,131.3
-76.210184,43.076885,131.6
-76.21032,43.077012,131.8
-76.210569,43.077244,132.1
-76.210776,43.077462,132.5
-76.210839,43.077557,132.6
-76.210873,43.077649,132.4
-76.210867,43.077753,132.1
-76.210811,43.077778,131.9
-76.210741,43.077758,131.7
-76.210703,43.077639,131.8
-76.210545,43.077471,131.5
-76.210371,43.077288,130.9
-76.210106,43.07707,128.0
-76.209619,43.076647,127.1
-76.209287,43.076329,126.9
-76.208952,43.076034,126.2
-76.208582,43.075788,124.0
-76.208298,43.075618,120.0
-76.208101,43.075475,117.5
-76.207864,43.075239,116.0
-76.207558,43.074959,114.7
-76.20719,43.074638,113.4
-76.206943,43.074432,112.6
-76.206652,43.074138,112.3
-76.206465,43.073898,112.1
-76.206381,43.07375,111.5
-76.206435,43.07364,111.5
-76.206534,43.073502,111.8
-76.206541,43.073409,111.8
-76.20647,43.073333,111.7
-76.206396,43.073268,111.6
-76.206263,43.073138,111.6
-76.206203,43.072978,111.9
-76.206221,43.072871,112.1
-76.20621,43.072741,112.1
-76.206022,43.072642,111.9
-76.205693,43.072399,111.7
-76.20533,43.07214,111.0
-76.204962,43.071988,111.2
-76.204802,43.071905,110.7
-76.204715,43.071756,110.4
-76.204579,43.07165,110.4
-76.204277,43.071484,110.4
-76.203978,43.071353,110.4
-76.203319,43.071006,110.4
-76.202218,43.070334,110.4
-76.201195,43.069558,110.4
-76.201053,43.069453,110.4
-76.200766,43.069303,110.4
-76.200416,43.068983,110.4
-76.199932,43.068664,110.4
-76.199532,43.0683,110.4
-76.199275,43.068116,110.4
-76.199031,43.067909,110.4
-76.19888,43.067708,110.4
-76.198737,43.067528,110.7
-76.198624,43.067391,111.3
-76.198364,43.06722,111.7
-76.198081,43.067032,111.9
-76.19786,43.066892,112.3
-76.19759,43.066859,111.8
-76.19732,43.066847,111.4
-76.197096,43.066833,111.2
-76.196888,43.066835,111.1
-76.196742,43.066841,111.0
-76.196358,43.066819,110.9
-76.196097,43.066765,111.0
-76.195773,43.066661,111.3
-76.195436,43.066569,111.9
-76.195074,43.066489,112.2
-76.194716,43.066431,114.3
-76.194447,43.066427,113.6
-76.194238,43.066281,113.9
-76.194145,43.066163,113.3
-76.194065,43.066054,113.6
-76.193853,43.065999,113.3
-76.193745,43.065991,113.0
-76.193628,43.065991,112.6
-76.193481,43.065918,112.7
-76.193548,43.0657,115.6
-76.193536,43.065443,115.7
-76.193152,43.065223,115.6
-76.192633,43.065016,115.7
-76.192444,43.064921,115.7
-76.192217,43.064773,115.6
-76.191872,43.064422,115.6
-76.191668,43.064279,115.7
-76.190488,43.063707,116.0
-76.190123,43.063801,116.1
-76.18993,43.063997,115.8
-76.189835,43.06409,114.0
-76.189544,43.063966,113.3
-76.188396,43.063394,110.4
-76.188374,43.063025,110.5
-76.188267,43.062727,110.4
-76.187999,43.06219,110.7
-76.187816,43.061896,110.6
-76.187842,43.061824,111.0
-76.187559,43.061724,111.5
-76.187001,43.061512,112.6
-76.186282,43.061504,112.7
-76.184866,43.061888,111.0
-76.184115,43.062147,112.2
-76.183739,43.061779,113.1
-76.183042,43.06174,113.2
-76.18213,43.061787,113.4
-76.180456,43.061904,113.6
-76.17734,43.062104,113.7
-76.177087,43.062006,113.7
-76.17683,43.062186,113.7
-76.17663,43.062038,113.7
-76.174402,43.063735,112.9
-76.169934,43.061017,115.0
-76.168984,43.061802,110.8
-76.16882,43.061726,110.8
-76.168674,43.061667,110.4
-76.16834,43.061463,110.6
-76.168133,43.061329,111.0
-76.167932,43.061258,110.7
-76.167747,43.061227,110.4
-76.167622,43.061168,110.5
-76.167442,43.061026,110.5
-76.167268,43.060952,110.4
-76.167,43.060723,110.5
-76.166828,43.060597,110.5
-76.166542,43.060498,110.4
-76.166284,43.060335,110.4
-76.165668,43.059945,110.4
-76.165189,43.059655,110.9
-76.16509,43.059596,111.9
-76.164955,43.059559,111.8
-76.165002,43.059508,113.5
-76.165192,43.059398,115.3
-76.165422,43.059388,112.9
-76.165168,43.05898,115.0
-76.164722,43.058388,113.4
-76.164211,43.058111,113.2
-76.164138,43.05797,113.3
-76.164122,43.057879,113.4
-76.164022,43.057798,113.5
-76.163732,43.057668,113.3
-76.163432,43.057788,111.3
-76.162947,43.057248,113.1
-76.162871,43.057253,112.9
-76.162342,43.057288,110.7
-76.161782,43.057158,110.6
-76.161312,43.057138,112.2
-76.161198,43.057058,112.6
-76.16118,43.056929,112.5
-76.161138,43.056313,112.2
-76.161151,43.056213,112.0
-76.161127,43.056079,112.1
-76.161022,43.055908,112.5
-76.160845,43.055821,112.7
-76.160587,43.055782,112.9
-76.159739,43.055758,112.9
-76.159608,43.055757,112.9
-76.158292,43.055738,113.5
-76.157845,43.055647,114.0
-76.157472,43.055488,114.3
-76.157225,43.055382,115.2
-76.156831,43.055147,115.8
-76.156604,43.054911,116.7
-76.156402,43.054408,125.5
-76.156357,43.054225,126.0
-76.156318,43.053998,123.3
-76.156372,43.053793,119.5
-76.156434,43.053706,119.3
-76.156505,43.053639,119.0
-76.156722,43.053438,118.6
-76.156769,43.053379,118.5
-76.156791,43.053334,119.0
-76.156752,43.053278,119.1
-76.156675,43.053228,119.2
-76.156595,43.053195,119.4
-76.156529,43.053161,119.5
-76.156491,43.053125,119.6
-76.156493,43.053071,119.6
-76.156605,43.052879,119.7
-76.156609,43.052808,119.7
-76.156653,43.052744,119.8
-76.156777,43.052588,119.8
-76.156299,43.0524,120.4
-76.155227,43.051939,121.4
-76.155329,43.051767,121.7
-76.155608,43.051341,121.8
-76.1556,43.050566,121.9
-76.154597,43.050559,122.3
-76.153637,43.050555,122.0
-76.147315,43.050459,123.6
-76.138984,43.050327,123.9
-76.137674,43.050317,124.0
-76.132041,43.05025,123.9
-76.127728,43.050186,128.3
-76.127735,43.050437,128.0
-76.127276,43.050377,128.1
-76.126472,43.050179,128.5
-76.125806,43.050001,129.2
-76.124492,43.049618,128.7
-76.123767,43.049477,128.3
-76.122919,43.049428,128.7
-76.121693,43.049553,128.9
-76.120379,43.049768,129.9
-76.119628,43.049984,129.9
-76.118773,43.050229,130.1
-76.117006,43.050709,130.0
-76.11644,43.050864,130.1
-76.11386,43.051565,130.6
-76.113693,43.051632,130.5
-76.11241,43.052101,130.2
-76.112268,43.05215,130.3
-76.111194,43.052539,130.6
-76.11105,43.05259,130.6
-76.110404,43.052815,130.7
-76.109618,43.053029,130.5
-76.106708,43.053389,131.3
-76.104627,43.053668,130.3
-76.102408,43.053919,130.4
-76.099779,43.054244,129.7
-76.0958,43.054701,129.7
-76.0947,43.054834,129.7
-76.09364,43.054951,129.8
-76.092099,43.055107,129.6
-76.088555,43.055378,129.7
-76.087992,43.05542,129.7
-76.08753,43.055443,129.8
-76.085745,43.055485,130.7
-76.084952,43.055513,130.7
-76.084032,43.055559,130.9
-76.083422,43.055583,131.3
-76.081913,43.055583,129.0
-76.081276,43.055612,128.6
-76.080532,43.055586,128.7
-76.079799,43.055507,128.8
-76.079074,43.055385,129.3
-76.078064,43.055206,129.7
-76.077027,43.054947,129.4
-76.076494,43.054695,129.1
-76.075847,43.054348,129.5
-76.075553,43.054092,129.9
-76.074646,43.053274,128.8
-76.074045,43.052588,128.7
-76.073031,43.051475,128.7
-76.072313,43.050697,128.7
-76.072066,43.05043,128.8
-76.07165,43.049974,129.0
-76.071625,43.049962,129.0
-76.071584,43.049962,128.9
-76.071539,43.049973,128.7
-76.071446,43.050009,128.3
-76.070853,43.049459,128.4
-76.070604,43.049313,128.3
-76.070205,43.049175,128.0
-76.069564,43.048931,128.1
-76.068954,43.048774,128.1
-76.068348,43.048674,128.1
-76.068031,43.048648,128.1
-76.06769,43.048634,128.1
-76.067363,43.048631,128.0
-76.06695,43.048648,128.0
-76.066624,43.048679,128.0
-76.066297,43.048732,127.9
-76.065881,43.048811,128.0
-76.065438,43.048932,128.1
-76.064917,43.04912,128.2
-76.064396,43.049328,128.3
-76.063493,43.049748,128.8
-76.061227,43.050818,128.8
-76.060836,43.050998,128.7
-76.060642,43.051053,128.8
-76.060514,43.051083,128.8
-76.060075,43.0512,128.9
-76.059569,43.051253,129.1
-76.059091,43.051257,129.2
-76.05861,43.051203,129.1
-76.058109,43.051061,128.4
-76.057812,43.050936,127.8
-76.057565,43.050785,127.8
-76.056117,43.049817,127.8
-76.054372,43.048586,129.1
-76.053127,43.047716,128.6
-76.052282,43.047073,127.8
-76.052102,43.046917,127.8
-76.051965,43.04671,127.8
-76.051825,43.04639,127.8
-76.051782,43.046084,127.8
-76.051764,43.045592,127.8
-76.051825,43.044955,128.3
-76.051899,43.044674,131.2
-76.051976,43.04446,132.9
-76.052188,43.044067,135.5
-76.052514,43.043535,136.1
-76.052298,43.043493,135.0
-76.052127,43.043478,134.3
-76.052007,43.043462,132.9
-76.051839,43.043433,130.5
-76.05169,43.043401,130.1
-76.051497,43.043352,129.7
-76.051367,43.043311,129.4
-76.051123,43.043248,128.8
-76.051,43.043772,129.4
-76.050886,43.044277,127.9
-76.050854,43.044271,127.9
-76.050787,43.044245,127.8
-76.050752,43.044232,127.8
-76.050707,43.044186,127.8
-76.050683,43.044163,127.9
-76.050655,43.044132,127.9
-76.050609,43.044093,127.9
-76.050466,43.043936,127.9
-76.050307,43.04379,128.0
-76.050077,43.043608,128.0
-76.049608,43.043313,127.9
-76.049177,43.043063,127.8
-76.048809,43.042883,127.8
-76.048254,43.042685,127.8
-76.047617,43.042507,127.8
-76.047081,43.042401,127.8
-76.04664,43.042336,127.8
-76.046301,43.042316,127.8
-76.045993,43.042301,127.8
-76.045459,43.042292,127.8
-76.045014,43.042328,127.8
-76.044701,43.042363,127.8
-76.044382,43.042412,127.8
-76.043987,43.042503,127.8
-76.043556,43.042613,127.8
-76.043188,43.042727,127.8
-76.042351,43.042997,127.8
-76.041139,43.043373,127.8
-76.040156,43.043682,127.8
-76.039596,43.043856,127.8
-76.039194,43.04397,127.8
-76.038897,43.044042,127.9
-76.038837,43.044041,127.9
-76.03879,43.044051,127.9
-76.038737,43.044058,127.9
-76.038653,43.044067,127.9
-76.038528,43.044073,127.9
-76.038426,43.044078,128.0
-76.038334,43.044091,128.1
-76.038218,43.044117,128.3
-76.038153,43.044134,128.4
-76.038093,43.044147,128.6
-76.038044,43.044153,128.8
-76.037975,43.044155,129.0
-76.037882,43.044157,129.5
-76.037756,43.044158,130.1
-76.037574,43.044159,130.7
-76.037121,43.044138,130.9
-76.036537,43.0441,130.3
-76.033583,43.043928,129.5
-76.031666,43.043831,127.8
-76.030439,43.043765,127.8
-76.029634,43.043722,127.8
-76.029209,43.043695,127.8
-76.026532,43.043549,127.8
-76.023886,43.043385,127.8
-76.023246,43.043363,127.8
-76.022674,43.043358,127.8
-76.022166,43.043354,127.8
-76.021909,43.043376,127.8
-76.021715,43.043429,127.8
-76.021544,43.043489,127.8
-76.021333,43.04351,127.8
-76.021177,43.043511,127.8
-76.020995,43.043513,127.8
-76.020855,43.043486,127.8
-76.020695,43.04343,127.8
-76.020522,43.043355,127.8
-76.020103,43.043337,127.8
-76.01954,43.043304,127.8
-76.016099,43.043247,127.8
-76.015239,43.043236,127.8
-76.014265,43.043226,127.8
-76.01397,43.043231,127.8
-76.013657,43.04325,127.8
-76.013331,43.043281,127.8
-76.012967,43.043325,127.8
-76.012529,43.043417,127.8
-76.012188,43.043513,127.8
-76.011904,43.043593,127.8
-76.011474,43.043744,127.8
-76.010987,43.043937,127.8
-76.01066,43.044115,127.8
-76.010454,43.044242,127.8
-76.010285,43.044365,127.8
-76.009988,43.044596,127.8
-76.009684,43.044856,127.8
-76.009461,43.045079,127.8
-76.009196,43.04541,127.8
-76.008969,43.045733,127.8
-76.008454,43.046535,127.9
-76.007368,43.048263,127.8
-76.006507,43.049638,127.9
-76.006365,43.049846,127.9
-76.00627,43.04996,127.8
-76.00614,43.050086,127.8
-76.006004,43.050197,127.8
-76.005846,43.050334,127.8
-76.005575,43.050505,127.8
-76.004926,43.050914,127.8
-76.004134,43.051411,127.8
-76.003412,43.051863,127.8
-76.002623,43.052355,127.8
-76.001541,43.053,127.9
-76.001292,43.053131,127.9
-76.001029,43.053247,127.9
-76.000643,43.053404,128.0
-76.00058,43.053431,128.0
-76.000469,43.053479,128.0
-76.000229,43.053569,127.8
-75.999749,43.053762,129.4
-75.998822,43.054133,130.7
-75.997461,43.05467,131.1
-75.995321,43.055522,131.0
-75.994566,43.055814,130.9
-75.994012,43.056043,130.7
-75.993655,43.056172,130.2
-75.993436,43.056243,130.2
-75.993205,43.056314,130.6
-75.992993,43.056385,130.8
-75.992274,43.056585,131.0
-75.990379,43.057085,130.7
-75.986978,43.058012,130.4
-75.982344,43.059259,130.8
-75.981425,43.059487,130.1
-75.981137,43.059564,129.9
-75.980905,43.059607,129.7
-75.980479,43.059684,130.0
-75.979196,43.059935,131.1
-75.977434,43.060264,129.5
-75.975433,43.060626,127.8
-75.974897,43.060709,127.8
-75.974368,43.060791,127.8
-75.972708,43.060981,127.8
-75.970186,43.061269,127.8
-75.969804,43.061309,127.8
-75.969471,43.061316,127.8
-75.969088,43.061292,127.8
-75.968572,43.061246,127.8
-75.968084,43.061159,127.8
-75.967646,43.061055,127.8
-75.966853,43.060839,127.8
-75.966214,43.060645,127.8
-75.965728,43.060496,127.8
-75.965242,43.060371,127.8
-75.964802,43.060306,127.8
-75.964298,43.060236,127.8
-75.963826,43.060194,127.8
-75.963531,43.060174,127.8
-75.963191,43.060158,127.8
-75.962664,43.060176,127.8
-75.962181,43.060208,127.8
-75.961498,43.060297,127.8
-75.960772,43.060427,127.8
-75.960171,43.06058,127.8
-75.959727,43.060712,127.8
-75.959351,43.060864,127.8
-75.959147,43.060952,127.8
-75.958754,43.061135,127.8
-75.958428,43.061302,127.8
-75.958038,43.061509,127.8
-75.95769,43.061738,127.8
-75.957323,43.062017,127.8
-75.957076,43.062226,127.8
-75.95684,43.062445,127.8
-75.956513,43.062779,127.8
-75.956259,43.063025,127.8
-75.955103,43.064195,127.8
-75.953427,43.065904,127.8
-75.952308,43.067028,127.8
-75.950823,43.068514,127.9
-75.950021,43.06936,129.5
-75.949998,43.06947,130.6
-75.949999,43.069621,131.0
-75.94998,43.06972,130.9
-75.949926,43.069788,131.0
-75.949851,43.069865,131.1
-75.949768,43.069933,131.2
-75.949672,43.069969,131.3
-75.949584,43.069983,131.3
-75.949474,43.070007,131.2
-75.949369,43.070024,130.4
-75.949092,43.070296,130.9
-75.948738,43.070625,131.2
-75.948468,43.070922,131.9
-75.948301,43.071066,131.7
-75.948105,43.07123,131.9
-75.947729,43.0715,132.3
-75.947361,43.071702,131.8
-75.946981,43.071912,132.1
-75.946513,43.072123,131.7
-75.946021,43.072348,131.5
-75.944474,43.073079,131.1
-75.942207,43.074131,130.7
-75.938506,43.075891,130.7
-75.937645,43.076308,130.9
-75.937334,43.076437,130.4
-75.937065,43.076548,128.2
-75.936521,43.076741,128.2
-75.936189,43.076822,128.2
-75.935889,43.076875,128.2
-75.935512,43.07692,128.2
-75.935142,43.076946,128.3
-75.934809,43.076953,128.4
-75.934432,43.076942,128.5
-75.933878,43.076873,128.6
-75.933494,43.076794,128.6
-75.933165,43.076705,128.9
-75.932922,43.076612,128.9
-75.932499,43.076449,128.8
-75.929327,43.074995,130.9
-75.928694,43.074696,129.4
-75.928322,43.074556,128.0
-75.927949,43.074435,127.9
-75.927621,43.074341,127.9
-75.926972,43.074194,127.9
-75.926575,43.074124,127.8
-75.926303,43.074099,127.8
-75.925984,43.074068,127.2
-75.925644,43.074053,126.8
-75.925311,43.074033,127.3
-75.924878,43.07404,127.6
-75.92437,43.074072,127.9
-75.922371,43.074302,127.5
-75.92156,43.074381,127.5
-75.916944,43.074873,127.8
-75.912623,43.075346,127.8
-75.91118,43.0755,127.8
-75.910654,43.07555,127.8
-75.910126,43.075577,127.8
-75.909667,43.075558,127.8
-75.909359,43.075524,127.8
-75.908989,43.075454,127.8
-75.908533,43.075358,127.8
-75.905432,43.074639,127.8
-75.895669,43.072373,127.8
-75.893867,43.071971,127.8
-75.889939,43.07106,128.2
-75.889721,43.071011,128.4
-75.889449,43.070941,128.8
-75.889177,43.070838,129.8
-75.888836,43.070693,128.6
-75.888558,43.070552,128.1
-75.88831,43.070398,128.1
-75.888001,43.070163,127.9
-75.887435,43.069683,127.9
-75.882692,43.064933,130.5
-75.882023,43.064253,130.3
-75.881589,43.063838,130.5
-75.881259,43.063568,130.9
-75.880923,43.063359,131.3
-75.880626,43.063186,131.1
-75.88024,43.063018,131.2
-75.879956,43.062901,131.2
-75.879672,43.062802,131.3
-75.878991,43.062609,131.8
-75.87802,43.062326,130.4
-75.877887,43.062281,128.2
-75.877559,43.062178,129.7
-75.877358,43.062147,131.1
-75.872718,43.060893,129.8
-75.871413,43.060529,131.2
-75.870975,43.060408,131.3
-75.866558,43.05919,131.2
-75.865039,43.058782,131.2
-75.863393,43.058344,131.0
-75.863147,43.058281,131.0
-75.862883,43.058227,131.1
-75.862638,43.058188,131.2
-75.86229,43.058133,131.2
-75.862054,43.0581,131.2
-75.86187,43.058079,131.2
-75.861724,43.058072,131.3
-75.861548,43.058064,131.3
-75.861106,43.05805,131.3
-75.860837,43.058065,131.3
-75.860366,43.058086,131.4
-75.860067,43.058106,131.3
-75.859805,43.058143,131.3
-75.859447,43.058212,131.5
-75.85906,43.058289,131.6
-75.858321,43.058461,132.9
-75.857285,43.058728,133.0
-75.854933,43.059319,132.9
-75.8532,43.059753,134.3
-75.850753,43.060384,132.7
-75.849895,43.060601,132.6
-75.845274,43.061766,132.5
-75.841826,43.062624,131.2
-75.83484,43.064393,130.6
-75.834732,43.064415,130.7
-75.834617,43.064429,130.6
-75.834512,43.064443,130.2
-75.83441,43.06447,130.0
-75.834292,43.064528,130.2
-75.834186,43.064571,130.4
-75.834002,43.064617,130.4
-75.825084,43.066857,130.6
-75.824564,43.066987,130.6
-75.824303,43.067046,130.6
-75.824088,43.06709,130.5
-75.823767,43.06715,130.5
-75.823266,43.067233,130.5
-75.822521,43.067352,130.5
-75.82097,43.067587,130.6
-75.818763,43.067913,130.6
-75.817325,43.068143,130.7
-75.813252,43.068772,130.6
-75.806231,43.069838,130.5
-75.80545,43.069984,130.5
-75.805134,43.070052,130.5
-75.804764,43.070152,131.0
-75.804604,43.070196,131.0
-75.804235,43.070313,130.5
-75.803926,43.070416,131.0
-75.803545,43.070545,130.9
-75.802879,43.070822,130.5
-75.802339,43.071084,130.4
-75.801675,43.071479,130.6
-75.799866,43.072569,130.5
-75.799664,43.072663,130.5
-75.799509,43.072716,130.4
-75.799314,43.072744,130.0
-75.799031,43.072763,129.9
-75.798613,43.072788,134.5
-75.796166,43.073011,134.2
-75.795449,43.073084,136.9
-75.794584,43.073171,136.9
-75.791324,43.073435,134.0
-75.789437,43.073606,133.9
-75.78844,43.0737,133.7
-75.786816,43.073843,133.3
-75.784846,43.07401,133.5
-75.785006,43.075621,131.2
-75.777957,43.076125,130.0
-75.775395,43.076322,129.9
-75.770994,43.076663,129.2
-75.765751,43.077057,129.2
-75.764563,43.077157,129.4
-75.763948,43.077253,129.4
-75.763471,43.07734,129.4
-75.762953,43.077457,129.4
-75.762446,43.077592,129.5
-75.76196,43.077757,129.4
-75.761524,43.077905,129.4
-75.761202,43.078043,129.4
-75.760739,43.078261,129.9
-75.759753,43.078736,129.4
-75.759247,43.078937,129.4
-75.758989,43.079037,129.5
-75.758747,43.079128,129.5
-75.758509,43.0792,129.5
-75.758262,43.079273,129.5
-75.757293,43.079489,129.6
-75.757096,43.079504,129.6
-75.756977,43.079556,129.8
-75.756702,43.079571,129.7
-75.755549,43.079618,130.3
-75.75531,43.07962,130.4
-75.755107,43.079591,130.3
-75.754844,43.079571,130.4
-75.752624,43.07948,131.0
-75.752541,43.079489,131.1
-75.752111,43.079474,131.2
-75.752009,43.079382,130.5
-75.75148,43.079362,130.4
-75.751415,43.0794,130.8
-75.751327,43.079399,130.8
-75.751116,43.079395,130.8
-75.750355,43.079422,130.9
-75.750354,43.079422,130.9
-75.749622,43.079394,130.9
-75.749174,43.07938,130.8
-75.748797,43.079378,130.8
-75.748283,43.079386,130.8
-75.747088,43.079402,130.9
-75.734502,43.079637,130.9
-75.731741,43.079703,130.9
-75.731203,43.079724,130.9
-75.730755,43.079779,130.9
-75.730338,43.079835,130.9
-75.729908,43.079912,130.8
-75.729481,43.080019,130.6
-75.729086,43.080119,130.5
-75.72874,43.080235,130.6
-75.7283,43.080387,130.4
-75.728002,43.080498,128.8
-75.727616,43.080671,130.3
-75.726921,43.081005,130.6
-75.725214,43.0818,130.5
-75.724483,43.08215,130.5
-75.723139,43.082777,130.6
-75.721231,43.08367,130.6
-75.719275,43.08458,130.6
-75.717247,43.085522,130.6
-75.716385,43.085926,130.7
-75.71403,43.087027,130.8
-75.712889,43.087556,130.7
-75.710546,43.088657,130.7
-75.709955,43.088949,130.7
-75.710088,43.0891,130.9
-75.710171,43.089191,130.9
-75.710256,43.089306,130.7
-75.710413,43.089453,130.6
-75.710445,43.089509,130.5
-75.710443,43.089543,130.5
-75.710427,43.089577,130.5
-75.710519,43.089647,130.4
-75.710735,43.089811,130.3
-75.710906,43.089946,130.1
-75.710784,43.090043,130.1
-75.710757,43.090059,130.1
-75.710721,43.090065,130.1
-75.710692,43.090054,130.1
-75.71062,43.090008,130.2
-75.71054,43.08996,130.2
-75.710415,43.089864,130.3
-75.709603,43.089316,130.8
-75.70947,43.089233,130.9
-75.70941,43.089194,130.7
-75.709356,43.089191,130.5
-75.709301,43.089213,130.5
-75.709166,43.089279,130.5
-75.705628,43.090934,130.6
-75.704682,43.091375,130.7
-75.703802,43.091788,130.7
-75.703068,43.092147,130.8
-75.702024,43.092623,130.7
-75.700977,43.093111,130.7
-75.698021,43.094488,130.7
-75.696962,43.094976,130.7
-75.696338,43.095285,130.7
-75.695112,43.095852,130.6
-75.693971,43.096379,130.6
-75.692567,43.097036,130.5
-75.691886,43.097349,130.4
-75.691425,43.097547,130.4
-75.69124,43.097614,130.2
-75.69039,43.098044,130.4
-75.689361,43.098528,130.3
-75.689022,43.098683,130.3
-75.688767,43.098808,130.2
-75.688303,43.09906,130.3
-75.687845,43.099347,130.5
-75.687485,43.099593,130.6
-75.687115,43.09986,130.5
-75.686861,43.100068,130.3
-75.686104,43.100821,130.5
-75.685737,43.101183,130.6
-75.68524,43.101681,130.5
-75.684643,43.102298,130.7
-75.683981,43.102955,130.9
-75.68345,43.103506,131.0
-75.683253,43.103687,130.9
-75.683094,43.10385,130.9
-75.681773,43.105206,131.0
-75.681781,43.105255,130.9
-75.681786,43.105271,130.9
-75.6818,43.105312,130.9
-75.681127,43.105903,131.1
-75.677961,43.109152,130.9
-75.67789,43.109119,131.0
-75.675913,43.111079,131.0
-75.674908,43.112114,131.2
-75.674228,43.112815,131.4
-75.673785,43.113282,131.0
-75.673394,43.113661,131.0
-75.673102,43.113958,131.0
-75.67271,43.114356,131.0
-75.672001,43.115076,130.9
-75.671761,43.115336,130.8
-75.671619,43.115512,130.7
-75.671467,43.115723,130.7
-75.670842,43.116529,124.7
-75.670752,43.116591,123.3
-75.670641,43.116749,124.4
-75.670624,43.11685,125.3
-75.670589,43.11692,125.9
-75.67043,43.117236,128.3
-75.67031,43.117474,130.3
-75.670328,43.117517,130.1
-75.670369,43.117674,129.6
-75.670417,43.118021,130.3
-75.670029,43.118006,129.4
-75.669568,43.117995,130.8
-75.669478,43.118013,130.7
-75.669413,43.118062,130.6
-75.66939,43.11811,130.7
-75.669373,43.118215,130.7
-75.669326,43.119153,130.5
-75.669319,43.119293,130.5
-75.669332,43.119377,130.5
-75.66937,43.119437,130.5
-75.669412,43.119472,130.6
-75.669495,43.119538,130.6
-75.669887,43.119807,130.8
-75.670092,43.119973,131.1
-75.670225,43.120108,131.0
-75.67022,43.120239,131.0
-75.670264,43.120388,131.0
-75.670362,43.120611,131.0
-75.670553,43.121096,130.8
-75.670695,43.121494,130.7
-75.67085,43.122001,130.5
-75.671068,43.122767,130.5
-75.671466,43.124188,129.1
-75.671839,43.125483,129.8
-75.672095,43.126415,129.5
-75.672226,43.126923,129.1
-75.672283,43.127238,129.1
-75.672322,43.127522,128.9
-75.672346,43.12789,128.7
-75.672357,43.128241,128.9
-75.672401,43.128705,129.0
-75.672466,43.129029,129.3
-75.67259,43.129558,129.4
-75.672696,43.129948,129.3
-75.672863,43.130464,129.5
-75.672993,43.130806,129.5
-75.673096,43.131032,129.5
-75.673788,43.132474,129.4
-75.674076,43.133081,129.4
-75.674248,43.133488,128.7
-75.674354,43.133838,130.0
-75.674435,43.134179,129.7
-75.674504,43.134415,129.6
-75.674582,43.134644,129.7
-75.674633,43.134783,129.6
-75.674776,43.135067,129.5
-75.674842,43.135206,129.6
-75.674973,43.135459,129.6
-75.675447,43.136499,129.6
-75.676359,43.138468,129.5
-75.676796,43.139438,129.6
-75.677031,43.139961,129.6
-75.677226,43.140394,129.5
-75.677319,43.14066,129.7
-75.677405,43.140905,129.8
-75.677468,43.14115,129.9
-75.677505,43.141321,130.0
-75.677521,43.141544,130.0
-75.677527,43.141654,129.9
-75.677519,43.142047,129.8
-75.6775,43.142408,129.7
-75.677455,43.142691,129.6
-75.677431,43.142805,129.6
-75.677392,43.142965,129.9
-75.677328,43.143114,130.3
-75.677253,43.143251,130.0
-75.677104,43.143509,129.7
-75.676953,43.143766,128.3
-75.676767,43.144161,129.9
-75.676636,43.144437,130.7
-75.676396,43.144885,129.7
-75.676179,43.145312,129.6
-75.67586,43.14588,129.5
-75.675302,43.14696,129.6
-75.675226,43.147108,129.5
-75.675153,43.147228,130.3
-75.67505,43.147396,130.7
-75.674837,43.147721,130.6
-75.674599,43.148007,130.6
-75.674563,43.148064,130.6
-75.674547,43.148117,130.7
-75.674553,43.148178,130.7
-75.67459,43.148239,130.5
-75.674656,43.148283,129.7
-75.674876,43.148332,128.7
-75.674956,43.148342,128.7
-75.674915,43.148457,128.8
-75.674934,43.1485,128.8
-75.674893,43.148623,129.0
-75.674806,43.14883,129.0
-75.674762,43.148909,129.0
-75.674713,43.148952,128.8
-75.674662,43.148997,128.8
-75.674606,43.149082,128.8
-75.67455,43.149169,128.7
-75.674356,43.14952,128.7
-75.672442,43.152893,128.7
-75.671873,43.153891,128.8
-75.671338,43.154836,128.8
-75.670504,43.156322,129.0
-75.67042,43.156292,128.7
-75.67027,43.156249,129.0
-75.670223,43.156224,129.2
-75.669982,43.156477,129.3
-75.669832,43.156681,129.8
-75.66972,43.156852,129.6
-75.669596,43.156989,129.5
-75.669418,43.157161,129.6
-75.669098,43.157456,129.6
-75.66879,43.157751,129.1
-75.668571,43.157941,129.0
-75.66822,43.158162,129.1
-75.66787,43.158401,129.0
-75.667465,43.158644,129.0
-75.667144,43.158839,129.0
-75.666847,43.159003,129.1
-75.665889,43.159565,129.0
-75.664753,43.160233,129.0
-75.664153,43.160592,128.9
-75.663582,43.160937,128.8
-75.662359,43.161633,128.8
-75.661095,43.162362,128.8
-75.660972,43.162447,128.8
-75.660863,43.162512,128.7
-75.660758,43.162578,128.7
-75.660631,43.162641,128.7
-75.660292,43.162849,128.8
-75.659971,43.163017,128.8
-75.65959,43.163247,128.7
-75.659162,43.163477,128.8
-75.658525,43.163849,128.8
-75.658002,43.164159,128.7
-75.657695,43.164364,128.7
-75.657002,43.164743,128.8
-75.656384,43.165097,128.7
-75.655801,43.165433,128.8
-75.654587,43.16615,128.8
-75.652552,43.167297,128.8
-75.652207,43.167518,128.8
-75.651993,43.16765,128.8
-75.65172,43.167849,128.8
-75.651465,43.168048,128.8
-75.65109,43.168287,128.8
-75.650758,43.168551,128.8
-75.65036,43.168904,128.8
-75.649513,43.169764,128.9
-75.649153,43.170191,128.8
-75.648674,43.170789,128.8
-75.648477,43.171049,128.7
-75.648422,43.171122,128.7
-75.648331,43.171207,128.8
-75.64826,43.171269,128.9
-75.64809,43.171478,129.1
-75.647966,43.17163,129.2
-75.647883,43.171775,129.2
-75.647812,43.171903,129.3
-75.647718,43.172094,129.2
-75.647684,43.172145,129.2
-75.647588,43.172289,129.3
-75.647553,43.172369,129.3
-75.647489,43.172544,129.2
-75.64742,43.172812,129.1
-75.64734,43.173141,129.1
-75.647231,43.173515,129.1
-75.647202,43.173689,129.1
-75.647018,43.174392,129.1
-75.646877,43.174888,129.1
-75.646782,43.175274,129.0
-75.646719,43.175568,129.1
-75.646604,43.175976,129.1
-75.646523,43.176292,129.0
-75.646448,43.176524,129.1
-75.64642,43.176696,129.1
-75.646361,43.176801,129.2
-75.646326,43.176862,129.2
-75.646248,43.176937,129.4
-75.646148,43.177032,129.8
-75.646077,43.177135,130.0
-75.64606,43.177236,129.8
-75.646052,43.177344,129.5
-75.646011,43.17744,129.4
-75.645979,43.177517,129.3
-75.645785,43.177825,129.1
-75.645689,43.177985,129.0
-75.645561,43.178146,128.9
-75.645405,43.178295,129.0
-75.644985,43.17868,129.0
-75.644734,43.178893,128.9
-75.643066,43.179936,128.8
-75.639166,43.18217,128.8
-75.638341,43.182653,128.8
-75.638034,43.182821,128.8
-75.637551,43.183085,128.9
-75.637071,43.183347,128.7
-75.636654,43.183551,128.7
-75.63641,43.183666,128.7
-75.636237,43.18375,128.7
-75.636064,43.18383,128.7
-75.635814,43.183932,128.7
-75.63546,43.184072,128.7
-75.635208,43.184163,128.7
-75.635014,43.184221,128.7
-75.634723,43.184317,128.7
-75.634465,43.184391,128.7
-75.632429,43.184959,128.8
-75.631677,43.18516,128.7
-75.631151,43.185308,128.8
-75.630948,43.185344,128.8
-75.630267,43.18554,128.8
-75.629999,43.185629,128.8
-75.629617,43.185781,128.8
-75.629307,43.185909,128.7
-75.629003,43.186051,128.7
-75.628681,43.186193,128.7
-75.628425,43.18633,128.7
-75.628074,43.186529,128.7
-75.627681,43.18676,128.8
-75.627223,43.187082,128.8
-75.626944,43.187311,128.8
-75.626724,43.187492,128.9
-75.626521,43.187692,128.9
-75.6258,43.188422,128.8
-75.624312,43.189963,129.0
-75.621663,43.192659,131.0
-75.620972,43.193427,131.1
-75.620704,43.193725,131.0
-75.62059,43.19383,131.0
-75.620514,43.193901,131.0
-75.620318,43.194095,131.0
-75.620127,43.194297,131.0
-75.619956,43.194461,130.9
-75.619328,43.195104,131.0
-75.619153,43.195311,130.9
-75.618973,43.195483,130.9
-75.618788,43.195642,130.7
-75.618355,43.196016,129.6
-75.617922,43.196356,130.6
-75.617256,43.196877,129.6
-75.616289,43.197602,130.5
-75.613619,43.199674,130.9
-75.613166,43.199984,130.9
-75.612887,43.200191,130.9
-75.612673,43.200332,130.9
-75.612496,43.200424,130.9
-75.612331,43.200523,130.9
-75.612089,43.200651,130.9
-75.611827,43.200779,131.1
-75.612168,43.201119,128.9
-75.61258,43.201616,129.6
-75.612896,43.202031,128.6
-75.613151,43.202345,128.2
-75.61348,43.202904,127.9
-75.613827,43.203511,128.1
-75.614267,43.204324,128.0
-75.615297,43.205992,127.8
-75.615902,43.206926,127.8
-75.616157,43.207299,127.8
-75.616348,43.207577,127.8
-75.616493,43.207726,127.8
-75.616656,43.207856,127.8
-75.616813,43.207956,127.8
-75.616939,43.20803,127.8
-75.617073,43.20809,127.8
-75.617052,43.208187,127.8
-75.617066,43.208292,127.8
-75.617099,43.20835,127.8
-75.617156,43.208395,127.8
-75.617267,43.20846,127.8
-75.617379,43.208501,127.8
-75.617494,43.208532,127.8
-75.617644,43.208541,127.8
-75.61782,43.208531,127.8
-75.618069,43.208502,127.8
-75.618206,43.208484,127.8
-75.618392,43.208486,127.8
-75.618633,43.208485,127.8
-75.618763,43.208486,127.8
-75.618915,43.208507,127.8
-75.619061,43.208528,127.8
-75.619186,43.208557,127.8
-75.619237,43.208573,127.8
-75.619248,43.208613,127.9
-75.619252,43.20874,126.8
-75.61924,43.208918,128.1
-75.61921,43.208996,127.9
-75.619169,43.209035,127.9
-75.619113,43.20906,127.9
-75.619011,43.209086,127.9
-75.61883,43.20911,127.9
-75.618712,43.209135,127.8
-75.618623,43.209154,127.8
-75.61832,43.209118,127.9
-75.617702,43.209064,127.9
-75.617205,43.209054,127.7
-75.616881,43.209074,127.5
-75.616684,43.209087,127.6
-75.61651,43.209084,127.6
-75.616133,43.209086,127.6
-75.615642,43.209071,127.5
-75.614934,43.209036,127.6
-75.614299,43.208999,127.5
-75.613664,43.208999,127.6
-75.612568,43.208996,127.7
-75.612136,43.208985,127.7
-75.611681,43.208974,127.8
-75.610782,43.208913,127.7
-75.609823,43.208866,127.8
-75.608984,43.208804,127.7
-75.607845,43.208767,127.7
-75.606503,43.208721,127.8
-75.604549,43.208672,127.9
-75.604047,43.208655,127.9
-75.603617,43.20864,128.0
-75.603021,43.208599,127.9
-75.60229,43.208549,127.8
-75.601427,43.208489,127.7
-75.599796,43.208371,127.6
-75.598209,43.20829,127.6
-75.597543,43.208256,127.7
-75.596686,43.208212,127.7
-75.595876,43.208179,127.7
-75.595433,43.208157,127.7
-75.595134,43.208147,127.7
-75.594852,43.208138,127.7
-75.594499,43.208127,127.7
-75.594325,43.20815,127.9
-75.594098,43.208173,128.7
-75.593906,43.208182,129.2
-75.593679,43.208178,129.3
-75.593271,43.20817,129.2
-75.593007,43.208165,129.2
-75.592863,43.208153,128.8
-75.592713,43.20811,128.2
-75.59254,43.208048,127.7
-75.592492,43.208045,127.7
-75.592436,43.208043,127.7
-75.592317,43.208038,127.7
-75.59211,43.208075,128.2
-75.591988,43.208105,128.9
-75.591893,43.208119,129.3
-75.591785,43.208088,128.7
-75.591419,43.20806,128.2
-75.591047,43.208031,128.2
-75.590687,43.208012,128.4
-75.590298,43.207991,128.2
-75.588392,43.207899,127.8
-75.588081,43.207884,127.9
-75.587817,43.207885,128.0
-75.587523,43.207886,128.4
-75.58604,43.2078,128.1
-75.585594,43.207757,127.9
-75.584791,43.20773,128.0
-75.583748,43.207709,128.0
-75.583311,43.207713,128.8
-75.583023,43.207704,129.8
-75.582781,43.207677,129.4
-75.58255,43.207651,128.9
-75.582183,43.207635,128.8
-75.580865,43.207579,128.5
-75.580562,43.207549,128.1
-75.580228,43.207503,127.8
-75.580098,43.207478,127.8
-75.579876,43.207471,128.1
-75.578917,43.207452,128.2
-75.577449,43.207369,127.9
-75.577275,43.207365,127.9
-75.57718,43.207392,128.1
-75.577079,43.207445,129.2
-75.576897,43.207546,130.7
-75.576864,43.207565,130.8
-75.576739,43.207609,130.9
-75.576565,43.20768,131.1
-75.576249,43.207787,131.0
-75.574774,43.208277,131.2
-75.572504,43.209043,131.1
-75.566637,43.21101,130.4
-75.563424,43.212117,130.8
-75.560645,43.213074,130.9
-75.558997,43.213626,130.9
-75.555867,43.21468,129.2
-75.554888,43.215022,130.9
-75.554464,43.215169,130.9
-75.553705,43.215479,130.9
-75.553258,43.2157,130.9
-75.552865,43.215895,130.9
-75.552453,43.21612,130.9
-75.551191,43.216898,130.9
-75.550207,43.217476,130.9
-75.549632,43.217774,130.9
-75.548871,43.218131,130.9
-75.547909,43.218482,130.9
-75.547234,43.218726,130.9
-75.546129,43.219099,130.9
-75.545357,43.219399,130.9
-75.544398,43.219761,130.9
-75.543801,43.219978,130.8
-75.543125,43.220187,130.8
-75.542456,43.220383,130.7
-75.541649,43.220562,130.8
-75.540949,43.220701,130.7
-75.540476,43.220778,130.8
-75.536874,43.221268,130.5
-75.532996,43.221795,130.9
-75.531332,43.222022,130.9
-75.528238,43.222439,130.9
-75.52533,43.222834,130.9
-75.515935,43.224118,130.9
-75.51473,43.224284,130.9
-75.514252,43.224365,130.9
-75.513678,43.22446,130.9
-75.513014,43.224616,130.9
-75.512445,43.22475,130.9
-75.511919,43.224901,130.9
-75.511238,43.225137,130.9
-75.510677,43.225306,131.0
-75.510464,43.22535,131.0
-75.510204,43.225404,131.0
-75.509785,43.225472,130.9
-75.509542,43.225508,130.9
-75.509295,43.225544,130.9
-75.509055,43.225576,130.9
-75.508962,43.225581,130.9
-75.508338,43.225631,130.9
-75.507552,43.225648,130.9
-75.507272,43.225668,130.9
-75.507132,43.225678,130.9
-75.507002,43.225678,130.9
-75.506832,43.225678,130.9
-75.506662,43.225668,130.9
-75.506562,43.225668,130.9
-75.506402,43.225678,130.9
-75.505972,43.225698,130.9
-75.505622,43.225718,130.9
-75.503132,43.225818,130.9
-75.502602,43.225838,130.9
-75.500142,43.225938,130.9
-75.498252,43.226018,130.7
-75.497902,43.226018,130.6
-75.497592,43.226018,130.6
-75.497212,43.226008,130.6
-75.496812,43.225988,130.6
-75.496402,43.225958,130.7
-75.496052,43.225908,130.7
-75.495742,43.225868,130.7
-75.495298,43.225787,130.7
-75.494762,43.225698,130.7
-75.494412,43.225698,130.8
-75.494234,43.225658,130.9
-75.494012,43.225488,130.7
-75.492062,43.224739,130.9
-75.490552,43.224098,130.9
-75.490112,43.223998,130.9
-75.489822,43.223848,130.9
-75.489662,43.223708,130.9
-75.486722,43.222408,130.9
-75.484487,43.221159,130.7
-75.481936,43.219759,130.9
-75.481497,43.220084,134.3
-75.481325,43.220196,134.5
-75.481105,43.220334,134.9
-75.483038,43.222353,136.0
-75.482797,43.222482,136.5
-75.482918,43.222604,136.4
-75.482616,43.222744,136.9
-75.479752,43.221368,141.5
-75.478405,43.220739,142.7
-75.476061,43.219654,142.6
-75.474632,43.218928,141.3
-75.457442,43.210698,137.2
-75.460452,43.208008,133.4
-75.466155,43.202715,130.9
-75.466592,43.202633,130.5
-75.46708,43.202495,129.0
-75.466848,43.202175,130.7
-75.466736,43.202134,131.1
-75.466457,43.202177,130.1
-75.466268,43.202291,130.0
-75.466175,43.202368,130.1
-75.465627,43.202487,128.8
-75.465187,43.202577,128.2
-75.464838,43.202645,128.0
-75.464633,43.202675,128.0
-75.464277,43.202713,128.1
-75.463835,43.202677,128.1
-75.46352,43.202678,128.1
-75.463139,43.202665,128.2
-75.462497,43.202637,128.3
-75.461497,43.202631,128.0
-75.460676,43.202609,128.1
-75.460334,43.202582,131.1
-75.459977,43.202555,131.1
-75.459557,43.202539,131.1
-75.4592,43.202494,131.0
-75.459023,43.202441,131.0
-75.458908,43.202395,131.0
-75.458733,43.202317,131.1
-75.458399,43.202156,131.1
-75.458105,43.202084,131.1
-75.457749,43.201961,131.1
-75.457557,43.201888,131.1
-75.457253,43.201823,129.9
-75.456396,43.201766,131.2
-75.455992,43.20174,131.0
-75.455712,43.201738,132.0
-75.455494,43.201732,133.4
-75.455285,43.201709,133.9
-75.455201,43.201747,134.0
-75.455169,43.201807,133.9
-75.455094,43.201879,133.2
-75.454951,43.20187,130.5
-75.454703,43.201838,127.4
-75.454505,43.201799,127.8
-75.454358,43.20176,129.4
-75.453691,43.201532,128.0
-75.453624,43.201548,127.6
-75.45363,43.201599,127.6
-75.453798,43.201706,128.9
-75.453977,43.201857,130.8
-75.454056,43.202001,131.1
-75.454039,43.202056,130.7
-75.453988,43.202073,129.8
-75.453948,43.202104,129.4
-75.453923,43.202142,129.2
-75.453912,43.202184,129.1
-75.453913,43.202217,129.2
-75.453863,43.202228,128.4
-75.453812,43.20224,127.8
-75.452959,43.202481,130.3
-75.452834,43.202511,131.1
-75.452743,43.202524,131.1
-75.452635,43.202524,131.0
-75.452532,43.202525,131.2
-75.45243,43.202514,131.2
-75.451968,43.202469,131.2
-75.449185,43.202304,131.1
-75.449037,43.202322,131.1
-75.448909,43.202353,131.1
-75.448855,43.202387,131.1
-75.448787,43.202437,131.2
-75.448742,43.202458,131.2
-75.448702,43.202463,131.3
-75.448656,43.202459,131.3
-75.448608,43.202434,131.3
-75.44857,43.202401,131.2
-75.44853,43.202332,131.2
-75.448472,43.202222,131.2
-75.448414,43.202082,131.7
-75.44839,43.201978,132.6
-75.448366,43.201866,133.9
-75.448348,43.201645,134.4
-75.448347,43.201424,127.7
-75.448413,43.200419,130.4
-75.44845,43.199997,133.5
-75.448486,43.199509,133.4
-75.448509,43.199402,133.0
-75.447952,43.199358,131.8
-75.44762,43.19935,130.9
-75.447281,43.199356,130.9
-75.446551,43.199311,131.9
-75.446297,43.199264,130.9
-75.446133,43.199179,130.9
-75.44597,43.199094,130.9
-75.445865,43.199051,130.9
-75.445669,43.198957,130.9
-75.445527,43.198867,130.9
-75.44533,43.198701,130.9
-75.445125,43.198517,130.9
-75.444463,43.198091,130.9
-75.444217,43.197895,131.0
-75.443964,43.197795,131.0
-75.443637,43.197647,131.0
-75.443433,43.197529,131.0
-75.443235,43.197376,130.9
-75.442994,43.19731,130.9
-75.442693,43.197204,130.9
-75.44172,43.196757,130.9
-75.440952,43.196434,130.8
-75.44057,43.196278,130.7
-75.440426,43.196193,130.8
-75.440249,43.196077,130.9
-75.44007,43.196028,130.8
-75.439943,43.195966,130.8
-75.439786,43.195879,130.8
-75.439482,43.195739,130.8
-75.439011,43.19555,130.8
-75.438495,43.195333,130.7
-75.438162,43.195172,130.6
-75.437933,43.195068,130.5
-75.437815,43.194969,130.6
-75.43771,43.194755,130.9
-75.437094,43.194154,130.6
-75.436831,43.193872,131.1
-75.436729,43.193828,131.3
-75.436575,43.19381,131.4
-75.436079,43.19387,131.7
-75.43568,43.193901,131.4
-75.43539,43.193906,131.5
-75.435157,43.193892,131.7
-75.434981,43.193882,131.7
-75.433855,43.19375,132.4
-75.43291,43.193626,133.0
-75.432379,43.193614,133.3
-75.432416,43.193801,132.5
-75.43242,43.193847,132.3
-75.43241,43.193892,132.1
-75.432387,43.193951,131.9
-75.4323,43.194124,131.3
-75.432266,43.194175,131.1
-75.43224,43.194202,131.1
-75.431968,43.194382,130.9
-75.431798,43.194487,130.9
-75.431565,43.194596,130.9
-75.431304,43.194731,130.9
-75.430832,43.194916,130.9
-75.430355,43.195089,130.7
-75.429848,43.195116,130.8
-75.429438,43.195159,130.7
-75.428778,43.195226,130.8
-75.428037,43.195302,130.9
-75.425708,43.195544,130.8
-75.425308,43.195589,130.6
-75.425237,43.195597,130.6
-75.424757,43.195643,130.4
-75.424284,43.195674,130.2
-75.423594,43.195672,130.2
-75.421788,43.195642,128.0
-75.42095,43.195649,127.2
-75.419673,43.195603,127.6
-75.418945,43.195575,129.8
-75.418168,43.195547,128.5
-75.41761,43.195515,128.6
-75.416594,43.195386,127.5
-75.415841,43.195259,128.3
-75.414917,43.195075,129.6
-75.413599,43.194792,129.9
-75.41252,43.194551,129.7
-75.411544,43.194324,128.5
-75.410842,43.194154,129.8
-75.410322,43.19402,129.9
-75.408912,43.193541,130.6
-75.407968,43.193272,128.7
-75.405727,43.192739,130.6
-75.404066,43.192349,130.8
-75.401281,43.191713,130.6
-75.399791,43.19138,128.4
-75.39873,43.19113,129.9
-75.398185,43.190995,129.4
-75.397816,43.190904,129.1
-75.397428,43.190805,129.0
-75.397114,43.19071,129.5
-75.396338,43.190488,130.7
-75.395316,43.190187,130.9
-75.394339,43.189844,130.9
-75.392318,43.189196,130.9
-75.390662,43.18866,130.9
-75.388572,43.187954,130.9
-75.387082,43.187463,130.9
-75.386407,43.187273,130.9
-75.38549,43.187056,130.9
-75.384896,43.186941,130.9
-75.38319,43.186626,130.9
-75.382152,43.186425,130.9
-75.380475,43.186113,130.9
-75.378895,43.185806,130.9
-75.377942,43.185647,130.9
-75.37675,43.18543,130.9
-75.37618,43.185306,130.8
-75.375478,43.185134,130.8
-75.374822,43.184948,130.7
-75.373982,43.184676,131.2
-75.3728,43.184183,131.0
-75.3712,43.183496,130.9
-75.370132,43.183033,130.9
-75.368093,43.182156,130.9
-75.36671,43.181576,130.9
-75.365071,43.180856,130.9
-75.364271,43.180525,130.9
-75.363535,43.180211,131.0
-75.362244,43.179673,130.9
-75.361312,43.179221,131.0
-75.359992,43.178454,131.0
-75.357631,43.17711,130.9
-75.356408,43.17641,130.9
-75.354162,43.175145,131.0
-75.352613,43.174261,131.1
-75.351218,43.173486,131.1
-75.349481,43.172583,131.1
-75.348225,43.171953,130.6
-75.347763,43.171669,129.9
-75.347462,43.171465,129.7
-75.346892,43.171077,129.5
-75.346502,43.170772,130.0
-75.346303,43.170587,130.5
-75.346016,43.170346,130.9
-75.345255,43.169706,131.0
-75.34472,43.169268,130.9
-75.344569,43.16914,131.0
-75.344458,43.169046,130.9
-75.344334,43.168942,130.9
-75.344082,43.168771,131.0
-75.343808,43.168576,131.0
-75.34203,43.167418,129.1
-75.340945,43.166732,128.5
-75.339154,43.165546,130.8
-75.336912,43.163777,130.8
-75.335865,43.162924,130.6
-75.335287,43.16246,130.5
-75.334606,43.161886,130.6
-75.334114,43.161475,130.8
-75.332894,43.160274,128.1
-75.332821,43.160185,127.8
-75.332793,43.160112,128.1
-75.33277,43.160045,128.2
-75.33277,43.159982,128.3
-75.332716,43.159921,128.3
-75.331784,43.158864,128.1
-75.331612,43.158668,128.6
-75.331538,43.158627,128.7
-75.331452,43.15861,128.7
-75.331309,43.15849,128.5
-75.329792,43.16007,127.9
-75.328523,43.161367,126.6
-75.32765,43.162249,125.8
-75.32718,43.162792,125.6
-75.326898,43.163164,125.5
-75.326338,43.164,125.0
-75.325739,43.164889,124.7
-75.325222,43.165628,125.6
-75.325395,43.165744,125.9
-75.325415,43.165792,126.0
-75.325402,43.165851,126.2
-75.325297,43.16605,126.9
-75.324379,43.167495,130.1
-75.324313,43.167573,128.4
-75.324234,43.167607,127.6
-75.324174,43.167607,127.6
-75.324114,43.167588,127.6
-75.320917,43.164862,127.5
-75.318999,43.163231,127.6
-75.317321,43.161799,127.5
-75.315502,43.16027,127.6
-75.314819,43.159686,127.5
-75.314511,43.159436,127.5
-75.313752,43.15878,127.6
-75.313286,43.158347,127.6
-75.312858,43.158045,127.5
-75.312257,43.157543,127.5
-75.311935,43.157283,127.5
-75.31074,43.156253,127.5
-75.307459,43.153434,127.5
-75.306358,43.15251,127.5
-75.302154,43.149735,127.5
-75.301973,43.149596,127.6
-75.301892,43.149496,127.4
-75.301844,43.149398,127.0
-75.301812,43.149343,126.7
-75.30178,43.149299,126.9
-75.301708,43.149236,126.6
-75.301519,43.149126,127.5
-75.301378,43.149031,127.5
-75.301281,43.148971,126.9
-75.301189,43.14892,125.8
-75.301136,43.1489,125.7
-75.301065,43.148885,126.2
-75.300929,43.148863,127.3
-75.300852,43.148851,127.5
-75.300791,43.148836,127.5
-75.300733,43.148814,127.5
-75.300644,43.148765,127.4
-75.298238,43.147192,127.5
-75.29776,43.146865,127.6
-75.297643,43.146772,127.5
-75.297579,43.146726,127.5
-75.297487,43.146665,127.7
-75.297432,43.146636,127.5
-75.297306,43.146569,127.7
-75.297206,43.146503,127.6
-75.297028,43.146369,127.1
-75.296922,43.146292,127.2
-75.296756,43.146176,127.2
-75.296317,43.145911,127.5
-75.295784,43.145584,127.3
-75.295316,43.145272,127.6
-75.294778,43.144847,127.3
-75.294546,43.144611,125.3
-75.294277,43.144267,124.8
-75.294201,43.144177,124.8
-75.294118,43.1441,124.8
-75.294074,43.144072,124.8
-75.293978,43.144029,124.8
-75.293828,43.143981,124.8
-75.293662,43.143916,124.8
-75.29345,43.143811,124.9
-75.293091,43.143643,125.5
-75.292862,43.143504,125.8
-75.292764,43.143425,125.6
-75.292702,43.143376,125.7
-75.292637,43.14329,125.2
-75.292599,43.143225,124.8
-75.292535,43.143119,124.8
-75.292379,43.142949,124.8
-75.29227,43.14284,124.8
-75.292161,43.142723,124.8
-75.291856,43.142489,124.8
-75.2914,43.14218,124.8
-75.291341,43.142141,124.8
-75.291275,43.142101,124.8
-75.291203,43.142071,124.8
-75.291082,43.142037,124.8
-75.290945,43.142008,124.8
-75.290837,43.142,124.9
-75.290738,43.141993,124.6
-75.290578,43.141959,123.9
-75.290428,43.141911,123.5
-75.290303,43.141858,123.8
-75.289949,43.141657,123.0
-75.289402,43.141289,122.7
-75.288594,43.14072,123.5
-75.28791,43.140249,123.3
-75.285087,43.138403,124.0
-75.283218,43.137198,124.2
-75.282891,43.136953,124.4
-75.282741,43.136859,124.2
-75.282622,43.136814,123.6
-75.282384,43.136724,122.9
-75.282234,43.136671,122.6
-75.282048,43.1366,122.6
-75.281815,43.136498,122.7
-75.28168,43.136415,122.7
-75.281562,43.136335,122.7
-75.281432,43.136246,122.7
-75.281347,43.13616,122.7
-75.281276,43.136072,122.6
-75.281127,43.135958,122.6
-75.280831,43.135778,122.6
-75.280525,43.13551,122.6
-75.280328,43.135356,123.0
-75.280177,43.135238,123.3
-75.279826,43.135073,123.3
-75.279138,43.134801,123.0
-75.278574,43.134577,122.9
-75.278468,43.134549,122.6
-75.278336,43.134525,122.8
-75.278166,43.134525,122.7
-75.277995,43.134515,122.6
-75.277907,43.134481,122.6
-75.277752,43.134375,122.6
-75.277633,43.134292,122.8
-75.277519,43.134251,122.7
-75.276922,43.1341,122.5
-75.276668,43.134011,122.6
-75.276238,43.133873,122.7
-75.275022,43.133504,122.6
-75.273543,43.13302,122.7
-75.271241,43.132224,122.6
-75.270228,43.131909,122.7
-75.269236,43.131605,122.6
-75.268956,43.131511,122.6
-75.268667,43.131398,122.6
-75.268569,43.131351,122.7
-75.26848,43.131308,122.6
-75.268404,43.131282,122.9
-75.268307,43.131266,122.8
-75.268226,43.131265,122.6
-75.268144,43.131256,122.6
-75.268064,43.131233,122.6
-75.267936,43.131189,122.7
-75.267834,43.131154,122.6
-75.26657,43.130726,122.7
-75.266485,43.130689,122.6
-75.266418,43.13065,122.7
-75.266362,43.130596,122.7
-75.266296,43.130541,122.9
-75.266218,43.130501,123.8
-75.266113,43.13046,123.6
-75.263915,43.129726,123.4
-75.262358,43.129223,123.9
-75.261211,43.128836,124.1
-75.260988,43.128765,123.9
-75.260807,43.128736,123.6
-75.260652,43.12869,123.2
-75.260482,43.128611,123.5
-75.260321,43.128536,124.2
-75.260003,43.128436,124.5
-75.259588,43.128306,123.8
-75.259318,43.128221,123.6
-75.258725,43.128016,124.1
-75.257674,43.127653,124.4
-75.25677,43.127394,124.0
-75.256211,43.127199,123.9
-75.255736,43.127044,124.5
-75.255213,43.126876,124.1
-75.25496,43.12679,124.0
-75.254707,43.126703,123.9
-75.254277,43.126545,124.4
-75.253399,43.126252,124.5
-75.252763,43.126068,124.2
-75.252169,43.125896,124.3
-75.251863,43.12578,124.3
-75.251688,43.125696,124.4
-75.2515,43.12563,124.7
-75.251238,43.125573,124.2
-75.250969,43.125497,124.1
-75.250592,43.125374,124.2
-75.250354,43.12528,124.6
-75.249796,43.125084,124.2
-75.249635,43.12502,124.8
-75.249521,43.124952,125.5
-75.249402,43.124896,126.2
-75.249263,43.124852,127.2
-75.249113,43.124806,126.6
-75.24886,43.124737,125.2
-75.248577,43.12466,124.2
-75.24841,43.124614,123.5
-75.246327,43.123908,126.8
-75.243437,43.122954,126.1
-75.242822,43.122732,127.2
-75.242718,43.122672,127.9
-75.242672,43.1226,128.4
-75.242651,43.12252,128.2
-75.242661,43.12243,127.9
-75.242912,43.122074,126.8
-75.241788,43.122424,131.1
-75.241706,43.122439,128.7
-75.241638,43.122439,127.0
-75.241018,43.122274,123.0
-75.240656,43.122139,122.8
-75.240274,43.121992,123.1
-75.239648,43.121725,123.8
-75.239443,43.121655,123.6
-75.239333,43.121624,123.6
-75.239178,43.121582,123.3
-75.238939,43.121533,123.0
-75.23863,43.121478,122.6
-75.238089,43.121314,122.6
-75.237475,43.121102,122.7
-75.236259,43.120716,123.5
-75.234453,43.120135,123.7
-75.234169,43.120047,123.5
-75.234076,43.120022,123.1
-75.233958,43.119993,122.7
-75.233568,43.119936,122.7
-75.233461,43.119912,122.7
-75.233353,43.119876,122.6
-75.23324,43.119819,122.8
-75.233072,43.119711,122.9
-75.232944,43.119664,122.7
-75.232772,43.119625,122.8
-75.232561,43.119604,122.6
-75.232502,43.119604,122.7
-75.232404,43.119601,122.7
-75.232306,43.119583,122.6
-75.232212,43.119533,122.7
-75.231942,43.119422,122.7
-75.231735,43.119336,122.6
-75.231607,43.119304,122.7
-75.231484,43.119279,122.7
-75.231312,43.119258,122.7
-75.231194,43.119222,122.7
-75.231105,43.119172,122.7
-75.230973,43.119096,122.7
-75.230845,43.118985,122.7
-75.230761,43.118924,122.7
-75.230539,43.118845,122.7
-75.229763,43.118606,122.7
-75.22933,43.118481,122.8
-75.229128,43.118395,122.9
-75.228973,43.118292,123.1
-75.228826,43.118198,122.9
-75.228727,43.118134,122.7
-75.22865,43.118068,122.0
-75.228562,43.117985,121.3
-75.228522,43.117953,120.7
-75.228465,43.117939,120.4
-75.228414,43.117946,120.0
-75.228179,43.118058,122.4
-75.228046,43.118005,124.3
-75.227869,43.11798,126.4
-75.227638,43.117926,125.7
-75.227377,43.117815,125.4
-75.226779,43.11755,124.0
-75.226449,43.117385,124.4
-75.226329,43.117325,123.8
-75.225443,43.11688,123.4
-75.224617,43.116443,123.6
-75.221936,43.115019,122.7
-75.22132,43.114697,122.7
-75.220606,43.114324,122.6
-75.219154,43.113553,122.7
-75.219002,43.11346,122.7
-75.216272,43.112065,123.4
-75.216076,43.111966,123.1
-75.215905,43.111887,123.3
-75.215885,43.111874,123.2
-75.215876,43.111862,123.2
-75.21587,43.111838,123.6
-75.21587,43.111819,124.1
-75.215873,43.111802,124.7
-75.215882,43.111785,125.3
-75.215902,43.111765,126.3
-75.216011,43.111671,128.8
-75.216071,43.111621,129.4
-75.216085,43.111604,129.6
-75.216104,43.111573,129.8
-75.216118,43.111543,130.0
-75.216128,43.111509,130.2
-75.216134,43.111479,130.3
-75.216135,43.11145,130.5
-75.216127,43.111384,130.7
-75.216117,43.111352,130.8
-75.216103,43.111322,130.8
-75.216089,43.111298,130.8
-75.216066,43.111269,130.8
-75.216034,43.111235,130.9
-75.216011,43.111214,130.9
-75.215975,43.11119,130.9
-75.215939,43.111171,130.9
-75.215893,43.111153,130.9
-75.215854,43.111142,130.9
-75.215815,43.111133,130.9
-75.215777,43.111125,131.0
-75.215741,43.111121,131.0
-75.215648,43.111118,131.0
-75.215581,43.111121,130.9
-75.215542,43.111119,130.9
-75.215518,43.111114,130.8
-75.215037,43.110885,130.8
-75.214836,43.111093,129.0
-75.214812,43.111107,128.8
-75.214791,43.111113,128.3
-75.214768,43.111114,127.9
-75.214731,43.111106,127.6
-75.214643,43.111083,126.7
-75.214552,43.111069,125.7
-75.214463,43.111067,124.3
-75.214417,43.111065,123.8
-75.21439,43.111064,123.5
-75.214355,43.111059,123.2
-75.214317,43.111046,123.0
-75.213769,43.110751,123.6
-75.213155,43.110463,124.4
-75.21245,43.110167,125.1
-75.211919,43.109984,125.4
-75.211294,43.109809,125.2
-75.210528,43.109638,125.7
-75.210151,43.109573,124.8
-75.209933,43.109518,122.6
-75.209402,43.109416,126.8
-75.209345,43.109294,127.9
-75.209788,43.109223,128.0
-75.209905,43.109256,128.2
-75.209989,43.109313,128.2
-75.209927,43.109411,125.3
-75.209789,43.109574,123.3
-75.209699,43.109678,122.7
-75.209215,43.110249,125.9
-75.209065,43.110197,125.5
-75.209013,43.11017,125.1
-75.208958,43.110139,124.6
-75.20889,43.11011,124.3
-75.208693,43.110023,123.5
-75.208577,43.109989,123.3
-75.208464,43.109957,123.0
-75.20591,43.109556,122.8
-75.204287,43.10936,122.9
-75.202188,43.109048,122.9
-75.199512,43.108652,122.9
-75.194505,43.107889,122.9
-75.191934,43.107486,122.8
-75.188341,43.106904,122.7
-75.185548,43.106511,122.8
-75.184323,43.106337,122.7
-75.18346,43.106167,122.7
-75.18259,43.105943,122.8
-75.181678,43.105645,122.7
-75.180767,43.105293,122.7
-75.178785,43.104434,122.9
-75.176272,43.103359,122.9
-75.173259,43.102011,123.0
-75.171061,43.101122,125.9
-75.16869,43.100071,125.8
-75.166546,43.099118,126.6
-75.164196,43.098053,123.6
-75.162287,43.097276,122.9
-75.1609,43.096631,122.9
-75.158723,43.095664,122.9
-75.158074,43.095336,122.9
-75.15741,43.095015,122.9
-75.156942,43.094764,122.3
-75.15506,43.093925,122.9
-75.15772,43.091329,117.4
-75.158827,43.09027,122.4
-75.160209,43.088958,124.1
-75.160841,43.088317,124.9
-75.161496,43.087799,126.4
-75.161318,43.087571,126.9
-75.161324,43.087347,127.4
-75.161512,43.087151,127.6
-75.161765,43.08696,127.6
-75.16203,43.086885,127.6
-75.161299,43.086359,128.6
-75.160851,43.085967,128.9
-75.160485,43.085669,128.9
-75.160236,43.085488,128.8
-75.159842,43.085283,128.6
-75.159398,43.085129,128.3
-75.159037,43.085031,128.2
-75.158674,43.084961,128.0
-75.156357,43.084617,125.9
-75.15376,43.084225,125.9
-75.152061,43.083677,125.9
-75.149708,43.082989,125.9
-75.147574,43.082114,127.5
-75.145792,43.081405,126.4
-75.144616,43.080934,125.8
-75.143806,43.080617,126.3
-75.13773,43.078551,126.4
-75.13476,43.07748,126.2
-75.133116,43.076828,124.4
-75.132603,43.076575,124.7
-75.131539,43.07604,125.1
-75.129597,43.075034,125.0
-75.128533,43.074471,124.6
-75.12762,43.073943,126.5
-75.126561,43.073301,126.1
-75.125341,43.072526,125.4
-75.12435,43.071906,124.4
-75.12292,43.070949,122.0
-75.121323,43.069897,122.5
-75.120118,43.069123,124.0
-75.119279,43.068609,124.8
-75.118088,43.067927,124.7
-75.117317,43.067489,124.6
-75.115736,43.066579,125.3
-75.114799,43.065972,126.2
-75.113959,43.065469,126.4
-75.112432,43.064681,125.3
-75.110247,43.063557,125.2
-75.108242,43.06253,125.0
-75.106251,43.061513,125.9
-75.105324,43.061053,126.9
-75.10309,43.060012,125.0
-75.100203,43.05866,127.6
-75.099242,43.058214,127.3
-75.098291,43.057686,127.1
-75.097422,43.057175,126.6
-75.096842,43.056915,125.5
-75.095242,43.056184,123.7
-75.093823,43.055541,119.8
-75.092804,43.054892,123.1
-75.09153,43.054042,123.1
-75.090399,43.053264,125.9
-75.089286,43.052522,126.9
-75.088057,43.051872,127.0
-75.086794,43.051194,126.6
-75.085585,43.050584,127.2
-75.084346,43.050102,126.5
-75.083693,43.049838,126.1
-75.083196,43.049599,126.0
-75.082523,43.049189,126.1
-75.081708,43.048582,125.7
-75.080825,43.047878,124.8
-75.080352,43.047503,123.6
-75.078898,43.046286,124.2
-75.078079,43.045593,126.1
-75.077327,43.044918,122.7
-75.076863,43.044471,122.9
-75.075288,43.043054,122.8
-75.073691,43.041663,124.3
-75.072699,43.040794,123.4
-75.072085,43.040253,124.0
-75.071297,43.039521,124.3
-75.070378,43.038714,124.4
-75.065124,43.034018,124.3
-75.0636,43.032604,124.4
-75.062649,43.031749,124.1
-75.061751,43.030895,123.9
-75.061105,43.030285,123.7
-75.060581,43.029758,123.7
-75.05989,43.029097,123.9
-75.058435,43.02768,123.2
-75.057423,43.026692,122.9
-75.056932,43.026237,122.4
-75.056716,43.02604,122.3
-75.056123,43.025522,120.8
-75.055591,43.025124,119.8
-75.05417,43.024109,121.9
-75.053711,43.023748,121.6
-75.053548,43.023626,120.9
-75.053471,43.023685,120.6
-75.053237,43.023796,119.8
-75.053059,43.02387,119.8
-75.052959,43.023899,119.9
-75.052874,43.023914,119.9
-75.052763,43.023928,119.9
-75.052637,43.023936,119.9
-75.052564,43.023934,119.8
-75.052481,43.023927,119.7
-75.052391,43.023909,119.6
-75.052295,43.023881,119.5
-75.052157,43.023828,119.6
-75.051921,43.02369,119.8
-75.051767,43.023593,119.8
-75.051582,43.023488,119.8
-75.051345,43.023378,119.8
-75.050979,43.023227,119.8
-75.050592,43.023107,119.8
-75.050255,43.023023,119.7
-75.049826,43.022917,119.7
-75.048977,43.022689,119.7
-75.048708,43.022628,119.7
-75.048146,43.022497,119.7
-75.047627,43.022409,119.5
-75.046289,43.022169,119.0
-75.045859,43.022096,118.9
-75.045569,43.022049,118.9
-75.04526,43.022018,118.6
-75.045022,43.021997,118.5
-75.044326,43.02195,117.5
-75.043685,43.021934,117.1
-75.042656,43.021972,119.4
-75.042091,43.022014,119.0
-75.039651,43.022202,117.4
-75.03862,43.022278,117.3
-75.037573,43.022312,117.3
-75.037239,43.022325,117.2
-75.036858,43.022329,117.2
-75.036354,43.022321,117.3
-75.035922,43.022289,117.3
-75.03552,43.022231,117.3
-75.03512,43.022155,117.3
-75.034733,43.022051,117.4
-75.033997,43.021804,117.5
-75.033484,43.021645,117.5
-75.032969,43.021468,117.5
-75.031441,43.021131,117.7
-75.031104,43.021053,117.0
-75.030828,43.020989,116.7
-75.030665,43.020933,116.5
-75.030537,43.020865,116.6
-75.030239,43.020703,116.9
-75.030128,43.020434,117.9
-75.02975,43.020169,116.9
-75.029557,43.020057,116.9
-75.029186,43.0199,116.8
-75.028779,43.019751,116.9
-75.028488,43.019628,116.8
-75.02829,43.019535,116.8
-75.028137,43.019453,116.9
-75.028046,43.019456,116.8
-75.027957,43.019433,116.8
-75.027761,43.019345,116.8
-75.0271,43.018986,116.9
-75.026239,43.018494,116.9
-75.02425,43.017419,117.0
-75.024173,43.017359,117.1
-75.024118,43.017255,117.2
-75.024117,43.017154,117.3
-75.024168,43.016971,117.3
-75.024265,43.016654,117.5
-75.024316,43.016479,118.7
-75.024341,43.016374,119.5
-75.024346,43.01634,119.6
-75.02432,43.016311,119.7
-75.024253,43.016277,119.7
-75.023847,43.016165,119.9
-75.022794,43.015859,119.9
-75.019727,43.015091,119.8
-75.018419,43.014748,119.8
-75.016084,43.014132,119.7
-75.014609,43.01377,119.5
-75.01411,43.013662,119.4
-75.013657,43.013565,119.4
-75.012864,43.013475,117.0
-75.011719,43.013401,119.4
-75.01116,43.013379,119.6
-75.010524,43.013371,119.7
-75.009852,43.01342,119.8
-75.0091,43.013498,119.8
-75.00756,43.013751,119.8
-75.005986,43.014019,119.7
-75.004849,43.014225,119.7
-75.000116,43.015014,119.5
-74.999755,43.01504,118.4
-74.999409,43.015055,117.5
-74.998931,43.015055,117.3
-74.998534,43.015033,117.4
-74.998285,43.015018,117.5
-74.99801,43.014992,117.4
-74.997451,43.014906,117.4
-74.997212,43.014891,117.4
-74.997013,43.014906,117.4
-74.99685,43.014928,117.3
-74.996316,43.015085,116.8
-74.995582,43.015278,115.8
-74.995389,43.015308,115.7
-74.995283,43.015303,115.7
-74.995087,43.01526,115.6
-74.994952,43.015224,115.6
-74.99473,43.015165,115.6
-74.994642,43.015135,115.6
-74.994549,43.015066,115.6
-74.994467,43.014946,115.6
-74.994403,43.014882,115.7
-74.994297,43.014822,115.6
-74.99408,43.014756,115.8
-74.99383,43.01468,115.7
-74.99359,43.014599,115.8
-74.993287,43.014496,115.8
-74.992473,43.014151,115.8
-74.992135,43.01405,115.7
-74.99175,43.013943,115.7
-74.991599,43.013915,115.7
-74.991329,43.013866,115.7
-74.990177,43.013694,115.7
-74.989529,43.013621,115.6
-74.98897,43.013567,115.7
-74.988474,43.013568,115.7
-74.988167,43.013582,115.7
-74.987902,43.013608,115.7
-74.987658,43.013649,115.7
-74.987369,43.013704,115.7
-74.987185,43.013738,115.7
-74.986889,43.013798,115.7
-74.986615,43.013863,115.8
-74.986479,43.013906,115.7
-74.986329,43.013955,115.8
-74.986028,43.014076,115.7
-74.985774,43.01419,115.9
-74.98522,43.014476,115.7
-74.984784,43.014751,115.7
-74.984374,43.014959,115.8
-74.98409,43.015087,115.6
-74.98385,43.015191,115.8
-74.982915,43.015525,120.4
-74.982806,43.015575,120.6
-74.982187,43.015801,121.9
-74.981408,43.016022,121.7
-74.981073,43.016136,121.3
-74.980753,43.016253,120.9
-74.980669,43.016309,120.2
-74.980602,43.016354,119.8
-74.980484,43.016436,119.0
-74.980398,43.016496,118.4
-74.980255,43.016564,118.1
-74.980087,43.016627,118.1
-74.979826,43.016737,117.8
-74.979096,43.016986,120.8
-74.9786,43.017148,121.5
-74.978248,43.017256,118.4
-74.977851,43.017346,117.3
-74.977157,43.017469,116.7
-74.976227,43.017558,117.2
-74.975518,43.017642,117.5
-74.973955,43.017824,117.8
-74.973598,43.017874,117.6
-74.972263,43.018087,117.4
-74.97072,43.018279,118.1
-74.970109,43.018346,118.3
-74.969151,43.018462,118.3
-74.968487,43.018549,118.1
-74.967699,43.018601,118.5
-74.967128,43.018636,119.0
-74.966897,43.018691,118.4
-74.966726,43.018732,117.9
-74.96645,43.018769,117.3
-74.966158,43.018797,116.6
-74.965971,43.018801,116.7
-74.965786,43.018808,116.8
-74.965262,43.018843,116.9
-74.964721,43.018871,116.6
-74.963871,43.018871,116.5
-74.963592,43.018856,115.9
-74.963243,43.018792,115.8
-74.96301,43.018736,116.3
-74.962654,43.018634,116.9
-74.962473,43.018599,116.5
-74.962309,43.018582,116.3
-74.962017,43.018584,116.7
-74.961756,43.018586,116.6
-74.961369,43.018584,116.4
-74.96122,43.01859,116.4
-74.961077,43.018638,116.1
-74.960973,43.01866,116.0
-74.960856,43.018664,116.0
-74.960111,43.018634,116.0
-74.959192,43.018594,116.0
-74.958612,43.018563,116.2
-74.957713,43.018569,116.0
-74.957318,43.018595,116.0
-74.95705,43.018628,116.1
-74.956532,43.018735,115.9
-74.955937,43.018872,115.9
-74.955687,43.018913,116.1
-74.955324,43.019019,116.3
-74.955014,43.019085,116.5
-74.95469,43.019139,116.1
-74.954437,43.019143,115.8
-74.954167,43.019133,115.8
-74.953753,43.019132,116.2
-74.949796,43.019115,115.6
-74.949377,43.019098,115.6
-74.949021,43.019064,115.6
-74.948644,43.019017,115.6
-74.948133,43.018923,115.6
-74.93763,43.01699,115.6
-74.934454,43.016335,115.6
-74.933845,43.016242,115.6
-74.933299,43.016184,115.6
-74.931996,43.016076,115.6
-74.931841,43.016055,115.6
-74.931732,43.016025,115.6
-74.931663,43.015983,115.6
-74.93152,43.015869,115.6
-74.930452,43.015182,115.6
-74.930188,43.01506,115.6
-74.929932,43.014967,115.6
-74.9297,43.014908,115.6
-74.929427,43.014849,115.6
-74.928908,43.014774,115.6
-74.928364,43.014714,115.6
-74.928139,43.0147,115.6
-74.927888,43.014697,115.6
-74.927622,43.014716,115.6
-74.927368,43.014756,115.6
-74.927105,43.014809,115.6
-74.92684,43.014874,115.6
-74.924704,43.015486,115.6
-74.924089,43.01565,115.6
-74.923698,43.015734,115.6
-74.923371,43.015771,115.6
-74.922952,43.01583,115.6
-74.922601,43.015864,115.6
-74.92232,43.015889,115.7
-74.921925,43.015929,115.7
-74.92171,43.015947,115.6
-74.921446,43.015965,115.6
-74.921207,43.015973,115.6
-74.920968,43.015979,115.6
-74.920354,43.015982,115.6
-74.919616,43.015986,115.6
-74.918619,43.015971,115.6
-74.917734,43.015967,115.7
-74.917016,43.015851,115.7
-74.916606,43.015746,115.6
-74.91616,43.015686,115.7
-74.915559,43.01565,115.7
-74.914153,43.015464,115.8
-74.91186,43.015385,115.8
-74.909332,43.015313,115.7
-74.908303,43.015252,112.8
-74.907181,43.015164,114.2
-74.906443,43.015072,115.7
-74.905341,43.015206,116.6
-74.904358,43.01534,116.9
-74.903412,43.015472,115.9
-74.902778,43.01557,115.8
-74.901351,43.015806,115.4
-74.900561,43.015931,115.4
-74.900125,43.015977,115.5
-74.899665,43.01604,115.5
-74.8992,43.016115,115.6
-74.898859,43.016194,115.6
-74.898607,43.01626,115.6
-74.898367,43.016325,115.6
-74.898155,43.01639,115.6
-74.897798,43.016506,115.6
-74.897677,43.016539,115.6
-74.897557,43.016565,115.6
-74.897361,43.016594,115.4
-74.897144,43.016634,115.3
-74.896815,43.016707,115.1
-74.89639,43.016829,114.7
-74.895695,43.017064,114.6
-74.894517,43.017476,114.9
-74.893674,43.017784,114.8
-74.893592,43.017813,114.8
-74.892948,43.018052,114.8
-74.891638,43.01851,115.0
-74.89088,43.018792,114.8
-74.890397,43.01896,114.7
-74.88964,43.019199,114.6
-74.88885,43.019481,114.8
-74.885649,43.020646,114.4
-74.882387,43.021809,114.7
-74.881142,43.022231,114.6
-74.879697,43.022769,115.6
-74.877342,43.023621,116.1
-74.876785,43.02383,116.4
-74.876541,43.023954,116.4
-74.876027,43.024204,116.5
-74.875121,43.024641,116.7
-74.874629,43.02493,116.5
-74.874284,43.025157,116.5
-74.873808,43.025465,116.6
-74.873304,43.025804,116.6
-74.872822,43.026129,116.6
-74.871452,43.027103,117.0
-74.871029,43.027433,116.9
-74.870701,43.027671,116.9
-74.870123,43.028078,117.4
-74.869356,43.028634,117.9
-74.86885,43.028966,118.5
-74.868568,43.029222,118.5
-74.867966,43.029749,118.5
-74.867716,43.029971,118.5
-74.867553,43.030177,118.0
-74.867399,43.030367,117.4
-74.867263,43.030447,117.5
-74.86712,43.030594,117.0
-74.866896,43.030812,116.3
-74.866548,43.031178,115.9
-74.866388,43.031339,115.9
-74.866346,43.031393,115.8
-74.866294,43.031481,115.7
-74.866188,43.031587,115.7
-74.866024,43.03175,115.7
-74.86582,43.031962,115.6
-74.865652,43.032133,115.6
-74.865549,43.032236,115.3
-74.865494,43.032296,115.1
-74.865427,43.032355,115.1
-74.865388,43.032403,115.2
-74.865336,43.032458,115.4
-74.865262,43.032523,115.7
-74.865179,43.032603,115.8
-74.865112,43.03268,115.8
-74.865057,43.032757,115.7
-74.865015,43.032824,115.6
-74.864986,43.032856,115.6
-74.864973,43.032921,115.4
-74.864966,43.032978,115.2
-74.86489,43.033056,115.3
-74.864843,43.033106,115.3
-74.864628,43.033316,115.3
-74.864575,43.033363,115.4
-74.864501,43.033415,115.5
-74.864423,43.033467,115.6
-74.864329,43.033536,115.7
-74.864271,43.033602,115.7
-74.864208,43.033676,115.7
-74.864154,43.033748,115.6
-74.864082,43.033828,115.6
-74.863987,43.033901,115.7
-74.863881,43.033956,116.0
-74.863811,43.033992,116.3
-74.863708,43.034088,116.4
-74.862628,43.035201,116.9
-74.86238,43.035454,116.7
-74.862263,43.035588,116.5
-74.862167,43.035697,116.4
-74.862126,43.035776,116.1
-74.862099,43.035846,115.8
-74.86205,43.03591,115.7
-74.861984,43.035977,115.7
-74.861776,43.03616,115.9
-74.861497,43.036434,116.0
-74.861133,43.036738,116.4
-74.860857,43.036974,116.6
-74.860792,43.037047,116.6
-74.860763,43.0371,116.5
-74.860725,43.037192,116.2
-74.860688,43.037324,115.7
-74.86041,43.037329,117.0
-74.860384,43.037335,117.1
-74.860361,43.037344,117.2
-74.860342,43.037356,117.2
-74.860329,43.037365,117.2
-74.860313,43.037431,116.9
-74.860191,43.037433,117.3
-74.860176,43.037461,117.2
-74.86015,43.037492,117.2
-74.859939,43.037624,116.7
-74.859542,43.037881,116.8
-74.859339,43.037998,117.1
-74.859103,43.038118,117.4
-74.858788,43.038251,117.5
-74.858631,43.038311,117.8
-74.858487,43.038363,118.1
-74.858162,43.038447,119.1
-74.857746,43.038566,120.1
-74.857512,43.038615,120.9
-74.857318,43.038647,121.6
-74.857164,43.038672,121.7
-74.85695,43.038694,121.7
-74.856702,43.03869,121.7
-74.856291,43.038671,121.7
-74.855987,43.038656,121.7
-74.855727,43.038633,121.7
-74.855523,43.038609,121.7
-74.85525,43.038598,121.6
-74.854929,43.038583,120.9
-74.854373,43.0386,116.3
-74.8541,43.038628,112.7
-74.853432,43.038778,114.5
-74.852779,43.038923,115.8
-74.85236,43.039016,117.1
-74.852082,43.039055,118.5
-74.851833,43.039076,118.8
-74.851566,43.039075,119.2
-74.851327,43.039075,120.9
-74.850966,43.039046,119.6
-74.85063,43.038992,118.1
-74.850157,43.038926,112.9
-74.849895,43.038855,111.3
-74.849656,43.038784,111.1
-74.849486,43.038712,111.3
-74.849121,43.038543,110.1
-74.84888,43.038428,110.0
-74.848634,43.03831,110.2
-74.84844,43.038224,110.0
-74.848172,43.038131,109.8
-74.847656,43.037955,109.9
-74.847305,43.03788,109.5
-74.846638,43.037766,110.0
-74.846379,43.037717,110.2
-74.846136,43.037671,110.3
-74.845859,43.037606,110.3
-74.845489,43.037481,110.8
-74.84506,43.037319,111.5
-74.844579,43.037126,111.4
-74.843279,43.036582,111.4
-74.842851,43.036401,112.1
-74.842384,43.036233,112.4
-74.842028,43.036139,111.8
-74.840904,43.03588,111.1
-74.840465,43.035794,111.1
-74.839954,43.035711,110.9
-74.839428,43.035603,110.9
-74.838435,43.035387,110.5
-74.837758,43.035247,110.6
-74.836744,43.035002,110.8
-74.836414,43.03492,110.7
-74.836117,43.034834,110.9
-74.835645,43.034697,111.3
-74.834295,43.034291,106.8
-74.833762,43.034129,106.7
-74.833498,43.034049,106.7
-74.833132,43.033916,106.8
-74.832892,43.033818,106.9
-74.832688,43.033708,107.3
-74.83246,43.03358,108.4
-74.832076,43.033341,109.3
-74.831451,43.032874,105.6
-74.831429,43.032854,105.4
-74.831269,43.032997,103.5
-74.831205,43.033043,103.0
-74.831143,43.033079,102.7
-74.831075,43.033107,102.3
-74.831033,43.033114,102.0
-74.830997,43.033112,101.9
-74.830957,43.033105,101.7
-74.830907,43.033086,101.5
-74.830862,43.033053,101.4
-74.83081,43.033029,101.2
-74.830784,43.03301,101.1
-74.830785,43.032984,101.2
-74.830795,43.032958,101.3
-74.830824,43.032922,101.6
-74.831099,43.032584,103.0
-74.831116,43.032543,103.0
-74.831116,43.032536,103.0
-74.83113,43.032494,103.0
-74.831051,43.032432,103.4
-74.830734,43.032136,103.5
-74.830186,43.031485,103.0
-74.829233,43.030352,103.6
-74.829051,43.03015,103.6
-74.828733,43.029868,103.5
-74.828517,43.029695,103.5
-74.828205,43.029505,103.5
-74.827888,43.029344,103.5
-74.827395,43.029112,103.6
-74.826987,43.028957,103.7
-74.826471,43.028793,103.6
-74.826009,43.028674,103.7
-74.825691,43.028616,103.7
-74.825384,43.02857,103.7
-74.824921,43.028553,103.7
-74.824459,43.02857,103.6
-74.823954,43.028595,103.6
-74.823416,43.028647,103.5
-74.822068,43.028826,103.6
-74.821718,43.028854,103.7
-74.821333,43.028835,104.0
-74.821113,43.028782,104.5
-74.820853,43.028849,104.2
-74.820686,43.028891,103.9
-74.820484,43.028904,103.9
-74.819787,43.028852,104.1
-74.819084,43.0288,104.0
-74.818243,43.028701,103.4
-74.817955,43.02868,103.4
-74.817781,43.028764,103.3
-74.817576,43.028858,103.0
-74.817412,43.028975,102.7
-74.81728,43.029025,102.6
-74.817141,43.029029,102.5
-74.816859,43.028987,102.5
-74.816623,43.028952,102.4
-74.816393,43.028884,102.5
-74.81607,43.028774,102.5
-74.815742,43.028706,102.5
-74.815643,43.028666,102.6
-74.815575,43.028629,102.6
-74.815558,43.028574,102.7
-74.81557,43.028486,102.9
-74.815564,43.028443,102.8
-74.815541,43.028429,102.8
-74.815511,43.02841,102.9
-74.813382,43.02775,102.7
-74.812541,43.0275,102.5
-74.812432,43.027445,102.5
-74.812398,43.027373,102.6
-74.81234,43.027313,102.7
-74.812208,43.027224,102.8
-74.812174,43.027165,102.9
-74.812162,43.027047,103.1
-74.812163,43.026928,103.5
-74.812128,43.026856,104.0
-74.811979,43.026801,104.1
-74.811484,43.026602,104.1
-74.810712,43.026309,103.9
-74.809567,43.025791,104.0
-74.806877,43.024399,104.4
-74.806035,43.02385,104.8
-74.805573,43.023567,104.9
-74.805088,43.023267,104.7
-74.804302,43.022714,104.8
-74.803659,43.022196,105.7
-74.803214,43.021841,106.2
-74.800707,43.019812,106.1
-74.798916,43.018354,105.4
-74.79763,43.017395,105.0
-74.795969,43.01617,105.5
-74.794955,43.015385,104.4
-74.79248,43.013565,103.9
-74.791444,43.012796,103.9
-74.790551,43.012182,104.2
-74.789101,43.011253,104.3
-74.788409,43.010875,104.1
-74.787542,43.010435,104.1
-74.786774,43.010037,104.2
-74.785917,43.00967,104.2
-74.785325,43.009425,104.4
-74.785069,43.009334,104.4
-74.784748,43.009218,104.5
-74.784459,43.009117,104.5
-74.783763,43.008907,104.6
-74.782821,43.008628,104.8
-74.781771,43.008361,104.0
-74.780307,43.007966,103.8
-74.778999,43.007629,104.0
-74.778834,43.007559,104.2
-74.778549,43.007471,104.2
-74.778017,43.007336,104.2
-74.777398,43.007162,103.9
-74.777258,43.007116,103.8
-74.777033,43.00705,103.8
-74.776085,43.006803,103.6
-74.772309,43.00576,101.9
-74.769381,43.004965,101.4
-74.766183,43.004134,100.7
-74.76419,43.003605,100.2
-74.762392,43.003108,99.8
-74.758264,43.002011,99.7
-74.749397,42.99964,100.7
-74.745304,42.998506,100.5
-74.744021,42.998064,99.9
-74.742294,42.997462,99.6
-74.741153,42.997081,99.4
-74.740108,42.996697,98.9
-74.739599,42.996481,99.2
-74.739234,42.996328,99.4
-74.739028,42.996191,100.0
-74.738714,42.996026,101.1
-74.738455,42.995902,100.8
-74.737955,42.995642,100.4
-74.737615,42.995482,100.0
-74.736646,42.995003,100.5
-74.735785,42.994589,100.3
-74.734923,42.99417,100.4
-74.734243,42.99383,100.3
-74.733618,42.993519,100.4
-74.733077,42.993289,100.1
-74.732393,42.993006,100.0
-74.731884,42.992816,99.9
-74.730846,42.992489,98.5
-74.7297,42.992125,98.3
-74.728224,42.991707,100.5
-74.727372,42.991448,101.6
-74.727197,42.991416,101.7
-74.727081,42.991406,101.7
-74.726962,42.991437,101.5
-74.7269,42.991482,101.2
-74.726833,42.991588,100.5
-74.72678,42.991783,99.2
-74.726724,42.991835,98.5
-74.726597,42.991885,98.6
-74.726118,42.991888,98.7
-74.725454,42.991853,99.0
-74.724627,42.991852,99.0
-74.7214,42.991949,98.0
-74.719223,42.991982,98.0
-74.718332,42.992001,98.0
-74.717908,42.992006,98.0
-74.717641,42.992035,98.0
-74.717526,42.992062,98.0
-74.71743,42.992072,98.0
-74.717306,42.992057,98.0
-74.716849,42.992033,98.0
-74.71627,42.992052,98.0
-74.71559,42.992059,98.0
-74.714343,42.992051,98.0
-74.712701,42.992085,98.0
-74.711927,42.992085,98.1
-74.711401,42.992041,97.2
-74.710905,42.99205,97.6
-74.710286,42.992098,98.0
-74.70997,42.992112,98.0
-74.709818,42.992081,97.8
-74.710142,42.991941,96.9
-74.710292,42.991785,96.6
-74.710398,42.991696,96.9
-74.710468,42.991637,97.2
-74.710594,42.991545,98.1
-74.710403,42.991542,97.9
-74.709949,42.991488,97.6
-74.709612,42.991425,98.0
-74.709489,42.991358,98.7
-74.709015,42.991352,99.0
-74.707412,42.991358,100.3
-74.705867,42.991368,100.9
-74.705464,42.991367,101.1
-74.705095,42.991342,101.1
-74.703687,42.991177,100.9
-74.702545,42.991055,100.8
-74.702064,42.991034,100.4
-74.701396,42.991047,99.4
-74.7005,42.991054,99.8
-74.699766,42.991066,100.3
-74.698786,42.991088,100.2
-74.69739,42.991127,100.1
-74.696339,42.991136,100.3
-74.695566,42.991132,100.0
-74.694975,42.991154,100.0
-74.69456,42.991167,100.1
-74.693157,42.991249,100.4
-74.690417,42.991417,100.0
-74.685137,42.991748,99.3
-74.684571,42.991792,99.3
-74.684055,42.991831,99.1
-74.683627,42.991869,99.0
-74.683193,42.991925,98.4
-74.682672,42.992003,98.4
-74.681381,42.992195,99.5
-74.68131,42.992208,99.5
-74.681083,42.992248,99.7
-74.680762,42.992305,100.4
-74.680187,42.992428,100.3
-74.678445,42.992733,99.1
-74.677804,42.992803,99.1
-74.677203,42.992843,99.1
-74.676733,42.992847,98.9
-74.676295,42.992838,98.8
-74.675848,42.992803,99.1
-74.675541,42.992763,99.2
-74.675211,42.99272,99.1
-74.674962,42.99268,99.0
-74.674567,42.992603,98.9
-74.67419,42.992509,99.0
-74.673851,42.992418,98.9
-74.673428,42.992289,98.5
-74.673224,42.992224,98.3
-74.673054,42.992163,98.1
-74.672925,42.992109,97.3
-74.672646,42.991993,97.4
-74.672233,42.991846,98.3
-74.671878,42.991698,98.5
-74.670849,42.991223,99.3
-74.66945,42.990608,99.1
-74.668526,42.990255,99.5
-74.667356,42.989746,100.1
-74.665982,42.989108,99.8
-74.6647,42.98855,98.8
-74.663322,42.98795,98.5
-74.662791,42.987726,98.4
-74.662398,42.987561,98.4
-74.661876,42.987327,98.8
-74.661456,42.987118,99.2
-74.661014,42.986867,99.3
-74.660451,42.986526,99.5
-74.659772,42.986062,99.7
-74.659045,42.985556,100.0
-74.65815,42.984934,100.0
-74.657255,42.984311,99.0
-74.65695,42.984081,98.5
-74.656541,42.98382,97.9
-74.656145,42.983482,98.0
-74.655669,42.983037,98.1
-74.655221,42.982564,98.4
-74.654338,42.981691,97.7
-74.653662,42.981076,97.8
-74.650607,42.978144,98.0
-74.649845,42.977376,98.0
-74.648574,42.976168,98.1
-74.64837,42.975996,98.0
-74.648206,42.975831,98.0
-74.647678,42.9753,98.2
-74.647271,42.97488,98.7
-74.647055,42.974692,98.5
-74.646474,42.97405,98.3
-74.646039,42.973531,97.9
-74.645908,42.973372,97.7
-74.645598,42.972933,97.6
-74.645514,42.972799,97.5
-74.64543,42.972632,97.7
-74.645229,42.972226,98.0
-74.645057,42.971791,98.3
-74.644826,42.971117,98.7
-74.644313,42.969686,98.6
-74.643874,42.96849,99.1
-74.643585,42.967793,100.0
-74.643406,42.96745,100.5
-74.643159,42.967128,99.3
-74.642996,42.966934,97.4
-74.642706,42.966608,97.6
-74.642256,42.966142,99.4
-74.641859,42.965769,98.5
-74.641519,42.965457,98.1
-74.64136,42.965288,98.7
-74.641215,42.965156,99.0
-74.641118,42.965073,99.2
-74.640988,42.964958,99.3
-74.640872,42.964836,99.7
-74.640465,42.964463,99.8
-74.640196,42.964254,99.4
-74.639893,42.964025,99.0
-74.639592,42.963843,99.0
-74.639481,42.963731,100.0
-74.639224,42.96358,100.1
-74.638715,42.9633,98.7
-74.638356,42.963113,98.2
-74.637956,42.962882,99.1
-74.636955,42.962222,98.7
-74.636786,42.962086,98.8
-74.63664,42.961968,99.0
-74.636291,42.961691,99.7
-74.635646,42.961158,99.5
-74.635148,42.96074,99.2
-74.63494,42.960565,99.0
-74.634305,42.959985,98.2
-74.63389,42.959607,97.5
-74.633757,42.95945,97.7
-74.633639,42.95931,97.4
-74.633499,42.959113,97.5
-74.633364,42.958876,98.1
-74.633207,42.958581,98.5
-74.632879,42.957947,99.0
-74.632349,42.956872,98.9
-74.632078,42.956296,98.0
-74.632018,42.956143,97.4
-74.631986,42.956033,96.9
-74.631876,42.955469,97.9
-74.631855,42.955262,98.5
-74.63183,42.954979,99.2
-74.631708,42.954024,98.6
-74.631681,42.953828,98.1
-74.631698,42.953711,98.7
-74.631697,42.953687,98.8
-74.631696,42.953672,98.9
-74.631564,42.953503,98.2
-74.631455,42.953253,96.8
-74.631384,42.953008,96.1
-74.630941,42.951759,94.9
-74.630834,42.951398,94.6
-74.6307,42.950829,94.4
-74.630629,42.950501,94.4
-74.630538,42.950105,94.6
-74.630448,42.94955,95.0
-74.630393,42.949214,95.4
-74.630326,42.948907,95.8
-74.630275,42.94868,95.9
-74.630231,42.948436,96.0
-74.630161,42.948051,95.5
-74.630098,42.94775,94.7
-74.630054,42.947625,94.4
-74.629929,42.947443,94.5
-74.629756,42.94721,94.4
-74.629065,42.946249,93.5
-74.628578,42.945577,92.9
-74.628168,42.945013,92.8
-74.627718,42.944398,92.8
-74.627477,42.944082,92.8
-74.627227,42.943747,92.8
-74.626837,42.943195,92.8
-74.62634,42.942468,92.9
-74.62576,42.941793,92.9
-74.62526,42.941303,93.0
-74.624855,42.940902,92.6
-74.624414,42.940425,92.7
-74.623675,42.939422,92.5
-74.623448,42.939061,92.3
-74.623273,42.938813,92.2
-74.622718,42.938156,91.8
-74.622498,42.937924,91.7
-74.622595,42.937915,91.6
-74.62271,42.93794,91.5
-74.622856,42.938018,91.4
-74.623445,42.93838,91.6
-74.623549,42.938406,91.6
-74.623624,42.938395,91.6
-74.623681,42.938366,91.6
-74.623703,42.938323,91.5
-74.623699,42.938279,91.5
-74.623272,42.937545,91.3
-74.622697,42.936735,91.9
-74.622486,42.936396,92.2
-74.622334,42.936096,92.4
-74.622,42.935644,92.9
-74.621439,42.934815,93.9
-74.62088,42.933906,94.2
-74.620472,42.933285,94.3
-74.620197,42.932898,94.1
-74.620099,42.932751,94.1
-74.619305,42.931553,90.6
-74.617584,42.92893,91.2
-74.617473,42.928761,91.2
-74.617284,42.928474,91.2
-74.617216,42.928346,91.2
-74.617152,42.928225,91.2
-74.617015,42.927901,91.3
-74.616952,42.927707,91.3
-74.616923,42.927584,91.3
-74.616895,42.927449,91.3
-74.616869,42.927284,91.3
-74.616847,42.927044,91.2
-74.616846,42.92668,91.2
-74.616839,42.925146,93.2
-74.616851,42.924815,92.3
-74.616852,42.924644,93.4
-74.616853,42.924531,94.2
-74.616834,42.924385,94.8
-74.616796,42.924181,95.3
-74.616771,42.92406,95.5
-74.616727,42.923892,95.5
-74.616513,42.923386,95.6
-74.616333,42.923064,96.1
-74.616115,42.922747,96.0
-74.615992,42.92259,96.0
-74.615879,42.922484,95.9
-74.615638,42.922257,96.0
-74.615332,42.921998,96.0
-74.61488,42.921669,95.8
-74.613411,42.920478,95.5
-74.612678,42.919912,91.8
-74.612462,42.919722,91.6
-74.612121,42.919419,91.4
-74.611363,42.918684,91.5
-74.609624,42.917006,91.2
-74.608584,42.916004,91.4
-74.607856,42.915311,91.5
-74.607712,42.915185,91.4
-74.6076,42.915086,91.3
-74.607038,42.914664,91.3
-74.606667,42.91442,91.3
-74.606464,42.914296,91.3
-74.606138,42.91412,91.3
-74.60593,42.914002,91.2
-74.60326,42.912725,91.4
-74.600404,42.911382,91.2
-74.599285,42.910854,91.2
-74.59851,42.910491,91.2
-74.597315,42.909877,91.3
-74.596673,42.909508,91.5
-74.596169,42.909215,91.7
-74.595356,42.908758,91.5
-74.594954,42.908533,91.3
-74.594554,42.908335,91.3
-74.593902,42.908045,91.4
-74.59326,42.90778,91.3
-74.592439,42.907439,91.3
-74.591757,42.907152,91.2
-74.590413,42.906575,91.2
-74.589455,42.906164,91.2
-74.588723,42.905855,91.6
-74.588106,42.905609,92.2
-74.587651,42.905454,91.6
-74.587354,42.905366,91.5
-74.587018,42.905281,91.5
-74.586424,42.905162,91.7
-74.585518,42.905002,92.1
-74.585419,42.90498,92.2
-74.585339,42.904936,92.5
-74.584929,42.904844,93.1
-74.584733,42.904822,93.2
-74.5845,42.904791,93.4
-74.584198,42.904762,93.5
-74.583693,42.904724,93.5
-74.583247,42.904715,94.8
-74.582732,42.90472,95.8
-74.581973,42.904757,95.8
-74.581369,42.904803,95.8
-74.580803,42.904866,95.8
-74.580113,42.904991,95.4
-74.579851,42.905034,95.3
-74.579618,42.905058,95.3
-74.5787,42.905121,95.7
-74.577689,42.905179,96.2
-74.577377,42.905203,96.3
-74.577045,42.905242,96.5
-74.576747,42.905314,96.5
-74.576374,42.905414,96.5
-74.575757,42.905593,96.3
-74.575499,42.905679,96.1
-74.575246,42.905748,96.1
-74.575077,42.905776,96.1
-74.574219,42.905806,96.2
-74.572825,42.905447,96.3
-74.572364,42.905347,95.0
-74.572315,42.905347,94.8
-74.572275,42.905369,94.7
-74.572255,42.905401,94.6
-74.572007,42.905393,93.7
-74.571475,42.905493,92.2
-74.571397,42.905508,92.0
-74.571338,42.905507,92.0
-74.571278,42.905507,91.9
-74.570817,42.905513,90.1
-74.570561,42.90573,90.0
-74.57024,42.905643,93.1
-74.570085,42.905582,94.3
-74.569916,42.905524,95.2
-74.569776,42.905512,95.6
-74.569549,42.905482,96.1
-74.568417,42.905351,95.6
-74.56737,42.90523,91.2
-74.564182,42.904847,91.2
-74.561687,42.904553,93.1
-74.561344,42.904504,93.0
-74.561022,42.904461,92.8
-74.560795,42.904419,92.9
-74.559499,42.904176,94.1
-74.557761,42.903796,94.1
-74.55705,42.903632,92.0
-74.556473,42.903501,92.1
-74.553108,42.902684,92.7
-74.552079,42.902432,92.4
-74.551431,42.902247,92.3
-74.550895,42.902077,92.3
-74.550166,42.901845,91.9
-74.549415,42.901569,91.7
-74.548861,42.901327,91.8
-74.547306,42.900643,92.0
-74.544658,42.899512,92.8
-74.541465,42.897921,93.1
-74.54103,42.897705,92.8
-74.540258,42.897322,92.2
-74.539207,42.896853,91.7
-74.538707,42.896644,91.4
-74.536956,42.895867,91.4
-74.53632,42.895591,91.5
-74.535761,42.895362,91.4
-74.533011,42.894224,91.4
-74.532188,42.89389,91.6
-74.530471,42.893262,92.2
-74.529134,42.892763,93.0
-74.527686,42.892227,92.3
-74.526861,42.891923,93.0
-74.526438,42.891777,93.5
-74.526013,42.891627,94.5
-74.525798,42.891568,94.4
-74.525452,42.891499,93.1
-74.524932,42.891413,93.1
-74.52378,42.891253,93.4
-74.522573,42.891086,94.4
-74.52008,42.890728,95.1
-74.517542,42.890421,96.0
-74.517058,42.890363,96.3
-74.516622,42.890344,96.5
-74.516149,42.890342,96.4
-74.515937,42.890346,95.9
-74.515652,42.89035,94.9
-74.515263,42.890369,92.8
-74.514917,42.890378,91.1
-74.514265,42.89042,91.8
-74.512563,42.890503,95.3
-74.511218,42.89059,93.7
-74.509975,42.890674,92.5
-74.508677,42.890744,92.1
-74.507345,42.890825,92.3
-74.506862,42.890878,92.3
-74.506609,42.890897,92.4
-74.506435,42.890917,92.4
-74.506187,42.890951,92.4
-74.505985,42.890977,92.4
-74.50515,42.891105,93.0
-74.504477,42.891216,92.4
-74.503493,42.891385,92.2
-74.50225,42.891623,92.2
-74.501367,42.891808,92.6
-74.499569,42.892211,92.7
-74.497833,42.89258,92.3
-74.496566,42.892875,92.7
-74.495621,42.893098,93.0
-74.494647,42.89334,93.8
-74.493835,42.893566,94.3
-74.493343,42.89377,93.3
-74.49288,42.893931,93.4
-74.492401,42.894084,93.8
-74.491791,42.894275,93.9
-74.491487,42.894369,93.9
-74.491328,42.894433,93.8
-74.49102,42.894507,94.1
-74.490821,42.894527,94.7
-74.490566,42.894573,95.1
-74.490046,42.894666,95.3
-74.483427,42.895375,94.3
-74.483145,42.895405,94.2
-74.482921,42.895421,94.2
-74.482654,42.895424,94.5
-74.48234,42.895419,95.0
-74.481864,42.895409,95.5
-74.481345,42.895379,96.1
-74.480983,42.89535,96.6
-74.480669,42.89532,96.4
-74.480474,42.895291,96.2
-74.480245,42.895241,95.9
-74.480042,42.895196,95.6
-74.479791,42.895132,95.3
-74.479399,42.895034,94.0
-74.478853,42.894885,92.9
-74.477874,42.894621,91.3
-74.477517,42.894546,91.3
-74.477155,42.894491,91.3
-74.476761,42.894451,91.3
-74.476061,42.894378,91.5
-74.475394,42.894336,91.8
-74.474785,42.894337,91.8
-74.473884,42.894338,92.5
-74.472955,42.894339,93.9
-74.47205,42.894366,95.0
-74.471464,42.894374,94.1
-74.471145,42.894376,92.4
-74.470816,42.894389,88.5
-74.470601,42.894399,90.5
-74.470512,42.89441,91.4
-74.470461,42.894431,91.8
-74.470447,42.894467,91.8
-74.47045,42.894509,91.7
-74.47047,42.894645,91.2
-74.470489,42.894765,89.8
-74.470427,42.89486,89.2
-74.470325,42.894922,89.3
-74.47022,42.894955,89.6
-74.47009,42.894987,89.8
-74.469121,42.895066,91.3
-74.468894,42.895091,91.0
-74.468748,42.895091,90.8
-74.468584,42.895098,90.7
-74.468234,42.895097,90.8
-74.467911,42.895032,91.0
-74.46755,42.894993,91.5
-74.467283,42.89495,92.9
-74.46697,42.895029,92.9
-74.466707,42.895095,92.6
-74.466384,42.895157,92.6
-74.465323,42.895407,93.0
-74.464795,42.895539,93.4
-74.464165,42.895743,92.9
-74.463729,42.895902,92.8
-74.463358,42.896067,93.0
-74.46303,42.896215,93.3
-74.462725,42.89637,93.7
-74.46234,42.896603,94.0
-74.462023,42.896804,94.4
-74.46175,42.897005,94.5
-74.461442,42.897269,94.3
-74.461064,42.897617,94.1
-74.460745,42.897955,94.1
-74.460568,42.898164,93.8
-74.460446,42.89834,93.4
-74.460289,42.89856,93.2
-74.460152,42.898755,93.2
-74.46005,42.898913,92.8
-74.459881,42.899212,93.1
-74.459637,42.899718,93.1
-74.459169,42.900722,93.5
-74.458835,42.901508,93.5
-74.458401,42.902468,93.7
-74.458074,42.90321,95.4
-74.4577,42.904104,95.3
-74.457368,42.904979,94.0
-74.457269,42.90519,93.8
-74.457137,42.905448,93.6
-74.45694,42.905727,94.5
-74.456554,42.906128,94.7
-74.456364,42.906332,87.9
-74.456226,42.90648,90.6
-74.456061,42.906613,90.9
-74.455804,42.906836,91.2
-74.455283,42.907158,91.3
-74.454513,42.907634,91.2
-74.450019,42.910424,91.3
-74.449965,42.910537,91.3
-74.449737,42.910705,91.2
-74.449525,42.910853,91.3
-74.449395,42.910942,91.3
-74.448882,42.911176,91.3
-74.448343,42.91149,91.3
-74.447749,42.911829,91.3
-74.445769,42.913107,91.3
-74.442603,42.91511,91.3
-74.441991,42.915463,91.3
-74.438702,42.917603,91.7
-74.438006,42.918026,91.9
-74.437693,42.918181,92.1
-74.43693,42.918687,91.6
-74.435813,42.919352,91.8
-74.434184,42.920295,91.6
-74.430605,42.922396,91.2
-74.429195,42.923185,91.2
-74.428373,42.923663,87.6
-74.427742,42.92405,87.3
-74.427017,42.924461,87.3
-74.426467,42.924771,87.5
-74.423645,42.926436,86.8
-74.423489,42.926531,86.7
-74.423187,42.926655,86.9
-74.422789,42.926874,87.2
-74.422404,42.927096,87.5
-74.420253,42.928367,88.9
-74.41891,42.929143,90.4
-74.413649,42.932243,92.6
-74.413283,42.932464,93.0
-74.412948,42.93267,93.4
-74.412584,42.932929,93.5
-74.412368,42.933083,93.6
-74.40837,42.936014,92.5
-74.406186,42.93759,92.6
-74.405427,42.938125,93.2
-74.404517,42.938749,94.1
-74.403848,42.939207,95.3
-74.403057,42.939653,101.3
-74.402336,42.940057,104.8
-74.401671,42.940429,99.1
-74.401121,42.940712,97.9
-74.400726,42.940912,97.4
-74.400441,42.941042,96.7
-74.399953,42.941245,93.1
-74.399462,42.941412,92.5
-74.399014,42.941561,92.2
-74.398687,42.941648,92.1
-74.398362,42.941734,92.1
-74.397359,42.941976,96.3
-74.396577,42.94216,96.5
-74.395715,42.942404,96.0
-74.395049,42.942622,93.4
-74.394722,42.942754,93.4
-74.394407,42.942895,94.1
-74.393994,42.943069,95.0
-74.393686,42.943219,93.9
-74.393304,42.943398,93.4
-74.389793,42.944937,94.7
-74.389386,42.94511,94.5
-74.38902,42.9453,93.3
-74.388552,42.945467,93.3
-74.387922,42.945675,92.5
-74.386655,42.94604,93.0
-74.385851,42.946306,93.1
-74.38528,42.946495,93.2
-74.383857,42.94695,91.3
-74.382957,42.947215,92.4
-74.382387,42.94737,92.8
-74.382005,42.947449,93.2
-74.381679,42.94751,93.1
-74.381359,42.947561,93.0
-74.381062,42.947602,92.9
-74.380856,42.947633,92.7
-74.38058,42.947666,92.5
-74.38033,42.94769,92.3
-74.380049,42.947706,92.1
-74.379729,42.947724,91.7
-74.37939,42.947736,91.4
-74.379099,42.947728,91.3
-74.378865,42.947723,91.1
-74.378483,42.947707,90.8
-74.378231,42.947688,90.8
-74.378001,42.947666,90.9
-74.377481,42.947603,91.3
-74.376464,42.94747,91.9
-74.374973,42.947291,91.3
-74.373976,42.947156,91.2
-74.373705,42.947109,91.2
-74.373362,42.947026,91.3
-74.373052,42.946937,91.6
-74.372705,42.946823,92.0
-74.372334,42.946681,92.3
-74.372101,42.946602,92.4
-74.371791,42.946513,92.4
-74.370934,42.946259,92.7
-74.370397,42.946137,92.8
-74.369596,42.945936,92.9
-74.368967,42.945796,92.6
-74.368076,42.945587,91.3
-74.367119,42.945347,91.2
-74.366896,42.945291,91.4
-74.366833,42.945275,91.3
-74.366728,42.945236,91.4
-74.366574,42.945202,91.3
-74.36636,42.945114,91.4
-74.364583,42.944461,91.3
-74.363501,42.944045,91.3
-74.362653,42.943741,91.3
-74.362083,42.943563,91.5
-74.361679,42.943462,91.5
-74.361198,42.943382,91.2
-74.360793,42.943302,91.2
-74.357502,42.942649,91.5
-74.356596,42.942484,91.3
-74.354856,42.94221,91.2
-74.354408,42.942128,91.1
-74.353708,42.941999,91.4
-74.352864,42.941872,91.1
-74.352218,42.941786,91.1
-74.351845,42.941736,91.3
-74.351639,42.941704,91.4
-74.351181,42.941676,91.0
-74.351034,42.941668,91.1
-74.350742,42.941625,91.5
-74.350484,42.941597,91.5
-74.349531,42.941502,91.7
-74.348186,42.941365,91.7
-74.347066,42.941257,91.9
-74.345987,42.941155,92.0
-74.344585,42.941021,91.7
-74.344314,42.94099,91.6
-74.343932,42.94092,91.7
-74.343608,42.940851,91.8
-74.343405,42.940792,92.1
-74.343197,42.940722,92.3
-74.342972,42.940645,92.2
-74.34269,42.940537,92.4
-74.342433,42.940444,92.0
-74.342151,42.94033,91.8
-74.340438,42.939563,91.6
-74.337672,42.93834,91.1
-74.337397,42.938218,91.4
-74.337049,42.938077,91.8
-74.336831,42.937985,92.4
-74.336607,42.937906,92.8
-74.336312,42.937831,92.8
-74.336002,42.937769,92.5
-74.335602,42.937669,92.5
-74.335208,42.937533,92.9
-74.334933,42.937429,93.3
-74.330396,42.935712,92.4
-74.330089,42.935596,92.0
-74.329692,42.935435,91.8
-74.329264,42.935237,91.7
-74.328918,42.935062,91.6
-74.328691,42.934927,91.5
-74.328079,42.934549,91.7
-74.327685,42.934311,91.6
-74.327475,42.934185,91.7
-74.327263,42.934056,91.7
-74.327021,42.933929,91.8
-74.326674,42.933786,91.6
-74.326294,42.93363,91.6
-74.325566,42.933376,91.4
-74.323611,42.932733,91.2
-74.322123,42.932221,91.4
-74.321125,42.931887,91.7
-74.320629,42.931755,91.2
-74.319216,42.931269,91.7
-74.318674,42.931087,91.4
-74.317652,42.930744,91.3
-74.3163,42.930371,86.4
-74.315595,42.930237,91.5
-74.314968,42.930114,91.2
-74.314345,42.930018,90.8
-74.313528,42.929868,90.9
-74.312824,42.929735,91.0
-74.311713,42.92952,91.2
-74.309883,42.929224,91.3
-74.309173,42.929132,91.2
-74.30659,42.928741,91.4
-74.305323,42.928566,91.3
-74.304631,42.928459,91.4
-74.30241,42.92813,92.0
-74.301533,42.92802,93.0
-74.301285,42.927994,93.4
-74.300999,42.927978,93.6
-74.300751,42.92798,93.4
-74.300421,42.927999,93.1
-74.299997,42.928026,92.7
-74.299425,42.928086,92.5
-74.298792,42.928119,93.5
-74.297669,42.928263,92.2
-74.29688,42.928377,92.0
-74.295967,42.928484,93.0
-74.294927,42.928644,91.8
-74.293915,42.928784,91.9
-74.293189,42.928887,92.0
-74.292664,42.928975,91.8
-74.292466,42.929021,91.7
-74.292289,42.929066,91.6
-74.291965,42.929148,91.5
-74.291539,42.929292,91.5
-74.291169,42.929437,91.3
-74.290894,42.929556,91.3
-74.290697,42.929662,91.3
-74.290417,42.929807,91.2
-74.290156,42.929947,91.2
-74.289739,42.930202,91.2
-74.289311,42.930524,91.2
-74.288755,42.930999,91.2
-74.288515,42.931202,91.0
-74.288071,42.931551,90.6
-74.287172,42.932274,89.9
-74.284777,42.934188,87.7
-74.284363,42.934517,87.3
-74.283415,42.935286,86.6
-74.283281,42.935219,86.7
-74.283092,42.935196,86.6
-74.282963,42.935222,86.5
-74.279203,42.938191,91.4
-74.278842,42.93837,91.7
-74.27878,42.938446,91.7
-74.278801,42.938594,91.5
-74.278833,42.938671,91.3
-74.278844,42.938819,90.9
-74.278835,42.938947,90.6
-74.277644,42.939941,90.4
-74.276734,42.940649,89.4
-74.274738,42.942271,88.7
-74.273812,42.943,87.4
-74.273178,42.943538,86.0
-74.272006,42.944477,85.2
-74.27131,42.945026,85.1
-74.270833,42.945416,85.1
-74.266852,42.948606,86.9
-74.266235,42.949094,87.6
-74.265803,42.949426,87.5
-74.265569,42.949582,87.3
-74.265338,42.949751,86.9
-74.264949,42.94997,86.1
-74.264571,42.950142,85.7
-74.264264,42.950285,85.8
-74.263781,42.950438,86.9
-74.263304,42.950582,88.8
-74.262912,42.95068,89.3
-74.262447,42.950771,88.4
-74.262,42.95084,87.8
-74.26152,42.950869,90.1
-74.260923,42.950901,91.3
-74.260144,42.950959,89.1
-74.258547,42.95107,85.3
-74.257023,42.951177,88.3
-74.255372,42.95126,88.2
-74.254155,42.951336,87.5
-74.252778,42.951428,86.8
-74.251437,42.951519,87.9
-74.249202,42.951682,90.3
-74.247642,42.951789,89.9
-74.246064,42.951889,89.1
-74.243925,42.952026,88.4
-74.243469,42.952053,88.3
-74.242935,42.952073,88.2
-74.241572,42.952117,87.4
-74.240214,42.952132,87.5
-74.238381,42.952183,87.7
-74.23633,42.95225,87.6
-74.235787,42.95226,87.9
-74.235268,42.952262,88.5
-74.234657,42.952265,88.7
-74.233345,42.952253,88.6
-74.232306,42.952237,88.6
-74.231531,42.952238,88.0
-74.230884,42.952227,87.4
-74.229704,42.952209,88.3
-74.227813,42.952185,87.5
-74.227093,42.952164,87.5
-74.226675,42.952138,87.4
-74.226283,42.952099,87.5
-74.225854,42.952025,87.8
-74.225439,42.95194,88.0
-74.224433,42.951735,88.4
-74.223474,42.951524,88.8
-74.222033,42.951233,87.5
-74.221301,42.951056,87.8
-74.220981,42.950963,87.8
-74.220602,42.950852,87.7
-74.220272,42.950725,87.6
-74.21994,42.950596,87.4
-74.219451,42.950379,87.3
-74.218974,42.950125,87.5
-74.218468,42.949856,87.1
-74.218066,42.949589,86.4
-74.217656,42.949275,86.6
-74.217191,42.948917,86.7
-74.216519,42.94839,87.6
-74.21595,42.947954,87.1
-74.214668,42.946975,86.8
-74.213766,42.946269,85.1
-74.212682,42.945395,81.9
-74.21086,42.944006,82.1
-74.210147,42.943476,82.2
-74.209587,42.943093,82.3
-74.209117,42.942759,82.2
-74.208544,42.94237,82.2
-74.207883,42.941977,86.6
-74.207349,42.941705,82.4
-74.20653,42.941281,82.2
-74.205695,42.940849,85.5
-74.20495,42.94045,86.1
-74.204457,42.940209,86.2
-74.203741,42.939853,86.0
-74.203072,42.939493,86.3
-74.202597,42.939235,86.2
-74.20223,42.939029,86.3
-74.201878,42.938768,86.5
-74.201612,42.938552,86.6
-74.201387,42.938353,86.8
-74.201135,42.938077,87.0
-74.200983,42.937882,87.0
-74.200845,42.937667,87.4
-74.200751,42.937485,86.5
-74.200641,42.937243,86.6
-74.200522,42.936921,86.5
-74.200368,42.936488,85.9
-74.200107,42.935844,82.0
-74.199996,42.935666,82.2
-74.19957,42.93509,83.4
-74.199445,42.934922,84.7
-74.199329,42.934734,86.2
-74.199245,42.934574,86.8
-74.199137,42.934444,86.4
-74.199029,42.93435,86.0
-74.198835,42.934218,85.3
-74.198622,42.934079,85.3
-74.198309,42.933921,85.2
-74.198158,42.933858,85.2
-74.197957,42.933775,85.3
-74.197888,42.933746,85.3
-74.197625,42.933707,85.2
-74.197411,42.933689,85.2
-74.197261,42.933661,85.2
-74.197084,42.93362,85.2
-74.196798,42.933534,85.0
-74.196417,42.933391,85.6
-74.195896,42.933193,86.8
-74.195465,42.933066,88.0
-74.19507,42.932926,89.4
-74.194802,42.932834,89.9
-74.194445,42.932664,88.9
-74.194256,42.932566,88.9
-74.194074,42.932471,88.8
-74.19373,42.932257,88.2
-74.193504,42.932098,88.1
-74.192807,42.931457,88.2
-74.191848,42.930533,87.5
-74.191624,42.930314,87.7
-74.191344,42.930085,88.1
-74.19124,42.930007,88.4
-74.190938,42.929784,87.1
-74.190427,42.929496,86.5
-74.190061,42.929309,86.2
-74.189711,42.929142,85.9
-74.189287,42.928939,86.1
-74.188584,42.928606,83.7
-74.188376,42.928514,82.6
-74.188163,42.928415,82.7
-74.187883,42.928279,82.4
-74.187525,42.928109,82.9
-74.187068,42.927875,85.3
-74.186873,42.92776,85.5
-74.186675,42.927638,85.1
-74.183029,42.925369,84.7
-74.182225,42.924863,85.0
-74.181583,42.924516,84.8
-74.180904,42.92421,84.9
-74.179276,42.923534,85.0
-74.166261,42.918158,84.1
-74.165797,42.917995,83.6
-74.164645,42.917491,85.2
-74.162394,42.91656,83.2
-74.159631,42.915958,84.4
-74.157741,42.915878,84.2
-74.151457,42.916141,82.1
-74.151281,42.916148,82.1
-74.15042,42.916252,82.0
-74.148907,42.916398,82.1
-74.147101,42.916508,82.2
-74.146461,42.91652,82.2
-74.145401,42.916484,82.1
-74.144584,42.916435,82.0
-74.142681,42.916208,79.0
-74.139381,42.915378,79.2
-74.132411,42.912738,80.6
-74.125572,42.910133,79.7
-74.124051,42.909578,82.5
-74.116909,42.906848,82.2
-74.116281,42.906608,82.3
-74.114135,42.905999,82.3
-74.113675,42.905852,82.9
-74.113236,42.90576,83.1
-74.112541,42.9056,83.4
-74.111807,42.905481,82.9
-74.108868,42.905166,78.1
-74.105477,42.904726,83.7
-74.10096,42.903948,83.7
-74.098503,42.903296,81.6
-74.096969,42.902596,81.4
-74.095467,42.90152,79.7
-74.092935,42.899571,79.2
-74.090425,42.897637,80.5
-74.08711,42.895043,80.6
-74.086391,42.894501,79.6
-74.083339,42.892254,79.1
-74.081906,42.891129,80.1
-74.080318,42.889816,83.0
-74.079138,42.888928,82.7
-74.077371,42.887853,81.9
-74.073623,42.885406,79.2
-74.070791,42.883551,82.1
-74.069288,42.882556,86.3
-74.067025,42.880995,88.2
-74.0662,42.880454,87.9
-74.065539,42.879825,87.2
-74.064865,42.879265,87.3
-74.063846,42.878588,86.4
-74.062235,42.877499,86.5
-74.060329,42.876285,82.2
-74.05893,42.877536,76.3
-74.058795,42.877472,76.2
-74.057215,42.876765,76.1
-74.055937,42.876193,76.1
-74.054463,42.875538,76.2
-74.053295,42.87504,76.7
-74.052868,42.874818,76.5
-74.052497,42.874665,76.5
-74.052176,42.874535,76.6
-74.051845,42.874425,77.3
-74.05146,42.874321,76.4
-74.050753,42.874135,75.9
-74.050381,42.874038,75.9
-74.050059,42.873975,75.9
-74.049695,42.873935,76.1
-74.04945,42.87392,76.2
-74.048913,42.873912,76.3
-74.048694,42.873914,76.4
-74.048311,42.873905,76.7
-74.04803,42.873889,76.9
-74.047768,42.873867,76.9
-74.047505,42.873838,76.8
-74.047229,42.873789,76.7
-74.047059,42.873748,76.7
-74.046886,42.873699,76.8
-74.046769,42.873655,76.9
-74.046697,42.873618,77.0
-74.046638,42.873567,77.1
-74.046595,42.87346,77.4
-74.046551,42.873356,77.8
-74.046497,42.873306,77.9
-74.046407,42.873252,78.0
-74.046209,42.87318,78.0
-74.046024,42.873096,78.0
-74.045819,42.872976,78.0
-74.045477,42.872678,78.3
-74.045341,42.872581,78.3
-74.045298,42.872551,78.2
-74.045093,42.872444,77.6
-74.045241,42.872338,77.9
-74.044518,42.871517,76.1
-74.04354,42.870374,76.1
-74.043153,42.869898,76.5
-74.042832,42.869796,77.4
-74.042713,42.869574,79.2
-74.042698,42.869544,79.0
-74.041515,42.867965,73.1
-74.041369,42.867776,73.0
-74.040973,42.867406,73.1
-74.040031,42.866639,73.0
-74.038739,42.865565,73.1
-74.037022,42.864197,73.1
-74.03481,42.862341,73.0
-74.034593,42.862118,73.0
-74.033853,42.861253,73.1
-74.032467,42.859412,73.1
-74.031502,42.858138,73.6
-74.030908,42.857555,73.2
-74.030388,42.857105,73.3
-74.029779,42.85663,73.5
-74.029519,42.856469,73.3
-74.027753,42.855413,73.0
-74.026523,42.854712,73.4
-74.025265,42.854064,74.6
-74.025133,42.854058,74.6
-74.02504,42.854031,74.6
-74.024979,42.853969,74.7
-74.02493,42.853861,75.0
-74.024877,42.853803,75.1
-74.02479,42.853722,75.1
-74.02445,42.853408,74.7
-74.024086,42.853104,73.7
-74.02363,42.852648,74.1
-74.023296,42.852319,74.4
-74.023053,42.852092,74.4
-74.022796,42.851847,74.4
-74.02252,42.851595,74.5
-74.022121,42.851262,74.4
-74.021684,42.850911,74.4
-74.021114,42.850515,74.5
-74.020744,42.850251,74.6
-74.019925,42.849733,74.3
-74.019268,42.849307,74.1
-74.017963,42.848402,74.3
-74.017335,42.847976,73.9
-74.01694,42.847712,73.8
-74.016716,42.847569,73.7
-74.016189,42.847304,73.5
-74.015505,42.846997,73.4
-74.015393,42.846942,73.5
-74.015275,42.84689,73.5
-74.015162,42.846856,73.5
-74.01503,42.846819,73.5
-74.014839,42.84677,73.6
-74.014446,42.846695,73.5
-74.014033,42.846632,73.3
-74.013739,42.846587,73.3
-74.013504,42.846549,73.4
-74.013244,42.846489,73.4
-74.0129,42.846413,70.5
-74.012591,42.846374,69.2
-74.012404,42.846362,72.8
-74.012203,42.846346,73.4
-74.012153,42.846345,73.3
-74.012105,42.846327,73.4
-74.012066,42.846294,73.4
-74.012056,42.846243,73.5
-74.012058,42.846156,73.6
-74.012049,42.846116,73.7
-74.012008,42.84609,73.8
-74.011967,42.846076,73.9
-74.011792,42.846031,73.9
-74.011559,42.845971,73.8
-74.011127,42.845895,73.7
-74.010494,42.845809,73.0
-74.009688,42.845697,72.7
-74.008918,42.845549,72.6
-74.00882,42.845534,72.6
-74.008721,42.845537,72.5
-74.008583,42.845558,72.5
-74.00842,42.845596,72.4
-74.008157,42.845691,72.3
-74.007949,42.845802,72.1
-74.007765,42.845952,72.0
-74.007693,42.846021,71.9
-74.007629,42.846096,71.9
-74.00759,42.846173,71.8
-74.007553,42.846258,71.7
-74.007501,42.846363,71.7
-74.007368,42.846672,71.4
-74.007254,42.846937,71.2
-74.006879,42.847792,70.7
-74.006579,42.848394,70.4
-74.006502,42.848556,70.2
-74.006501,42.848625,70.1
-74.00648,42.848683,70.1
-74.006446,42.848711,70.0
-74.006381,42.848747,69.6
-74.006297,42.848754,69.6
-74.006223,42.848757,69.5
-74.005825,42.848721,69.9
-74.005757,42.848702,70.1
-74.005703,42.84868,70.1
-74.00564,42.848625,70.1
-74.005582,42.848537,70.2
-74.005519,42.848479,70.2
-74.005406,42.848445,70.3
-74.005274,42.848437,70.3
-74.005168,42.848465,70.2
-74.005011,42.848522,70.2
-74.004903,42.848546,70.1
-74.00477,42.848556,70.0
-74.004647,42.84854,70.0
-74.004515,42.848485,70.1
-74.004447,42.848441,70.1
-74.004384,42.848371,70.2
-74.004326,42.848288,70.2
-74.004264,42.848167,70.3
-74.004207,42.848033,70.2
-74.004151,42.847851,70.1
-74.004105,42.847641,70.2
-74.004054,42.847441,70.4
-74.004013,42.847388,70.4
-74.003982,42.847346,70.3
-74.003884,42.847284,70.4
-74.003787,42.847222,70.4
-74.003675,42.847129,70.4
-74.003578,42.847035,70.4
-74.003463,42.846886,70.4
-74.003405,42.846791,70.4
-74.003353,42.846667,70.5
-74.003323,42.846482,70.5
-74.003323,42.846374,70.5
-74.00334,42.846251,70.6
-74.003418,42.846002,70.7
-74.003537,42.845651,70.8
-74.00357,42.84548,70.8
-74.003606,42.845293,70.9
-74.003624,42.845094,71.0
-74.003608,42.844924,71.1
-74.003595,42.844794,71.1
-74.00354,42.844536,71.3
-74.003471,42.844351,71.5
-74.00333,42.844064,71.8
-74.003183,42.843797,72.2
-74.00311,42.843699,72.2
-74.003024,42.843579,72.3
-74.002622,42.843076,72.5
-74.002558,42.843005,72.5
-74.002464,42.842893,72.5
-74.002394,42.842828,72.4
-74.002348,42.842776,72.3
-74.002289,42.842739,72.2
-74.002149,42.842711,71.6
-74.002006,42.842696,71.0
-74.001897,42.842657,70.7
-74.001765,42.842601,70.3
-74.001601,42.842519,69.7
-74.001489,42.842451,69.2
-74.001335,42.842343,68.5
-74.001244,42.842277,68.3
-74.001119,42.842117,68.2
-74.001054,42.841954,68.1
-74.001004,42.841855,68.2
-74.000971,42.841739,68.2
-74.000964,42.841609,68.1
-74.000986,42.841442,68.4
-74.00108,42.841018,70.2
-74.001182,42.840698,70.3
-74.001201,42.840615,70.3
-74.001233,42.84051,70.5
-74.001273,42.840456,70.6
-74.001323,42.840413,70.7
-74.001392,42.84036,70.8
-74.001432,42.840306,70.8
-74.001458,42.840248,70.9
-74.001464,42.840183,71.0
-74.001409,42.839954,71.1
-74.001309,42.839725,71.2
-74.00117,42.839476,71.3
-74.001075,42.839291,71.4
-74.000755,42.838706,71.8
-74.000539,42.83836,72.7
-74.000399,42.83816,72.2
-74.000231,42.837937,71.3
-73.999922,42.837543,70.0
-73.999767,42.837387,69.5
-73.999656,42.837284,69.0
-73.999467,42.837091,68.4
-73.999094,42.836729,68.4
-73.998323,42.83598,68.5
-73.99793,42.835639,68.3
-73.997459,42.835233,68.2
-73.996979,42.83482,68.1
-73.996824,42.834684,68.1
-73.996746,42.834608,68.1
-73.996378,42.834271,68.1
-73.996126,42.834008,68.1
-73.995933,42.833782,68.1
-73.995834,42.83365,68.1
-73.995687,42.833479,68.1
-73.995426,42.833184,68.1
-73.995252,42.83299,68.2
-73.995088,42.832782,68.2
-73.994967,42.832651,68.3
-73.994672,42.832348,68.3
-73.994517,42.832187,68.3
-73.994284,42.831964,68.2
-73.994105,42.831776,68.2
-73.99383,42.831482,68.2
-73.993491,42.831094,68.4
-73.992278,42.829741,68.5
-73.9919,42.829298,67.7
-73.991546,42.828899,65.4
-73.991614,42.828876,66.0
-73.99137,42.828572,66.1
-73.991253,42.828567,65.2
-73.991139,42.828438,65.3
-73.990753,42.827909,65.9
-73.990123,42.827027,65.0
-73.989767,42.826524,63.8
-73.989671,42.826379,63.9
-73.989644,42.826326,63.9
-73.989574,42.826216,63.9
-73.989503,42.826109,63.9
-73.989475,42.826062,63.9
-73.989316,42.825865,63.8
-73.988877,42.825274,63.8
-73.988646,42.824964,63.8
-73.988416,42.824582,64.1
-73.988265,42.824304,65.1
-73.988082,42.823945,66.8
-73.987803,42.823298,69.0
-73.987731,42.823171,69.4
-73.987688,42.823116,69.5
-73.987634,42.823065,69.5
-73.987562,42.822967,69.7
-73.987534,42.822883,70.0
-73.987531,42.82276,70.5
-73.987512,42.822684,70.8
-73.987463,42.822585,71.1
-73.987318,42.822289,71.7
-73.986929,42.821364,72.8
-73.986763,42.820971,72.2
-73.986593,42.820564,70.5
-73.986377,42.820193,70.3
-73.98594,42.819581,70.0
-73.985327,42.818847,69.9
-73.984681,42.818012,69.9
-73.984469,42.817749,69.9
-73.984401,42.817695,69.9
-73.984318,42.817647,69.9
-73.984006,42.817488,69.9
-73.983904,42.817419,69.9
-73.98384,42.8174,69.9
-73.983771,42.817406,69.9
-73.983698,42.817413,70.0
-73.983609,42.817427,70.1
-73.983555,42.817419,70.2
-73.983432,42.817396,70.3
-73.983216,42.817358,70.6
-73.982062,42.817235,71.8
-73.981556,42.81718,72.2
-73.981271,42.817163,73.4
-73.981094,42.817148,73.1
-73.981039,42.817132,72.6
-73.980982,42.817103,72.1
-73.980939,42.817055,71.9
-73.980518,42.816544,71.0
-73.980238,42.816166,71.0
-73.980069,42.815863,72.5
-73.980032,42.815743,73.5
-73.980005,42.815569,74.3
-73.97999,42.815502,74.1
-73.979924,42.815466,74.1
-73.979886,42.815432,74.0
-73.979735,42.815365,73.9
-73.979262,42.815171,72.1
-73.978805,42.814985,70.6
-73.978555,42.814851,70.5
-73.978327,42.814737,70.2
-73.978053,42.814648,69.9
-73.977785,42.814592,69.8
-73.977571,42.814542,69.7
-73.976897,42.814334,69.4
-73.975737,42.813992,68.6
-73.975463,42.813931,68.3
-73.97525,42.813909,68.1
-73.975138,42.813887,67.9
-73.97501,42.813845,67.8
-73.974764,42.813776,67.6
-73.974535,42.813753,67.2
-73.974287,42.813693,66.9
-73.973941,42.813608,66.5
-73.973541,42.813509,66.0
-73.973444,42.813496,65.9
-73.973315,42.813479,65.7
-73.973132,42.813485,65.3
-73.973014,42.813471,65.1
-73.972784,42.813407,65.2
-73.972512,42.813327,65.3
-73.97207,42.813273,65.1
-73.971253,42.813175,64.4
-73.970461,42.81312,64.6
-73.970353,42.813119,64.7
-73.970262,42.813133,64.7
-73.970165,42.813176,64.4
-73.970079,42.81321,64.1
-73.96999,42.813201,64.2
-73.96954,42.813194,64.3
-73.969166,42.813202,64.4
-73.968578,42.813244,64.0
-73.967936,42.813325,63.8
-73.967536,42.813372,63.8
-73.966609,42.813505,63.8
-73.965908,42.813655,63.8
-73.96543,42.813754,63.9
-73.964639,42.813926,64.0
-73.964476,42.813982,64.1
-73.964352,42.814055,64.2
-73.964174,42.81418,64.2
-73.963947,42.814335,64.3
-73.963708,42.814529,64.4
-73.963298,42.814793,65.0
-73.962931,42.815021,65.3
-73.962789,42.815084,65.4
-73.962641,42.81514,65.6
-73.962449,42.815192,65.8
-73.962276,42.815216,66.0
-73.962121,42.815222,66.3
-73.961895,42.815195,66.7
-73.96089,42.815019,66.4
-73.960718,42.815004,65.2
-73.960634,42.815017,64.8
-73.960548,42.815046,64.6
-73.960503,42.815078,64.5
-73.960441,42.81512,64.8
-73.960284,42.815241,67.0
-73.960208,42.815327,67.7
-73.960175,42.815401,67.8
-73.960178,42.815553,67.4
-73.960197,42.815669,66.8
-73.960222,42.815768,66.4
-73.960286,42.816067,65.2
-73.960296,42.816209,64.5
-73.960288,42.816306,64.1
-73.960244,42.816388,63.9
-73.960162,42.816455,63.9
-73.960064,42.816505,63.8
-73.959841,42.816591,63.8
-73.959514,42.816606,63.9
-73.959284,42.816592,63.9
-73.959092,42.816568,63.9
-73.958966,42.816544,63.9
-73.958754,42.816505,63.9
-73.958443,42.816439,63.9
-73.958102,42.816404,63.9
-73.957894,42.816395,63.9
-73.957749,42.816413,63.9
-73.957578,42.816463,63.9
-73.957422,42.816528,63.9
-73.957223,42.816621,63.9
-73.957115,42.816676,63.9
-73.956986,42.816721,63.9
-73.956868,42.816751,63.9
-73.956192,42.816902,63.9
-73.955995,42.81692,64.1
-73.955289,42.816949,65.7
-73.955244,42.81709,65.1
-73.955195,42.817172,64.7
-73.955101,42.817321,64.0
-73.954993,42.817438,63.8
-73.954885,42.81753,63.8
-73.954706,42.817624,63.8
-73.954543,42.817682,63.8
-73.954093,42.817768,63.8
-73.953627,42.817853,63.8
-73.953624,42.817854,63.8
-73.953313,42.817896,63.8
-73.953163,42.817908,63.8
-73.953025,42.817907,63.8
-73.952892,42.817894,63.8
-73.952693,42.817861,63.8
-73.952524,42.817808,63.8
-73.95236,42.817732,63.8
-73.952249,42.817656,63.9
-73.952138,42.81758,64.0
-73.952044,42.817481,64.3
-73.95197,42.817373,64.5
-73.951904,42.817232,64.3
-73.951874,42.817098,64.1
-73.951877,42.816914,64.0
-73.951907,42.816737,64.0
-73.951995,42.816565,64.2
-73.952121,42.816417,64.7
-73.952165,42.816354,64.8
-73.952165,42.816299,64.8
-73.952135,42.816228,64.8
-73.952045,42.81616,64.4
-73.951802,42.816021,63.8
-73.951394,42.815805,63.8
-73.951289,42.815757,63.8
-73.951087,42.815664,63.8
-73.950763,42.815567,63.8
-73.950284,42.815472,66.3
-73.949868,42.815425,67.8
-73.949592,42.815423,68.7
-73.949213,42.81542,69.6
-73.949176,42.816033,69.8
-73.949152,42.81659,69.8
-73.947549,42.816544,70.9
-73.945136,42.816451,71.5
-73.944148,42.816406,72.0
-73.943007,42.816345,72.6
-73.941537,42.816285,75.4
-73.93986,42.816206,73.6
-73.939564,42.816191,73.7
-73.938877,42.816161,73.4
-73.938701,42.816594,74.0
-73.9381,42.817513,73.4
-73.937794,42.817995,73.1
-73.937723,42.818117,73.0
-73.937652,42.818222,73.0
-73.93751,42.818445,73.0
-73.937448,42.818556,73.0
-73.937292,42.81855,73.0
-73.937214,42.818562,73.0
-73.936922,42.818663,73.0
-73.936793,42.818713,73.0
-73.935372,42.819334,73.0
-73.93491,42.819517,73.0
-73.934388,42.819748,73.0
-73.934018,42.819899,72.9
-73.933091,42.820294,72.9
-73.932122,42.820825,74.2
-73.93212,42.820826,74.2
-73.931556,42.820712,76.1
-73.931489,42.820841,76.2
-73.931777,42.821066,76.1
-73.931143,42.821506,76.3
-73.930622,42.821962,78.6
-73.930365,42.822184,79.1
-73.929877,42.822674,78.6
-73.92981,42.822821,79.0
-73.929668,42.822939,79.1
-73.92943,42.823275,79.1
-73.92915,42.823679,78.9
-73.928704,42.824469,76.7
-73.928325,42.825073,76.6
-73.927521,42.826454,76.9
-73.926867,42.827568,76.0
-73.926318,42.828537,76.0
-73.924513,42.831661,76.3
-73.924379,42.831834,76.4
-73.924329,42.831928,76.4
-73.924285,42.831986,76.4
-73.924236,42.832021,76.5
-73.924156,42.832056,76.7
-73.9241,42.832185,76.7
-73.92411,42.832268,76.5
-73.924103,42.832319,76.5
-73.924059,42.832393,76.5
-73.924015,42.832455,76.5
-73.923762,42.832889,76.7
-73.923586,42.833183,76.7
-73.923358,42.833595,76.7
-73.923198,42.833858,76.7
-73.922899,42.834285,76.7
-73.922648,42.834609,76.7
-73.922489,42.834781,76.8
-73.922364,42.83492,76.8
-73.921951,42.835353,76.7
-73.921637,42.835633,76.8
-73.921187,42.835991,77.3
-73.920694,42.83636,77.7
-73.920392,42.836561,77.9
-73.920008,42.836771,77.9
-73.919443,42.837078,78.3
-73.918461,42.837612,78.6
-73.917458,42.838134,76.8
-73.916959,42.838409,76.5
-73.916906,42.838438,76.4
-73.916061,42.838877,76.2
-73.914714,42.839578,75.5
-73.911503,42.841285,76.3
-73.910162,42.842003,75.5
-73.909225,42.84251,76.0
-73.908485,42.842896,75.3
-73.90717,42.843587,75.7
-73.906485,42.843965,75.8
-73.90423,42.845147,78.2
-73.903924,42.845278,79.1
-73.903633,42.845397,77.4
-73.903434,42.845479,77.5
-73.902823,42.845675,80.4
-73.901722,42.846027,80.8
-73.900758,42.846336,79.7
-73.898958,42.846913,81.2
-73.897427,42.847393,79.3
-73.896363,42.847733,79.2
-73.895257,42.848017,79.5
-73.89448,42.848179,81.6
-73.893826,42.848298,81.7
-73.89329,42.84836,80.4
-73.892712,42.848405,79.1
-73.892509,42.848403,78.7
-73.892435,42.848395,78.7
-73.892329,42.848323,79.8
-73.892266,42.848255,80.6
-73.892203,42.848239,80.9
-73.892101,42.848242,80.9
-73.89194,42.848276,80.6
-73.891774,42.84831,80.1
-73.891624,42.848332,79.4
-73.891453,42.848346,78.4
-73.89133,42.848345,77.6
-73.890897,42.848352,75.1
-73.890651,42.848346,73.2
-73.890037,42.84826,73.6
-73.889442,42.848134,74.4
-73.888706,42.847996,76.2
-73.887897,42.84778,81.8
-73.887059,42.847541,82.2
-73.886278,42.847281,82.5
-73.88586,42.847108,82.3
-73.885246,42.846776,82.0
-73.884899,42.846559,82.0
-73.884548,42.846337,81.7
-73.884138,42.845978,82.4
-73.883828,42.845711,82.3
-73.88366,42.845538,82.7
-73.883493,42.84534,82.8
-73.883362,42.845173,83.0
-73.883237,42.845007,83.0
-73.883072,42.844706,83.3
-73.882916,42.844391,83.0
-73.882789,42.844079,84.1
-73.88266,42.843779,84.4
-73.882509,42.843282,84.4
-73.882347,42.842804,84.4
-73.882196,42.84237,84.3
-73.881726,42.840809,83.6
-73.881395,42.839863,83.4
-73.881234,42.839311,83.0
-73.880899,42.83834,81.2
-73.880901,42.838273,81.3
-73.880936,42.83823,81.8
-73.88102,42.838192,82.6
-73.8811,42.838173,83.3
-73.881202,42.838151,84.1
-73.881272,42.838092,84.9
-73.881316,42.838018,86.1
-73.881335,42.837956,87.0
-73.881346,42.837845,88.1
-73.881312,42.837684,88.3
-73.881289,42.837483,89.5
-73.881292,42.837286,91.1
-73.881319,42.836984,93.7
-73.881319,42.836713,97.8
-73.881278,42.836618,98.7
-73.881136,42.836447,98.8
-73.881106,42.836372,99.5
-73.881107,42.836325,100.1
-73.881118,42.836286,100.6
-73.881167,42.836243,101.3
-73.881253,42.836232,101.9
-73.881327,42.836245,102.4
-73.881428,42.836293,103.2
-73.881576,42.836381,104.5
-73.88165,42.836409,105.4
-73.881724,42.836424,106.2
-73.881794,42.836415,106.9
-73.881869,42.836384,107.4
-73.881931,42.836351,107.8
-73.882005,42.836303,108.3
-73.883023,42.83553,109.6
-73.883445,42.835214,110.4
-73.883557,42.835113,110.7
-73.883642,42.835037,110.9
-73.883674,42.834982,111.0
-73.883702,42.834869,111.0
-73.883762,42.834681,111.1
-73.883853,42.834536,111.2
-73.883937,42.834305,110.7
-73.884048,42.834082,110.2
-73.88419,42.833914,111.1
-73.884347,42.833774,111.7
-73.884498,42.833685,112.2
-73.884622,42.833635,112.6
-73.884761,42.833613,113.1
-73.884895,42.833607,113.6
-73.885007,42.833576,114.0
-73.885078,42.833526,114.3
-73.885111,42.833455,114.5
-73.885192,42.832823,114.7
-73.88536,42.831519,115.1
-73.885368,42.831347,115.1
-73.88533,42.831099,114.9
-73.885231,42.83043,113.6
-73.885131,42.829988,111.9
-73.885106,42.829862,111.5
-73.885088,42.829709,111.2
-73.8851,42.829555,111.2
-73.885121,42.829403,111.4
-73.885132,42.8293,111.5
-73.885086,42.829221,111.2
-73.885008,42.829094,110.7
-73.884904,42.828948,109.9
-73.884794,42.828817,109.1
-73.8847,42.828687,108.5
-73.884601,42.828556,107.8
-73.884475,42.828429,107.1
-73.884356,42.828286,106.9
-73.88425,42.828159,107.1
-73.884171,42.828039,107.6
-73.884094,42.827922,108.2
-73.884053,42.82787,108.5
-73.884005,42.827834,108.6
-73.883915,42.827814,108.5
-73.883755,42.827797,108.2
-73.883467,42.827778,107.6
-73.882837,42.827741,106.5
-73.882554,42.827717,105.7
-73.882245,42.827691,105.0
-73.881833,42.827633,104.7
-73.881528,42.827518,104.9
-73.88123,42.827406,105.1
-73.880854,42.827253,106.6
-73.880659,42.827154,107.1
-73.880473,42.827057,107.9
-73.880277,42.826925,108.8
-73.880067,42.82677,109.9
-73.879946,42.826694,110.9
-73.879808,42.826606,112.1
-73.879623,42.826514,113.7
-73.87949,42.826454,114.9
-73.879357,42.826409,116.0
-73.879214,42.826392,117.2
-73.879074,42.826406,118.3
-73.878935,42.82644,119.4
-73.878806,42.826494,120.3
-73.87867,42.826568,121.5
-73.878595,42.82661,122.0
-73.87833,42.826548,122.9
-73.878331,42.826474,122.7
-73.878348,42.826388,122.3
-73.878362,42.826258,121.8
-73.878349,42.82611,121.3
-73.878288,42.825895,120.6
-73.878216,42.825741,119.8
-73.878117,42.825615,119.2
-73.87797,42.825476,118.5
-73.877774,42.825352,117.4
-73.877542,42.825232,115.6
-73.877297,42.825162,114.1
-73.877042,42.825085,112.3
-73.876586,42.824912,109.5
-73.876011,42.824685,108.3
-73.875079,42.824324,107.3
-73.874735,42.824182,106.5
-73.87446,42.824049,106.1
-73.874322,42.823973,105.8
-73.874137,42.823865,104.5
-73.873858,42.823658,102.1
-73.873679,42.823511,100.8
-73.873565,42.823353,100.5
-73.873498,42.823203,100.8
-73.873292,42.822963,100.8
-73.873165,42.822819,100.6
-73.87309,42.82275,100.2
-73.872889,42.822619,98.2
-73.872759,42.822501,96.8
-73.872632,42.822361,95.9
-73.872513,42.822193,95.0
-73.871264,42.820948,99.3
-73.870849,42.82055,100.6
-73.870644,42.820371,101.1
-73.870396,42.8202,101.4
-73.87014,42.819906,101.7
-73.869824,42.819656,101.9
-73.869633,42.819567,101.6
-73.869495,42.819527,101.3
-73.869266,42.819493,100.8
-73.868974,42.819443,100.3
-73.868793,42.819402,100.0
-73.868729,42.819366,99.9
-73.868661,42.81931,99.9
-73.868477,42.819131,99.8
-73.868058,42.818691,98.1
-73.867975,42.818576,97.7
-73.86789,42.818323,96.6
-73.867785,42.817855,94.7
-73.867719,42.817673,97.1
-73.867626,42.817495,97.8
-73.867567,42.817391,97.9
-73.867464,42.817293,97.7
-73.867264,42.817146,97.2
-73.867025,42.816957,97.3
-73.866585,42.816577,97.2
-73.866369,42.81641,97.5
-73.866149,42.816219,97.8
-73.865902,42.815973,98.3
-73.865692,42.815754,98.2
-73.865634,42.815718,98.1
-73.865555,42.815702,98.1
-73.865501,42.815705,98.1
-73.865393,42.815755,98.1
-73.865122,42.815846,98.0
-73.863561,42.816176,97.6
-73.862353,42.816444,94.9
-73.862265,42.816472,94.6
-73.86221,42.816516,94.5
-73.862154,42.816589,94.4
-73.860416,42.81695,86.1
-73.860103,42.816831,84.9
-73.859923,42.816747,79.9
-73.859801,42.816667,76.3
-73.859723,42.816603,74.2
-73.859629,42.816492,72.7
-73.859504,42.816302,71.7
-73.859422,42.816178,71.7
-73.859311,42.816056,71.2
-73.858624,42.815395,69.1
-73.857647,42.814526,64.8
-73.85562,42.810594,68.5
-73.855111,42.809648,67.5
-73.854866,42.809266,67.5
-73.854557,42.808824,67.8
-73.853861,42.807821,68.5
-73.852946,42.806554,67.5
-73.852224,42.805532,68.4
-73.851756,42.804917,68.3
-73.851143,42.804242,67.8
-73.848344,42.801872,61.2
-73.847266,42.800957,61.6
-73.846861,42.800612,62.2
-73.84651,42.800305,62.4
-73.846377,42.800156,62.6
-73.846186,42.799932,63.1
-73.845005,42.798556,60.7
-73.844943,42.798422,60.5
-73.844799,42.798269,60.4
-73.842108,42.795016,60.7
-73.840103,42.792617,58.4
-73.839314,42.791693,57.7
-73.838372,42.790566,57.7
-73.837053,42.788985,56.7
-73.836456,42.788273,56.6
-73.836041,42.787745,56.8
-73.834209,42.785528,57.6
-73.833316,42.784477,57.2
-73.832346,42.783284,57.7
-73.831756,42.78257,57.7
-73.83117,42.781927,57.7
-73.830631,42.781407,57.7
-73.830305,42.781132,57.7
-73.829884,42.780829,57.7
-73.829314,42.780446,57.2
-73.828919,42.780202,57.3
-73.828364,42.77991,57.4
-73.82627,42.778905,57.2
-73.823624,42.777658,57.8
-73.822823,42.77728,57.1
-73.820092,42.775972,57.7
-73.816733,42.77437,57.8
-73.816667,42.774338,57.8
-73.815766,42.773903,57.8
-73.813577,42.772846,57.7
-73.812254,42.772235,57.8
-73.811909,42.772096,57.8
-73.811449,42.771924,58.3
-73.810849,42.771746,58.2
-73.810322,42.771595,58.5
-73.809937,42.771487,58.8
-73.80949,42.77138,59.1
-73.808665,42.77121,58.1
-73.808014,42.771123,58.7
-73.807628,42.771078,59.5
-73.807085,42.771029,59.9
-73.80628,42.770974,60.4
-73.805838,42.770961,60.5
-73.805333,42.770976,60.3
-73.804829,42.77099,60.4
-73.804337,42.771028,60.4
-73.804064,42.771053,60.3
-73.803845,42.771082,60.0
-73.803428,42.771128,59.7
-73.802968,42.771187,59.8
-73.802545,42.771261,59.1
-73.802084,42.771346,58.4
-73.801629,42.771436,59.1
-73.801152,42.771561,59.6
-73.80032,42.771811,59.1
-73.799438,42.77214,60.8
-73.798609,42.772501,60.8
-73.798184,42.772721,60.9
-73.797666,42.772995,61.6
-73.797062,42.773318,62.0
-73.796619,42.773624,62.5
-73.796093,42.774024,63.8
-73.79554,42.774498,63.2
-73.795073,42.774929,63.1
-73.794757,42.775248,62.1
-73.794516,42.775536,61.6
-73.7942,42.775914,61.4
-73.793794,42.776449,61.4
-73.793312,42.777082,62.2
-73.79276,42.777779,62.8
-73.792316,42.778379,62.4
-73.792041,42.778713,61.1
-73.79178,42.77903,60.0
-73.789924,42.78144,62.8
-73.789644,42.781772,63.9
-73.789267,42.782286,64.7
-73.789031,42.782606,65.0
-73.78861,42.783121,65.9
-73.788288,42.783506,66.1
-73.787902,42.783868,66.2
-73.787446,42.784233,66.7
-73.786874,42.7846,69.4
-73.786405,42.784843,69.8
-73.785936,42.78505,69.9
-73.785602,42.785192,69.9
-73.784894,42.785405,70.5
-73.784209,42.785563,70.5
-73.783447,42.785661,70.7
-73.782827,42.785709,70.0
-73.782075,42.785717,75.5
-73.781584,42.785676,75.1
-73.78126,42.785643,73.6
-73.781036,42.785607,73.2
-73.780616,42.785532,73.0
-73.780067,42.78541,72.1
-73.777865,42.784827,70.0
-73.774743,42.783983,70.5
-73.772608,42.783438,69.6
-73.771806,42.78326,70.1
-73.771264,42.78316,70.2
-73.770662,42.783079,69.8
-73.770124,42.783014,70.2
-73.769559,42.782965,74.0
-73.768583,42.782946,74.3
-73.767996,42.782968,73.0
-73.767445,42.783009,73.2
-73.766841,42.783077,72.8
-73.766166,42.783195,75.6
-73.765528,42.78333,75.4
-73.764583,42.783603,75.1
-73.763869,42.783827,75.4
-73.762728,42.784318,74.4
-73.761468,42.784866,78.1
-73.760709,42.785197,76.1
-73.760154,42.785438,78.5
-73.759879,42.785557,78.4
-73.759766,42.785615,78.5
-73.759739,42.785642,78.2
-73.759738,42.785677,78.4
-73.759764,42.785717,79.1
-73.759827,42.785773,81.2
-73.760022,42.785905,83.9
-73.761724,42.786988,64.5
-73.761756,42.787008,64.3
-73.761817,42.787049,64.1
-73.761111,42.787548,67.4
-73.761001,42.787678,67.6
-73.761001,42.787688,67.7
-73.760801,42.788018,68.0
-73.760621,42.788398,68.2
-73.760511,42.788628,68.1
-73.760411,42.788778,67.7
-73.760241,42.788928,67.0
-73.760181,42.789008,66.9
-73.760141,42.789088,67.0
-73.760111,42.789198,67.1
-73.760111,42.789268,67.5
-73.760131,42.789338,68.0
-73.760151,42.789378,68.3
-73.760211,42.789448,69.1
-73.760301,42.789528,70.0
-73.760511,42.789648,71.6
-73.760671,42.789758,72.9
-73.760781,42.789848,73.5
-73.760881,42.789958,72.6
-73.760941,42.790048,71.0
-73.760971,42.790118,70.0
-73.761011,42.790238,68.8
-73.761031,42.790358,67.7
-73.761041,42.790458,65.9
-73.761021,42.790568,63.0
-73.760961,42.790668,62.6
-73.760891,42.790748,63.0
-73.760691,42.790878,64.9
-73.760521,42.790978,67.0
-73.760271,42.791058,62.9
-73.760161,42.791078,61.7
-73.760001,42.791068,61.6
-73.759901,42.791058,62.3
-73.759481,42.790868,68.6
-73.759071,42.790778,67.9
-73.758881,42.790768,67.0
-73.758531,42.790728,63.2
-73.758331,42.790688,63.1
-73.757945,42.790558,64.2
-73.75767,42.79046,65.0
-73.75739,42.7904,65.3
-73.757254,42.790378,65.5
-73.757137,42.790388,65.4
-73.757027,42.79039,65.3
-73.756735,42.790429,63.9
-73.756511,42.790456,63.0
-73.756239,42.790467,62.0
-73.75611,42.790447,61.7
-73.756004,42.790427,61.5
-73.755951,42.790383,61.5
-73.755912,42.790335,61.7
-73.755828,42.790177,62.6
-73.755674,42.789955,64.6
-73.75565,42.789899,65.7
-73.75566,42.789842,66.8
-73.755698,42.789762,67.6
-73.755756,42.789685,68.0
-73.75579,42.789608,68.3
-73.755795,42.789555,68.8
-73.755734,42.789053,71.0
-73.755715,42.788914,71.6
-73.75569,42.788752,72.6
-73.755599,42.788503,74.1
-73.75557,42.788225,75.7
-73.755502,42.788029,77.6
-73.755402,42.787851,79.2
-73.755347,42.787759,79.3
-73.755206,42.787621,79.7
-73.755175,42.787615,79.7
-73.75514,42.787618,79.8
-73.755092,42.787634,79.8
-73.754157,42.788043,79.2
-73.753463,42.788345,79.3
-73.752427,42.788788,79.7
-73.75191,42.78901,79.5
-73.751558,42.789168,79.7
-73.751253,42.789315,79.5
-73.750753,42.789574,79.7
-73.750427,42.789775,80.4
-73.750059,42.790016,81.1
-73.749815,42.790198,81.4
-73.749574,42.790382,81.6
-73.749332,42.790601,82.5
-73.748999,42.790901,82.7
-73.748659,42.791206,82.4
-73.748106,42.79174,81.9
-73.747432,42.792389,82.0
-73.745641,42.79412,82.0
-73.7446,42.795147,82.5
-73.743818,42.795875,83.1
-73.743445,42.796225,83.2
-73.74309,42.796536,83.4
-73.742897,42.796696,83.6
-73.742683,42.796858,83.7
-73.742442,42.797031,83.9
-73.742185,42.797188,84.0
-73.741969,42.797315,84.1
-73.741644,42.797478,84.3
-73.741335,42.797633,84.1
-73.740969,42.797798,83.8
-73.740631,42.797915,83.6
-73.740064,42.798098,85.7
-73.739607,42.798245,77.6
-73.739215,42.798346,85.2
-73.738895,42.798415,85.5
-73.738602,42.798469,85.0
-73.738334,42.798511,85.1
-73.73796,42.798544,83.7
-73.737569,42.798573,85.2
-73.737183,42.798593,86.9
-73.7366,42.798587,87.7
-73.736223,42.798575,87.8
-73.735969,42.798565,87.8
-73.735793,42.798553,87.7
-73.735394,42.798509,87.9
-73.73486,42.798438,88.0
-73.734391,42.798338,88.0
-73.734053,42.798266,88.0
-73.733871,42.798226,87.9
-73.73372,42.798188,87.9
-73.733331,42.798091,87.9
-73.732762,42.797941,87.6
-73.732211,42.797802,85.4
-73.731982,42.797722,85.1
-73.731878,42.797663,85.1
-73.731151,42.797403,85.1
-73.73061,42.79719,85.1
-73.72986,42.796879,83.2
-73.72937,42.796669,82.8
-73.728779,42.79638,82.5
-73.727575,42.79574,82.1
-73.726851,42.795308,81.3
-73.726039,42.794759,80.0
-73.725582,42.794444,80.0
-73.725214,42.794156,79.2
-73.72431,42.793412,78.6
-73.722984,42.792278,74.8
-73.722914,42.792218,74.9
-73.722263,42.791671,80.8
-73.720801,42.790458,80.0
-73.719131,42.789028,80.8
-73.717511,42.787648,71.7
-73.716941,42.787168,71.6
-73.716291,42.786618,74.2
-73.714851,42.785408,68.3
-73.714491,42.785038,69.9
-73.714281,42.784818,72.0
-73.714081,42.784598,72.8
-73.713881,42.784378,73.0
-73.713451,42.783858,73.0
-73.713261,42.783638,73.0
-73.712951,42.783248,72.2
-73.712821,42.783028,71.1
-73.712361,42.782358,69.9
-73.712061,42.781898,69.6
-73.711851,42.781558,67.7
-73.711641,42.781148,67.0
-73.711391,42.780568,66.0
-73.711021,42.779028,66.1
-73.710971,42.778868,66.8
-73.710781,42.778368,67.6
-73.710741,42.778268,67.8
-73.710691,42.778098,67.1
-73.710541,42.777718,66.6
-73.710391,42.777388,65.6
-73.710281,42.777168,63.8
-73.710221,42.777078,63.7
-73.710091,42.776878,63.2
-73.709821,42.776528,62.8
-73.709401,42.776078,62.4
-73.708861,42.775608,61.0
-73.708551,42.775358,60.4
-73.707991,42.774968,60.2
-73.707871,42.774898,59.9
-73.707301,42.774548,59.6
-73.707041,42.774418,59.7
-73.706831,42.774268,59.3
-73.706371,42.773918,57.2
-73.706131,42.773678,57.1
-73.705851,42.773408,56.1
-73.705741,42.773268,55.5
-73.705591,42.773078,54.9
-73.705491,42.772918,54.5
-73.705441,42.772828,53.7
-73.705314,42.77263,53.6
-73.7053,42.772602,53.9
-73.705189,42.772294,54.9
-73.70508,42.771896,55.3
-73.705009,42.771446,55.0
-73.705017,42.770088,52.9
-73.705091,42.769387,52.6
-73.705178,42.768325,49.7
-73.705187,42.768124,50.0
-73.705193,42.767847,50.0
-73.70519,42.767546,49.8
-73.705164,42.767228,49.0
-73.705119,42.766923,48.3
-73.705022,42.766447,49.8
-73.704863,42.765858,46.1
-73.704793,42.765652,45.9
-73.704696,42.765415,45.9
-73.704358,42.764707,40.4
-73.703934,42.763923,42.9
-73.703818,42.763689,42.9
-73.703725,42.763494,43.2
-73.703643,42.763212,44.6
-73.703615,42.762871,45.5
-73.703592,42.762566,45.5
-73.703611,42.762259,45.5
-73.703636,42.762006,45.5
-73.703672,42.761814,44.9
-73.703724,42.761636,44.2
-73.703797,42.761401,43.3
-73.703892,42.761202,42.9
-73.703964,42.76101,42.3
-73.704015,42.76092,42.1
-73.701112,42.760978,22.8
-73.700971,42.762192,20.4
-73.699818,42.762107,13.8
-73.699461,42.761969,12.0
-73.699077,42.761774,11.9
-73.698652,42.761518,9.8
-73.698279,42.761176,9.9
-73.693498,42.756602,10.0
-73.693289,42.75627,10.4
-73.693219,42.755953,10.9
-73.693231,42.755736,11.1
-73.693299,42.755351,11.4
-73.693394,42.755111,11.8
-73.693514,42.754795,12.0
-73.693159,42.754728,11.8
-73.692638,42.754617,11.9
-73.691558,42.754259,12.2
-73.68996,42.753953,8.8
-73.689753,42.753913,8.2
-73.689753,42.753913,8.2
-73.689753,42.753913,8.2
-73.690126,42.752736,7.3
-73.690126,42.752736,7.3
-73.690126,42.752736,7.3
-73.690523,42.751659,7.0
-73.69092,42.750582,6.9
-73.691317,42.749504,7.5
-73.691714,42.748427,7.8
-73.691714,42.748427,7.8
-73.691714,42.748427,7.8
-73.690233,42.74808,6.6
-73.690233,42.74808,6.6
-73.690233,42.74808,6.6
-73.690578,42.747127,6.8
-73.690923,42.746174,7.0
-73.691268,42.745221,6.9
-73.691613,42.744267,7.3
-73.691958,42.743314,7.5
-73.692303,42.742361,7.9
-73.692648,42.741408,8.9
-73.692993,42.740454,9.7
-73.693338,42.739501,9.3
-73.693683,42.738548,9.7
-73.693683,42.738548,9.7
-73.693683,42.738548,9.7
-73.694354,42.737305,10.4
-73.69442,42.73714,10.2
-73.69442,42.73714,10.2
-73.69456,42.73712,10.3
-73.69458,42.73711,10.3
-73.69462,42.7371,10.3
-73.69466,42.73709,10.3
-73.69484,42.73701,10.3
-73.69514,42.73687,10.1
-73.69553,42.7367,9.8
-73.6961,42.73644,9.2
-73.69648,42.73627,8.9
-73.69714,42.73597,7.6
-73.69743,42.73584,7.0
-73.6977,42.73571,6.6
-73.69773,42.7357,6.6
-73.69783,42.73565,6.4
-73.69784,42.73565,6.4
-73.69795,42.7356,6.2
-73.698,42.73558,6.1
-73.69807,42.73556,6.0
-73.69821,42.73551,5.4
-73.69846,42.73544,3.5
-73.69869,42.73539,2.6
-73.69877,42.73537,3.1
-73.69888,42.73536,3.9
-73.69893,42.73535,4.2
-73.69897,42.73534,4.5
-73.69899,42.73534,4.7
-73.69906,42.73533,5.2
-73.69932,42.73531,7.0
-73.69932,42.73531,7.0
-73.69935,42.73495,7.4
-73.69937,42.73477,7.5
-73.69938,42.73465,7.5
-73.69939,42.73459,7.6
-73.69946,42.73397,7.8
-73.6995,42.73368,8.0
-73.69955,42.73336,8.1
-73.69959,42.73304,8.2
-73.69964,42.73272,8.4
-73.69965,42.7326,8.4
-73.69967,42.73248,8.5
-73.6997,42.73227,8.6
-73.69975,42.73187,8.4
-73.69979,42.73161,8.3
-73.69984,42.73127,8.1
-73.69988,42.73103,8.1
-73.69991,42.73083,8.0
-73.69992,42.73073,8.1
-73.69997,42.73046,8.0
-73.70006,42.72982,7.9
-73.70007,42.72972,7.8
-73.70009,42.72961,7.8
-73.70011,42.72947,7.8
-73.70014,42.72924,7.8
-73.70016,42.72915,7.8
-73.70016,42.72915,7.8
-73.700065,42.729111,7.6
-73.700065,42.729111,7.6
-73.700065,42.729111,7.6
-73.70006,42.727612,7.3
-73.70006,42.727612,7.3
-73.70006,42.727612,7.3
-73.700017,42.726401,7.1
-73.700017,42.726401,7.1
-73.699872,42.725875,7.6
-73.699872,42.725875,7.6
-73.699926,42.725226,9.0
-73.699926,42.725226,9.0
-73.699926,42.725226,9.0
-73.700369,42.724118,9.0
-73.700811,42.723009,7.2
-73.700811,42.723009,7.2
-73.700811,42.723009,7.2
-73.701197,42.722007,6.1
-73.701584,42.721004,6.2
-73.70197,42.720002,6.3
-73.702356,42.719,6.3
-73.702356,42.719,6.3
-73.702356,42.719,6.3
-73.702694,42.718107,6.2
-73.703031,42.717215,6.2
-73.703368,42.716323,6.4
-73.703368,42.716323,6.4
-73.703368,42.716323,6.4
-73.70398,42.715064,6.2
-73.704591,42.713806,6.7
-73.704591,42.713806,6.7
-73.704688,42.713327,6.4
-73.704688,42.713327,6.4
-73.705026,42.712651,6.5
-73.705026,42.712651,6.5
-73.705332,42.712121,6.6
-73.705332,42.712121,6.6
-73.705332,42.712121,6.6
-73.705914,42.710955,6.6
-73.706497,42.709788,6.5
-73.706497,42.709788,6.5
-73.705638,42.709577,2.4
-73.705638,42.709577,2.4
-73.704957,42.709492,0.2
-73.70502,42.7095,0.4
-73.70506,42.70935,0.3
-73.70512,42.70924,0.2
-73.7052,42.70897,0.0
-73.70525,42.70881,0.0
-73.70535,42.70848,-0.1
-73.70536,42.70846,-0.1
-73.7054,42.70828,0.0
-73.70548,42.70799,0.0
-73.70552,42.70779,0.0
-73.70553,42.70775,0.0
-73.70556,42.70757,0.1
-73.70562,42.70725,1.0
-73.70564,42.70668,2.6
-73.70565,42.7065,3.7
-73.70571,42.70569,6.2
-73.70578,42.70545,6.8
-73.70581,42.7054,7.1
-73.70581,42.7054,7.1
-73.70592,42.7052,8.4
-73.70624,42.70463,9.5
-73.70636,42.70443,9.9
-73.70641,42.70435,10.1
-73.70646,42.70426,10.2
-73.70649,42.70414,10.4
-73.70649,42.70404,10.5
-73.70646,42.7038,10.6
-73.70638,42.70358,10.3
-73.70628,42.70345,10.0
-73.70536,42.70271,3.8
-73.70514,42.70252,1.7
-73.70508,42.7024,1.2
-73.70505,42.70222,1.0
-73.70501,42.70193,0.8
-73.70501,42.70193,0.8
-73.70492,42.70126,0.6
-73.70491,42.7012,0.6
-73.7049,42.70116,0.6
-73.7049,42.70113,0.6
-73.7049,42.7011,0.6
-73.7049,42.70108,0.6
-73.7049,42.70108,0.6
-73.70489,42.70102,0.6
-73.70488,42.70084,0.6
-73.70487,42.70077,0.6
-73.70486,42.70066,0.6
-73.70484,42.70047,0.7
-73.70486,42.69984,0.8
-73.70487,42.69977,0.8
-73.7049,42.69943,0.7
-73.7049,42.69941,0.6
-73.70493,42.69923,0.5
-73.70498,42.69904,0.4
-73.70503,42.69888,0.3
-73.70508,42.69872,0.1
-73.70509,42.6987,0.1
-73.70526,42.69837,0.2
-73.70532,42.69826,0.1
-73.70536,42.6982,0.2
-73.70558,42.69792,0.2
-73.70586,42.69762,0.2
-73.70586,42.69762,0.2
-73.7063,42.69713,0.1
-73.70642,42.69699,0.2
-73.70655,42.69684,0.2
-73.70673,42.69663,0.2
-73.70694,42.69638,0.1
-73.707,42.69632,0.2
-73.70729,42.69602,0.4
-73.70785,42.69543,1.0
-73.70805,42.6952,1.0
-73.70845,42.69474,1.6
-73.7085,42.69468,1.6
-73.70858,42.69459,1.7
-73.70896,42.69415,2.1
-73.70927,42.69382,2.7
-73.70932,42.69377,2.8
-73.70938,42.69374,3.4
-73.70946,42.69369,4.2
-73.70961,42.69363,5.8
-73.70963,42.69362,6.0
-73.70984,42.69353,6.8
-73.70986,42.69352,6.8
-73.70986,42.69352,6.8
-73.70991,42.6935,6.7
-73.71001,42.69343,6.6
-73.71011,42.69336,6.6
-73.71018,42.69331,6.5
-73.71025,42.69325,6.4
-73.7103,42.6932,6.4
-73.71034,42.69314,6.4
-73.71037,42.69307,6.4
-73.7104,42.693,6.3
-73.71041,42.69297,6.3
-73.71048,42.69278,6.3
-73.71056,42.69254,6.2
-73.7107,42.69226,2.2
-73.71081,42.69204,0.2
-73.71096,42.6918,0.1
-73.71119,42.69154,0.1
-73.71163,42.69102,0.1
-73.71168,42.69096,0.1
-73.71176,42.69087,0.1
-73.71197,42.69063,0.1
-73.71254,42.68995,0.1
-73.71259,42.68989,0.2
-73.71259,42.68989,0.2
-73.71266,42.6898,0.1
-73.71279,42.68965,0.1
-73.71305,42.68934,0.2
-73.71314,42.68923,0.1
-73.71332,42.68904,0.1
-73.71338,42.68898,0.1
-73.7134,42.68895,0.1
-73.71369,42.6887,0.2
-73.71399,42.6885,0.4
-73.71414,42.68838,0.5
-73.7143,42.68824,0.7
-73.71445,42.6881,0.8
-73.71455,42.68801,1.0
-73.71477,42.68774,1.1
-73.71498,42.6875,1.2
-73.71503,42.68744,1.2
-73.71511,42.68734,0.9
-73.7152,42.68725,0.8
-73.71548,42.68682,0.3
-73.71562,42.68656,0.1
-73.71585,42.68626,0.1
-73.71602,42.68608,0.2
-73.71608,42.68602,0.1
-73.71616,42.68593,0.1
-73.7163,42.68578,0.1
-73.71638,42.68569,0.1
-73.71671,42.68533,0.1
-73.71689,42.68513,0.2
-73.7169,42.68512,0.2
-73.71692,42.68509,0.1
-73.71692,42.68509,0.1
-73.71697,42.68503,0.1
-73.71709,42.68487,0.1
-73.71734,42.68456,0.1
-73.71758,42.68427,0.2
-73.7176,42.68425,0.1
-73.71763,42.68422,0.2
-73.71765,42.68419,0.2
-73.71793,42.68386,0.2
-73.71824,42.68349,0.4
-73.71826,42.68347,0.4
-73.71828,42.68345,0.4
-73.71828,42.68345,0.4
-73.71837,42.68334,0.5
-73.71892,42.68266,1.5
-73.71899,42.68257,1.6
-73.71911,42.68241,1.9
-73.71954,42.68183,2.2
-73.7196,42.68178,2.3
-73.71973,42.68166,2.6
-73.71976,42.68165,2.7
-73.71983,42.6816,2.8
-73.71994,42.68153,2.9
-73.72002,42.68148,2.9
-73.72009,42.68142,2.9
-73.72015,42.68135,2.9
-73.72016,42.6813,2.9
-73.72018,42.68105,2.3
-73.72023,42.68092,1.9
-73.72033,42.68074,1.4
-73.7204,42.68064,1.3
-73.7204,42.68064,1.3
-73.72045,42.68057,1.3
-73.72057,42.68039,1.5
-73.72062,42.68033,1.8
-73.72068,42.68023,1.9
-73.72071,42.68019,2.0
-73.7209,42.67997,2.4
-73.72104,42.67987,2.7
-73.72123,42.67979,2.7
-73.72141,42.67973,2.0
-73.72153,42.67972,1.6
-73.72176,42.6797,1.5
-73.72191,42.67971,1.8
-73.72195,42.67971,1.9
-73.72202,42.67968,2.0
-73.72215,42.67965,2.2
-73.72222,42.67961,2.3
-73.72227,42.67953,2.5
-73.72229,42.67946,2.6
-73.72224,42.67935,2.6
-73.72205,42.67916,1.9
-73.72182,42.67895,1.0
-73.72178,42.67884,0.7
-73.7218,42.67873,0.5
-73.72189,42.67861,0.6
-73.72228,42.67807,0.6
-73.72228,42.67807,0.6
-73.72237,42.67793,0.5
-73.72258,42.67766,0.5
-73.72265,42.67756,0.4
-73.7227,42.6775,0.4
-73.723,42.67709,0.4
-73.72352,42.6764,0.6
-73.72355,42.67635,0.5
-73.72393,42.67584,0.4
-73.72405,42.67571,0.5
-73.72418,42.67557,0.5
-73.72419,42.67556,0.5
-73.72419,42.67556,0.5
-73.72437,42.67537,0.5
-73.7244,42.67532,0.5
-73.72446,42.67525,0.5
-73.72451,42.67513,0.4
-73.72457,42.67492,0.3
-73.7246,42.67475,0.2
-73.72466,42.67449,0.2
-73.72467,42.67445,0.2
-73.72471,42.67417,0.1
-73.7248,42.6739,0.2
-73.72488,42.67363,0.3
-73.72489,42.67359,0.3
-73.72494,42.67345,0.4
-73.72505,42.6731,1.6
-73.72511,42.67292,2.8
-73.72525,42.67249,2.9
-73.72541,42.67195,2.9
-73.72553,42.67171,2.9
-73.72557,42.67161,2.9
-73.72561,42.67154,2.9
-73.72571,42.67139,2.9
-73.72572,42.67138,2.9
-73.72592,42.67111,2.9
-73.72654,42.67027,0.1
-73.72678,42.66996,0.1
-73.7269,42.6698,0.1
-73.72702,42.66965,0.1
-73.72714,42.66949,0.0
-73.72746,42.66908,0.1
-73.728,42.6684,0.1
-73.72813,42.66825,0.1
-73.72818,42.66818,0.1
-73.7285,42.66778,0.0
-73.72875,42.66747,0.1
-73.72887,42.66732,0.0
-73.72912,42.66701,0.1
-73.72926,42.66684,0.1
-73.72938,42.6667,0.1
-73.72948,42.66659,0.1
-73.72952,42.66655,0.1
-73.72988,42.66624,0.3
-73.72998,42.66613,0.3
-73.7301,42.66601,0.4
-73.73012,42.66599,0.4
-73.73027,42.66585,0.4
-73.73042,42.66571,0.4
-73.73046,42.66568,0.4
-73.73051,42.66562,0.5
-73.73061,42.66553,0.5
-73.73065,42.66551,0.6
-73.73065,42.66551,0.6
-73.73094,42.66533,0.7
-73.73113,42.66521,0.7
-73.73114,42.6652,0.7
-73.7315,42.66497,0.9
-73.73178,42.66479,0.9
-73.73186,42.66474,0.9
-73.73225,42.66449,0.8
-73.7328,42.66415,0.8
-73.73298,42.66404,0.8
-73.73329,42.66384,1.1
-73.73358,42.66366,1.4
-73.73377,42.6635,1.7
-73.73399,42.66327,1.9
-73.73416,42.66308,2.0
-73.73433,42.66287,2.1
-73.73451,42.66265,1.8
-73.73454,42.66261,1.6
-73.73466,42.66252,1.4
-73.73467,42.66252,1.4
-73.7347,42.66248,1.3
-73.73487,42.66242,1.3
-73.73506,42.66239,1.3
-73.73529,42.66238,1.4
-73.73549,42.66238,1.3
-73.73557,42.66238,1.3
-73.73568,42.66238,1.3
-73.73574,42.66236,1.2
-73.73582,42.66234,1.2
-73.73596,42.66226,1.1
-73.73629,42.66192,0.9
-73.73741,42.66067,0.9
-73.73751,42.66057,0.9
-73.73764,42.66042,1.0
-73.73767,42.66039,1.0
-73.73769,42.66037,0.9
-73.73769,42.66037,0.9
-73.73778,42.66027,0.9
-73.7378,42.66026,1.0
-73.73792,42.66013,1.0
-73.73822,42.65988,1.0
-73.7385,42.65963,0.4
-73.73887,42.6593,0.4
-73.73967,42.65862,0.4
-73.73983,42.65849,0.4
-73.73999,42.65835,0.4
-73.74015,42.65821,0.4
-73.74031,42.65808,0.5
-73.74034,42.65805,0.6
-73.74109,42.65737,0.8
-73.7413,42.65719,0.9
-73.74136,42.65715,0.9
-73.74142,42.65713,1.1
-73.74162,42.65702,1.3
-73.74185,42.65688,1.4
-73.74187,42.65686,1.4
-73.74222,42.65661,1.4
-73.74237,42.65648,1.3
-73.7424,42.65646,1.4
-73.74241,42.65644,1.4
-73.74244,42.65638,1.4
-73.74247,42.65626,1.5
-73.74252,42.65617,2.1
-73.74256,42.65609,2.5
-73.7426,42.65605,2.8
-73.74262,42.65602,2.8
-73.74276,42.65591,2.9
-73.7428,42.65588,2.9
-73.7429,42.6558,3.0
-73.74298,42.65575,3.0
-73.74302,42.65571,3.0
</coordinates>
      </LineString>
    </Placemark>
  </Document>
</kml>
