<?xml version="1.0" encoding="UTF-8"?>
<kml xmlns="http://www.opengis.net/kml/2.2">
  <Document>
    <description>A Route recorded by NYS Parks Empire State Trail on Aug 28, 24 -- View in full at http://ridewithgps.com/routes/48206169</description>
    <name>EST Champlain Valley</name>
    <Style id="default_style">
      <LineStyle>
        <color>ff0000ff</color>
        <width>2</width>
      </LineStyle>
    </Style>
    <Placemark>
      <description>&lt;html xmlns:fo="http://www.w3.org/1999/XSL/Format" xmlns:msxsl="urn:schemas-microsoft-com:xslt"&gt;

&lt;head&gt;

&lt;META http-equiv="Content-Type" content="text/html"&gt;

&lt;meta http-equiv="content-type" content="text/html; charset=UTF-8"&gt;

&lt;/head&gt;

&lt;body style="margin:0px 0px 0px 0px;overflow:auto;background:#FFFFFF;"&gt;

&lt;table style="font-family:Arial,Verdana,Times;font-size:12px;text-align:left;width:100%;border-collapse:collapse;padding:3px 3px 3px 3px"&gt;

&lt;tr style="text-align:center;font-weight:bold;background:#9CBCE2"&gt;

&lt;td&gt;Champlain Valley&lt;/td&gt;

&lt;/tr&gt;

&lt;tr&gt;

&lt;td&gt;

&lt;table style="font-family:Arial,Verdana,Times;font-size:12px;text-align:left;width:100%;border-spacing:0px; padding:3px 3px 3px 3px"&gt;

&lt;tr&gt;

&lt;td&gt;SHAPE&lt;/td&gt;

&lt;td&gt;PolyLine&lt;/td&gt;

&lt;/tr&gt;

&lt;tr bgcolor="#D4E4F3"&gt;

&lt;td&gt;Section&lt;/td&gt;

&lt;td&gt;Champlain Valley&lt;/td&gt;

&lt;/tr&gt;

&lt;tr&gt;

&lt;td&gt;GlobalID&lt;/td&gt;

&lt;td&gt;{24DED17F-A31E-44A6-B9AA-D5300EC32E38}&lt;/td&gt;

&lt;/tr&gt;

&lt;tr bgcolor="#D4E4F3"&gt;

&lt;td&gt;SHAPE_Length&lt;/td&gt;

&lt;td&gt;2.989236&lt;/td&gt;

&lt;/tr&gt;

&lt;/table&gt;

&lt;/td&gt;

&lt;/tr&gt;

&lt;/table&gt;

&lt;/body&gt;&lt;script type="text/javascript"&gt;

				function changeImage(attElement, nameElement) {

				document.getElementById('imageAttachment').src = attElement;

				document.getElementById('imageName').innerHTML = nameElement;}

			&lt;/script&gt;&lt;/html&gt;

 -- View in full at http://ridewithgps.com/routes/48206169</description>
      <name>EST Champlain Valley</name>
      <visibility>1</visibility>
      <flyToView>1</flyToView>
      <styleUrl>#default_style</styleUrl>
      <LineString>
        <extrude>1</extrude>
        <tessellate>1</tessellate>
        <altitudeMode>clampedToGround</altitudeMode>
        <coordinates>
-73.68976,42.75392,8.2
-73.68975,42.75396,8.2
-73.68961,42.75427,8.4
-73.68935,42.75496,9.8
-73.68896,42.75598,9.6
-73.68892,42.75609,9.5
-73.68845,42.75743,9.0
-73.68839,42.75759,9.0
-73.68816,42.75821,9.0
-73.68797,42.75873,9.1
-73.68791,42.7589,9.1
-73.68785,42.75908,9.2
-73.68779,42.75925,9.2
-73.68777,42.75932,9.2
-73.68774,42.75943,9.6
-73.68773,42.75949,10.0
-73.68772,42.75961,11.0
-73.68771,42.7597,11.2
-73.68771,42.75979,11.1
-73.68772,42.75997,10.4
-73.68769,42.76017,6.1
-73.68765,42.76039,6.4
-73.68763,42.7605,6.5
-73.68759,42.76068,6.8
-73.68755,42.76104,7.3
-73.68751,42.76139,7.8
-73.68748,42.76168,8.3
-73.68742,42.76222,9.1
-73.6874,42.7624,9.0
-73.6873,42.76329,9.4
-73.68715,42.76337,9.3
-73.68715,42.76337,9.3
-73.68717,42.7634,9.3
-73.68718,42.76343,9.4
-73.68716,42.76363,9.4
-73.68716,42.76365,9.4
-73.68706,42.76437,9.7
-73.68701,42.76459,10.0
-73.68693,42.76492,10.5
-73.68683,42.76519,10.6
-73.68681,42.76527,10.6
-73.68677,42.76553,10.7
-73.68672,42.76576,10.6
-73.68668,42.76602,10.3
-73.68663,42.76633,9.8
-73.68656,42.76655,9.5
-73.68646,42.7669,9.4
-73.68641,42.76708,9.1
-73.68634,42.76725,8.5
-73.68633,42.76729,8.4
-73.68628,42.76742,8.3
-73.68626,42.76746,8.2
-73.6862,42.76764,8.2
-73.68617,42.76771,8.1
-73.6861,42.76789,8.0
-73.686,42.76815,7.8
-73.68593,42.76833,7.7
-73.68583,42.76858,7.8
-73.68572,42.76884,8.3
-73.68571,42.76885,8.3
-73.68561,42.7691,8.8
-73.68551,42.76936,8.9
-73.68546,42.76951,8.9
-73.68542,42.76958,8.9
-73.68537,42.76971,8.9
-73.68529,42.76993,8.9
-73.68523,42.77005,8.9
-73.68519,42.77016,9.4
-73.68516,42.77023,10.0
-73.68509,42.77038,10.8
-73.68491,42.77083,10.7
-73.68488,42.77091,10.6
-73.68483,42.77102,10.5
-73.68471,42.77131,10.3
-73.68467,42.77141,10.3
-73.6845,42.77181,10.1
-73.68447,42.77188,10.0
-73.68444,42.77195,10.0
-73.68432,42.77226,9.0
-73.68432,42.77226,9.0
-73.68445,42.77228,9.0
-73.68445,42.77228,9.0
-73.6844,42.77241,8.7
-73.68433,42.77254,8.6
-73.6843,42.77262,8.6
-73.68427,42.77267,8.7
-73.68422,42.7728,8.9
-73.68421,42.77282,8.9
-73.68418,42.77293,8.9
-73.68413,42.77306,8.9
-73.68412,42.77307,8.9
-73.68405,42.77325,8.9
-73.68401,42.77334,8.9
-73.68399,42.77341,8.9
-73.68396,42.77351,8.9
-73.68391,42.77366,8.9
-73.68387,42.77377,8.9
-73.68383,42.77391,9.0
-73.68376,42.77405,9.0
-73.68371,42.77415,8.9
-73.68364,42.7743,9.1
-73.68357,42.77445,9.0
-73.68353,42.77454,8.9
-73.68349,42.77462,8.9
-73.68346,42.7747,8.8
-73.6834,42.77484,8.6
-73.68334,42.77499,8.6
-73.68327,42.77513,8.4
-73.68319,42.7753,8.4
-73.68305,42.77556,8.1
-73.68301,42.77564,8.1
-73.68296,42.77575,8.1
-73.68285,42.77597,8.1
-73.68277,42.77615,8.0
-73.68272,42.77626,8.2
-73.68264,42.77647,8.4
-73.68254,42.77666,8.5
-73.68246,42.77688,8.5
-73.68241,42.77699,8.3
-73.68236,42.77706,8.2
-73.68232,42.77717,8.2
-73.68227,42.77731,8.1
-73.68219,42.77746,8.1
-73.68212,42.77761,8.1
-73.68205,42.77775,8.1
-73.68204,42.77778,8.0
-73.68195,42.77796,8.1
-73.68186,42.77814,8.0
-73.68179,42.77825,7.9
-73.68175,42.77833,7.8
-73.68169,42.77844,7.5
-73.68163,42.77853,7.3
-73.68155,42.77868,7.1
-73.68151,42.77875,7.1
-73.68146,42.77885,7.0
-73.68137,42.77901,6.5
-73.68128,42.77922,6.3
-73.68121,42.77936,5.9
-73.68118,42.77941,5.9
-73.68115,42.77943,6.1
-73.68111,42.77945,6.5
-73.68106,42.77946,6.7
-73.68099,42.77948,7.0
-73.68099,42.77948,7.0
-73.68095,42.77949,7.2
-73.68092,42.7795,7.3
-73.6809,42.77951,7.4
-73.68088,42.77952,7.5
-73.68086,42.77954,7.5
-73.68083,42.77959,7.6
-73.68078,42.77968,7.7
-73.68072,42.77978,7.9
-73.68065,42.77992,8.1
-73.68059,42.78005,7.9
-73.68058,42.78007,7.9
-73.68053,42.78016,7.9
-73.68048,42.78027,7.8
-73.68045,42.78035,7.7
-73.68042,42.78044,7.5
-73.6804,42.78053,7.3
-73.68038,42.78062,7.1
-73.68035,42.78073,6.8
-73.68028,42.78103,6.2
-73.68022,42.78128,6.3
-73.68019,42.78144,6.8
-73.68016,42.78162,8.0
-73.68015,42.7817,8.1
-73.68014,42.78199,8.2
-73.68014,42.78205,8.2
-73.68014,42.78213,8.2
-73.68015,42.78227,8.3
-73.68016,42.78241,8.5
-73.68016,42.78249,8.5
-73.68016,42.78251,8.6
-73.68018,42.78268,9.4
-73.68018,42.78276,9.9
-73.68019,42.78312,10.0
-73.68019,42.78322,10.0
-73.68019,42.78328,10.0
-73.68018,42.78334,10.1
-73.68017,42.78339,10.1
-73.68017,42.7834,10.1
-73.68016,42.78348,10.1
-73.68015,42.78365,10.2
-73.68015,42.78366,10.2
-73.68015,42.78375,10.2
-73.68015,42.7838,10.2
-73.68016,42.78384,10.2
-73.68017,42.78388,10.2
-73.68015,42.7842,10.4
-73.68013,42.78446,10.5
-73.68012,42.78451,10.4
-73.6801,42.78462,10.1
-73.68009,42.78469,10.0
-73.68009,42.7847,10.0
-73.68008,42.78471,9.9
-73.68007,42.78488,9.6
-73.68005,42.78493,9.5
-73.68004,42.78496,9.4
-73.68001,42.78502,9.3
-73.67999,42.78506,9.2
-73.67997,42.78513,9.0
-73.67993,42.78521,8.8
-73.67985,42.78537,8.4
-73.67974,42.78557,7.9
-73.6797,42.78563,7.7
-73.67959,42.7858,7.3
-73.67948,42.78595,6.9
-73.67943,42.78604,6.7
-73.67938,42.78611,6.5
-73.67927,42.78628,6.1
-73.67921,42.78638,5.8
-73.67897,42.78677,4.9
-73.67894,42.78682,5.2
-73.67894,42.78682,5.2
-73.67886,42.78698,6.2
-73.67879,42.78709,6.9
-73.67868,42.78729,8.3
-73.6786,42.78742,8.9
-73.67856,42.78743,9.0
-73.67856,42.78745,9.0
-73.67857,42.78746,9.0
-73.67858,42.78754,9.0
-73.67849,42.78767,9.1
-73.67847,42.7877,9.1
-73.67834,42.7879,9.1
-73.67892,42.78809,8.3
-73.67948,42.78829,7.9
-73.68006,42.78848,7.4
-73.68028,42.78856,7.2
-73.6806,42.78868,6.6
-73.6806,42.78868,6.6
-73.68055,42.7888,7.3
-73.68046,42.78894,8.1
-73.68004,42.78959,10.3
-73.68004,42.78959,10.3
-73.68059,42.78978,11.0
-73.68116,42.78997,11.6
-73.68101,42.7902,11.8
-73.6808,42.79052,12.0
-73.68058,42.79084,12.0
-73.68052,42.79092,12.0
-73.68052,42.79097,12.0
-73.680512,42.79097,12.0
-73.6805,42.79105,12.0
-73.68014,42.79155,12.0
-73.67991,42.79186,12.0
-73.67974,42.79215,12.0
-73.67936,42.79279,12.0
-73.67935,42.79281,12.0
-73.67926,42.79298,12.0
-73.67909,42.79331,12.0
-73.679,42.7935,12.0
-73.67893,42.79365,12.0
-73.67892,42.79368,12.0
-73.67881,42.794,12.0
-73.67872,42.79425,12.0
-73.67868,42.7944,12.0
-73.67864,42.79452,12.1
-73.67863,42.79455,12.1
-73.6786,42.79466,12.1
-73.67852,42.79483,12.3
-73.6785,42.79487,12.4
-73.6782,42.79546,12.0
-73.67816,42.79554,12.0
-73.67813,42.7956,12.0
-73.6781,42.79563,12.0
-73.67805,42.79569,12.0
-73.67802,42.79573,12.0
-73.67797,42.79579,12.0
-73.67794,42.79584,12.0
-73.67793,42.79586,12.0
-73.67791,42.7959,12.0
-73.67789,42.79594,12.1
-73.67788,42.79597,12.1
-73.67786,42.79601,12.0
-73.67784,42.79604,12.0
-73.67783,42.79607,12.0
-73.67782,42.7961,12.0
-73.67781,42.79614,12.0
-73.67779,42.79619,12.0
-73.67778,42.79622,12.0
-73.67776,42.79628,12.0
-73.67773,42.79633,12.0
-73.67771,42.79637,12.0
-73.6777,42.79638,12.0
-73.67768,42.79642,12.0
-73.67764,42.79648,12.0
-73.67762,42.79653,12.0
-73.67758,42.79661,12.0
-73.67749,42.7968,12.0
-73.67743,42.79692,12.0
-73.67736,42.79704,12.0
-73.67728,42.79719,12.0
-73.67727,42.79721,12.0
-73.67722,42.7973,12.0
-73.6772,42.79738,12.0
-73.67718,42.79743,12.0
-73.67711,42.79758,12.0
-73.67705,42.79772,12.0
-73.67701,42.79782,12.0
-73.67695,42.79794,12.1
-73.67692,42.798,11.9
-73.67687,42.79811,12.0
-73.67681,42.79824,11.9
-73.67678,42.79831,11.9
-73.67675,42.7984,11.9
-73.67674,42.79841,11.9
-73.67672,42.79849,12.0
-73.67671,42.79857,12.1
-73.67669,42.79864,12.0
-73.67668,42.79873,12.0
-73.67667,42.79881,12.0
-73.67665,42.79893,12.0
-73.67665,42.79895,12.0
-73.67665,42.79903,12.0
-73.67664,42.79912,12.0
-73.67663,42.79922,12.0
-73.67663,42.79927,12.0
-73.67663,42.7993,12.0
-73.67663,42.79936,12.0
-73.67663,42.79947,12.0
-73.67662,42.79977,12.0
-73.6766,42.79994,12.0
-73.6766,42.80002,12.0
-73.6766,42.80006,12.0
-73.67657,42.8002,12.0
-73.67657,42.80021,12.0
-73.67655,42.80038,12.1
-73.67647,42.80105,12.0
-73.67646,42.80138,12.0
-73.67644,42.80163,12.0
-73.67644,42.80174,12.0
-73.67646,42.80182,12.0
-73.67646,42.80183,12.0
-73.67646,42.80193,12.0
-73.67645,42.80204,12.0
-73.67646,42.80225,12.0
-73.67646,42.8024,12.0
-73.67646,42.80258,12.0
-73.67646,42.80272,12.0
-73.67643,42.80344,12.0
-73.67643,42.80354,12.0
-73.67642,42.80372,12.0
-73.67642,42.80379,12.0
-73.67641,42.80395,12.1
-73.6764,42.8041,12.3
-73.6764,42.80424,12.4
-73.67639,42.80442,12.4
-73.67639,42.80459,12.4
-73.67637,42.80487,12.4
-73.67635,42.80523,12.4
-73.67634,42.80541,12.6
-73.67634,42.80543,12.6
-73.67633,42.80558,13.3
-73.67633,42.80573,14.6
-73.67633,42.80589,15.2
-73.67634,42.80606,15.1
-73.67634,42.8062,15.1
-73.67633,42.80631,15.1
-73.67629,42.80717,15.1
-73.67628,42.80741,15.1
-73.67627,42.80755,15.1
-73.67626,42.80777,15.1
-73.67624,42.80798,15.0
-73.67627,42.80803,15.1
-73.67631,42.80809,15.1
-73.67632,42.80812,15.1
-73.67638,42.80822,15.0
-73.67644,42.80834,15.0
-73.67649,42.80854,15.0
-73.67654,42.80874,15.0
-73.67658,42.80891,15.0
-73.67663,42.80912,15.2
-73.67664,42.80917,15.2
-73.67668,42.80935,15.2
-73.67668,42.80936,15.2
-73.67668,42.80963,15.0
-73.67667,42.80988,15.5
-73.67666,42.80995,15.9
-73.67666,42.81022,17.3
-73.67666,42.81039,17.7
-73.67666,42.81042,17.7
-73.67665,42.81071,18.0
-73.67661,42.81096,18.1
-73.67653,42.81141,18.5
-73.67648,42.81186,19.6
-73.67647,42.81191,19.8
-73.67641,42.81234,20.2
-73.67638,42.81254,20.3
-73.67638,42.81257,20.3
-73.67636,42.8129,20.4
-73.67634,42.81311,20.6
-73.67631,42.81346,20.9
-73.6763,42.81372,21.1
-73.6763,42.81383,21.1
-73.67626,42.81401,21.1
-73.67628,42.81419,21.0
-73.6763,42.81441,21.0
-73.6763,42.81442,21.0
-73.6763,42.81442,21.0
-73.67612,42.81441,21.0
-73.67582,42.8144,21.3
-73.67582,42.8144,21.3
-73.67578,42.81453,21.2
-73.67578,42.8147,21.0
-73.67586,42.81486,21.0
-73.67595,42.81502,21.0
-73.67621,42.81539,21.1
-73.67663,42.81599,19.5
-73.67664,42.81601,19.4
-73.67681,42.8163,19.2
-73.67688,42.81646,19.3
-73.67693,42.81661,19.4
-73.67695,42.81674,19.4
-73.67696,42.81692,19.5
-73.67694,42.81712,20.1
-73.67689,42.81754,21.5
-73.67688,42.81759,21.5
-73.67686,42.81777,21.5
-73.6768,42.81817,21.3
-73.67673,42.81866,21.1
-73.67671,42.81876,21.0
-73.67668,42.81884,20.8
-73.67667,42.81887,20.8
-73.67663,42.81893,20.5
-73.67655,42.81902,20.2
-73.67648,42.81906,19.8
-73.67641,42.81909,19.4
-73.676313,42.819108,18.9
-73.676556,42.819369,20.1
-73.676726,42.820036,21.6
-73.676939,42.820149,22.6
-73.676939,42.820149,22.6
-73.676547,42.821078,22.1
-73.676547,42.821078,22.1
-73.675462,42.821865,21.7
-73.674727,42.822548,21.4
-73.674378,42.823355,21.3
-73.674305,42.823766,21.1
-73.674415,42.82408,21.2
-73.674823,42.824444,21.7
-73.675369,42.824792,22.2
-73.675702,42.825112,21.6
-73.675702,42.825112,21.6
-73.676728,42.825834,21.1
-73.676969,42.826197,21.3
-73.677103,42.827028,20.8
-73.677103,42.827028,20.8
-73.677368,42.828358,21.4
-73.677368,42.828358,21.4
-73.677398,42.82939,21.8
-73.677398,42.82939,21.8
-73.677103,42.831151,21.1
-73.677103,42.831151,21.1
-73.677201,42.832941,22.1
-73.677201,42.832941,22.1
-73.676951,42.834067,21.7
-73.676951,42.834067,21.7
-73.677107,42.835389,22.0
-73.676981,42.835948,21.9
-73.676605,42.836802,21.6
-73.67648,42.83768,21.4
-73.67648,42.83771,21.4
-73.67654,42.83786,21.2
-73.67657,42.83793,21.4
-73.67669,42.8381,19.6
-73.67675,42.83818,19.0
-73.67688,42.83834,20.7
-73.67689,42.83836,20.8
-73.67699,42.83849,21.2
-73.67711,42.83865,21.4
-73.67712,42.83866,21.4
-73.6772,42.83881,21.5
-73.67721,42.83882,21.5
-73.67736,42.83925,21.3
-73.67739,42.83934,21.3
-73.6775,42.83974,21.2
-73.67754,42.83987,21.3
-73.67759,42.84004,21.4
-73.67762,42.84016,21.5
-73.67773,42.84057,21.7
-73.67774,42.8406,21.7
-73.67777,42.84087,21.7
-73.67777,42.84093,21.7
-73.67778,42.84111,21.6
-73.67778,42.84129,21.6
-73.67779,42.84147,21.5
-73.67779,42.84148,21.5
-73.67781,42.84165,21.5
-73.67783,42.84201,21.5
-73.67785,42.84215,21.5
-73.67784,42.84216,21.5
-73.67786,42.84234,21.4
-73.67787,42.84252,21.3
-73.67788,42.84267,21.4
-73.6779,42.84288,21.5
-73.67792,42.84306,21.5
-73.67794,42.84324,21.5
-73.67795,42.84342,21.5
-73.67796,42.84348,21.5
-73.67797,42.8436,21.5
-73.67801,42.84409,21.4
-73.67801,42.84414,21.3
-73.67804,42.84448,21.3
-73.67813,42.84486,21.2
-73.67824,42.84507,21.3
-73.67851,42.84538,21.5
-73.67875,42.84556,21.6
-73.67893,42.8457,21.7
-73.67915,42.84584,21.8
-73.67921,42.84587,21.8
-73.67933,42.84596,21.9
-73.67954,42.84612,22.0
-73.67977,42.84652,22.0
-73.68005,42.84709,21.9
-73.68011,42.84721,21.9
-73.68021,42.84743,21.7
-73.68029,42.8476,21.5
-73.68036,42.84777,21.3
-73.68059,42.84828,21.2
-73.68081,42.84877,21.1
-73.68082,42.84879,21.1
-73.68089,42.84896,21.1
-73.68091,42.849,21.1
-73.68106,42.8493,20.2
-73.68117,42.84955,20.4
-73.68138,42.84998,20.4
-73.68146,42.85015,20.4
-73.68154,42.85032,20.4
-73.68174,42.85074,18.2
-73.68178,42.85083,17.9
-73.68187,42.851,19.4
-73.68196,42.85117,21.0
-73.68209,42.85143,22.7
-73.68214,42.8515,23.2
-73.68239,42.85201,24.2
-73.68241,42.85205,24.2
-73.68248,42.85218,24.2
-73.68266,42.85251,24.2
-73.68273,42.85264,24.2
-73.68275,42.85268,24.2
-73.68296,42.85312,24.2
-73.68316,42.85351,24.2
-73.68323,42.85369,24.2
-73.68332,42.85412,24.2
-73.68339,42.85452,24.2
-73.6834,42.85459,24.2
-73.68346,42.85495,24.2
-73.68349,42.85513,24.2
-73.68355,42.85556,24.2
-73.68363,42.85596,24.3
-73.68369,42.85623,24.6
-73.68363,42.85673,24.6
-73.68362,42.85677,24.6
-73.68361,42.85691,24.6
-73.68358,42.85717,24.4
-73.68343,42.85743,24.4
-73.6832,42.85775,24.4
-73.68317,42.8578,24.4
-73.68246,42.85874,24.5
-73.6822,42.85912,24.4
-73.68212,42.85969,24.3
-73.68205,42.86007,24.3
-73.68204,42.86016,24.3
-73.68205,42.86025,24.3
-73.68214,42.86076,24.4
-73.68231,42.86115,24.4
-73.68235,42.86123,24.3
-73.68236,42.86125,24.3
-73.68236,42.86125,24.3
-73.68225,42.8613,24.3
-73.682255,42.861306,24.3
-73.68219,42.86134,24.2
-73.68152,42.86168,23.0
-73.68148,42.8617,22.9
-73.68132,42.86176,22.5
-73.68101,42.86186,22.0
-73.68082,42.8619,21.7
-73.68061,42.86193,21.6
-73.68046,42.86195,21.4
-73.68016,42.86198,21.1
-73.67988,42.86201,20.0
-73.67958,42.86205,19.0
-73.67911,42.86216,16.4
-73.679,42.86219,15.8
-73.67872,42.86223,15.4
-73.67839,42.86227,15.2
-73.67815,42.86229,14.3
-73.67791,42.86232,12.9
-73.67791,42.86232,12.9
-73.67785,42.86286,10.6
-73.67775,42.86375,12.9
-73.67773,42.86396,13.1
-73.6777,42.8645,13.2
-73.67767,42.8654,13.7
-73.67766,42.86561,14.0
-73.67764,42.86628,14.8
-73.67764,42.8663,14.8
-73.67762,42.86727,15.0
-73.67762,42.86756,15.0
-73.67762,42.86774,15.0
-73.67761,42.86829,14.2
-73.67761,42.86878,13.8
-73.67762,42.86895,13.8
-73.67763,42.86908,13.9
-73.67765,42.86927,14.4
-73.67768,42.86947,15.0
-73.6778,42.87006,15.1
-73.67781,42.87009,15.1
-73.67795,42.87065,15.2
-73.67803,42.87098,15.3
-73.67807,42.87108,15.3
-73.6781,42.87118,15.3
-73.67824,42.87168,15.3
-73.67829,42.87183,15.4
-73.67829,42.87186,15.4
-73.67831,42.8719,15.4
-73.67855,42.8727,15.9
-73.67866,42.87305,16.2
-73.67872,42.87326,16.4
-73.67876,42.87344,16.7
-73.67888,42.87385,17.2
-73.67896,42.87412,17.5
-73.67896,42.87414,17.5
-73.67897,42.87416,17.5
-73.67902,42.87432,17.7
-73.6792,42.87489,18.4
-73.67928,42.87505,18.8
-73.67929,42.87506,18.9
-73.67933,42.87514,18.9
-73.67938,42.87523,18.9
-73.6794,42.87527,18.9
-73.67947,42.87537,19.0
-73.67948,42.87539,19.0
-73.67954,42.87548,19.0
-73.67959,42.87555,19.0
-73.67962,42.87559,19.1
-73.67971,42.87571,19.2
-73.67974,42.87576,19.2
-73.67982,42.87586,19.2
-73.67983,42.87587,19.2
-73.67996,42.87605,19.2
-73.68015,42.87629,18.9
-73.68019,42.87634,18.9
-73.6805,42.87675,19.4
-73.68067,42.87697,18.5
-73.68091,42.87728,18.7
-73.68103,42.87743,18.7
-73.68103,42.87744,18.7
-73.68113,42.87756,18.7
-73.68127,42.87774,18.6
-73.68128,42.87775,18.6
-73.68142,42.87792,18.7
-73.68164,42.8782,18.7
-73.68177,42.87836,18.8
-73.68178,42.87837,18.8
-73.68187,42.87848,18.7
-73.68191,42.87852,18.7
-73.68203,42.87866,18.7
-73.68204,42.87867,18.7
-73.6822,42.87886,18.5
-73.68228,42.87896,18.3
-73.68243,42.87913,18.1
-73.6825,42.8792,18.3
-73.68276,42.87949,17.8
-73.68302,42.87979,14.9
-73.6831,42.87988,14.9
-73.68311,42.87989,14.9
-73.68324,42.88004,17.3
-73.68334,42.88016,18.8
-73.68337,42.88018,18.9
-73.68338,42.88019,18.9
-73.68374,42.88061,21.2
-73.68391,42.88079,21.4
-73.68404,42.88094,21.1
-73.68411,42.88102,20.5
-73.68418,42.88109,19.7
-73.68431,42.88124,18.8
-73.68445,42.8814,18.4
-73.68484,42.88184,18.5
-73.68498,42.88201,18.5
-73.68498,42.88201,18.5
-73.685,42.88213,18.5
-73.68501,42.88216,18.5
-73.685047,42.882233,18.5
-73.68505,42.88224,18.5
-73.68511,42.88234,18.5
-73.68516,42.88246,18.5
-73.68518,42.8825,18.5
-73.6852,42.88255,18.5
-73.68526,42.88271,18.6
-73.6853,42.88285,18.7
-73.68531,42.88287,18.7
-73.68541,42.8832,19.2
-73.68541,42.88339,19.6
-73.68541,42.88341,19.7
-73.68541,42.88357,19.9
-73.6854,42.88375,20.0
-73.6854,42.88393,20.1
-73.68539,42.88398,20.1
-73.68539,42.88411,20.2
-73.68539,42.88429,20.4
-73.68539,42.88438,20.4
-73.68539,42.88477,20.3
-73.68541,42.88495,20.2
-73.68542,42.88504,20.2
-73.68543,42.88512,20.3
-73.68544,42.88517,20.3
-73.68545,42.88521,20.4
-73.68547,42.88528,20.5
-73.6855,42.88536,20.6
-73.68554,42.88547,20.7
-73.68562,42.88565,20.9
-73.6857,42.8858,21.1
-73.68578,42.88597,21.2
-73.68579,42.88597,21.2
-73.68588,42.88611,21.3
-73.6859,42.88613,21.3
-73.68598,42.88627,21.3
-73.686,42.88629,21.2
-73.6861,42.88642,21.1
-73.68613,42.88645,21.1
-73.68619,42.88652,21.1
-73.68628,42.88662,21.1
-73.68637,42.88671,21.1
-73.68657,42.88688,19.8
-73.6868,42.88705,18.9
-73.68689,42.88712,19.5
-73.68717,42.88731,19.7
-73.68741,42.88747,19.8
-73.68742,42.88748,19.8
-73.68759,42.88758,19.9
-73.6877,42.88765,20.1
-73.68781,42.88773,20.2
-73.68794,42.88784,20.4
-73.68808,42.88799,20.5
-73.68816,42.88809,20.6
-73.68822,42.88821,20.7
-73.68822,42.88822,20.7
-73.68827,42.88836,20.8
-73.6883,42.8885,20.8
-73.68831,42.88857,20.9
-73.68831,42.88875,20.9
-73.68829,42.88895,20.6
-73.68822,42.8895,19.8
-73.68815,42.89031,19.2
-73.68807,42.8911,19.5
-73.68797,42.89207,20.1
-73.68792,42.89257,20.3
-73.68791,42.89262,20.3
-73.6879,42.89273,20.3
-73.68789,42.89279,20.3
-73.68784,42.89333,22.1
-73.68782,42.89353,22.3
-73.68781,42.89365,22.5
-73.68777,42.89414,23.0
-73.68776,42.89419,23.0
-73.68776,42.89423,23.1
-73.68773,42.89453,23.4
-73.6877,42.89485,23.6
-73.68769,42.8951,23.7
-73.68768,42.89531,23.8
-73.68768,42.89549,23.8
-73.68769,42.89567,24.0
-73.68771,42.89589,25.0
-73.68773,42.89602,25.5
-73.68778,42.89639,27.0
-73.68782,42.89675,27.2
-73.68784,42.89691,27.2
-73.68784,42.89693,27.2
-73.68789,42.89729,27.8
-73.68791,42.89746,28.1
-73.68794,42.89776,28.2
-73.68796,42.89794,28.3
-73.68798,42.89812,28.3
-73.688,42.89823,28.3
-73.68801,42.8983,28.3
-73.68805,42.89863,28.2
-73.68809,42.89884,28.1
-73.68809,42.89889,28.0
-73.68813,42.89922,28.2
-73.68821,42.89983,30.0
-73.68825,42.9001,30.1
-73.68825,42.90026,30.0
-73.68825,42.90039,29.5
-73.68825,42.90044,29.1
-73.68824,42.90051,28.3
-73.68823,42.90057,27.5
-73.68821,42.90071,27.0
-73.68818,42.90085,27.0
-73.68816,42.9009,26.9
-73.68814,42.90095,26.9
-73.68809,42.90105,26.8
-73.68784,42.9015,26.6
-73.68776,42.90162,26.5
-73.68765,42.90179,26.5
-73.68755,42.90194,26.5
-73.68736,42.90222,26.5
-73.68719,42.90247,26.4
-73.68705,42.90267,26.3
-73.68689,42.90291,26.4
-73.68673,42.90307,26.4
-73.6866,42.9032,25.4
-73.68659,42.90321,25.4
-73.6865,42.90329,24.9
-73.68636,42.90341,24.0
-73.68626,42.90349,23.0
-73.68619,42.90354,22.3
-73.6861,42.9036,22.1
-73.68593,42.90369,21.9
-73.68575,42.90379,21.6
-73.68557,42.90391,21.3
-73.68554,42.90394,21.3
-73.6854,42.90405,21.7
-73.68532,42.90413,22.1
-73.68527,42.90418,22.2
-73.68521,42.90426,22.3
-73.68509,42.90446,22.0
-73.68493,42.90472,20.5
-73.68492,42.90473,20.3
-73.6848,42.90491,20.0
-73.68466,42.9052,21.8
-73.68458,42.90537,24.4
-73.68452,42.90554,25.8
-73.68444,42.9058,26.7
-73.684421,42.905879,26.8
-73.6844,42.90597,26.8
-73.68429,42.90641,26.8
-73.68424,42.9066,26.8
-73.68394,42.9078,25.5
-73.68384,42.90815,26.0
-73.68373,42.90853,26.6
-73.68368,42.90871,26.8
-73.68361,42.90895,27.0
-73.68359,42.90907,27.0
-73.68357,42.90915,27.0
-73.68356,42.90921,27.0
-73.68355,42.90928,27.0
-73.68356,42.9093,27.0
-73.68356,42.90931,27.1
-73.68357,42.90933,27.1
-73.68359,42.90941,27.3
-73.6836,42.90944,27.3
-73.68362,42.90947,27.4
-73.68362,42.90948,27.4
-73.68366,42.90954,27.5
-73.68378,42.9097,27.8
-73.68378,42.9097,27.8
-73.68359,42.90982,27.8
-73.68347,42.90992,27.7
-73.68342,42.90995,27.7
-73.6833,42.91006,27.7
-73.68322,42.91015,27.6
-73.68315,42.91023,27.6
-73.68314,42.91024,27.6
-73.68309,42.91032,27.6
-73.68308,42.91033,27.6
-73.68306,42.91038,27.7
-73.68301,42.91047,27.7
-73.68293,42.91064,27.8
-73.68291,42.91069,27.8
-73.68289,42.91074,27.8
-73.68283,42.91085,27.8
-73.68282,42.91089,27.8
-73.68276,42.91101,27.8
-73.68274,42.91105,27.8
-73.68271,42.91112,27.8
-73.68269,42.91115,27.8
-73.6826,42.9113,27.8
-73.68254,42.91142,27.9
-73.68241,42.91161,27.9
-73.68234,42.91171,27.9
-73.68231,42.91176,27.9
-73.68208,42.91207,28.0
-73.68196,42.91222,28.0
-73.68176,42.91248,28.1
-73.68103,42.91342,28.0
-73.68091,42.91358,28.1
-73.68082,42.9137,28.1
-73.68067,42.91389,28.1
-73.68062,42.91396,28.1
-73.6803,42.91436,27.9
-73.67984,42.91496,28.0
-73.67974,42.91507,27.9
-73.67959,42.91526,27.8
-73.67953,42.91533,27.8
-73.67947,42.9154,27.8
-73.6794,42.91549,27.8
-73.67933,42.91556,27.7
-73.67918,42.91571,27.4
-73.67913,42.91575,26.6
-73.67903,42.91584,26.5
-73.67891,42.91595,27.4
-73.67877,42.91608,27.0
-73.67842,42.91638,25.8
-73.67821,42.91656,25.8
-73.67816,42.9166,25.8
-73.67766,42.91704,25.6
-73.67707,42.91753,25.4
-73.67674,42.91779,25.1
-73.67648,42.91803,25.1
-73.67626,42.91822,25.0
-73.67617,42.91831,24.9
-73.67564,42.91881,24.8
-73.67551,42.91894,24.8
-73.67541,42.91902,24.7
-73.67534,42.91909,24.7
-73.67529,42.91914,24.8
-73.67523,42.91918,24.8
-73.6752,42.91921,24.8
-73.67508,42.9193,24.7
-73.67505,42.91933,24.7
-73.67499,42.91938,24.7
-73.67489,42.91945,24.7
-73.67488,42.91946,24.7
-73.67477,42.91954,24.7
-73.6747,42.91959,24.7
-73.67455,42.91969,24.7
-73.67441,42.91979,24.7
-73.6743,42.91987,24.7
-73.67418,42.91996,24.7
-73.67399,42.9201,24.8
-73.67386,42.92019,24.9
-73.67381,42.92024,25.2
-73.67378,42.92027,25.4
-73.67372,42.92031,25.7
-73.67367,42.92036,26.1
-73.67361,42.92041,26.4
-73.67356,42.92045,26.4
-73.67343,42.92058,26.4
-73.67327,42.92074,26.3
-73.6732,42.92082,26.3
-73.67314,42.92088,26.2
-73.67306,42.92097,26.1
-73.67305,42.92099,26.2
-73.67299,42.92105,26.1
-73.67294,42.92111,26.2
-73.67285,42.92122,26.3
-73.67268,42.92143,26.7
-73.67262,42.9215,27.0
-73.67258,42.92156,27.4
-73.67254,42.92161,27.8
-73.67251,42.92167,28.3
-73.67248,42.92172,28.8
-73.67241,42.92183,29.8
-73.67239,42.92186,30.0
-73.67232,42.92199,30.6
-73.67228,42.92205,30.8
-73.67218,42.92224,31.6
-73.67206,42.92245,33.2
-73.67196,42.92264,33.8
-73.67193,42.92269,33.9
-73.67184,42.92286,34.0
-73.67178,42.92298,34.3
-73.67176,42.92303,34.4
-73.67162,42.92328,34.4
-73.67157,42.92339,34.1
-73.67152,42.92351,34.0
-73.67149,42.92358,34.0
-73.6714,42.92379,34.0
-73.67133,42.92396,33.9
-73.67133,42.92397,33.9
-73.67129,42.92408,33.4
-73.67126,42.92413,33.2
-73.67121,42.92428,32.8
-73.67112,42.92453,32.8
-73.67106,42.92472,32.8
-73.67101,42.92487,32.8
-73.671,42.9249,32.8
-73.67099,42.92494,32.8
-73.67098,42.92498,32.8
-73.67097,42.92502,32.7
-73.67089,42.92524,32.5
-73.67083,42.92539,32.2
-73.67081,42.92544,32.1
-73.67079,42.92548,31.9
-73.67076,42.92555,31.7
-73.67072,42.92563,31.5
-73.6707,42.92568,31.4
-73.67069,42.92568,31.4
-73.67065,42.92576,31.3
-73.67062,42.92582,31.2
-73.67056,42.92592,31.0
-73.67051,42.92599,30.9
-73.67044,42.92609,30.8
-73.6704,42.92615,30.8
-73.67036,42.92621,30.7
-73.67025,42.92635,30.5
-73.67016,42.92647,30.5
-73.67012,42.92653,30.4
-73.6701,42.92656,30.4
-73.66999,42.92671,30.3
-73.66998,42.92672,30.3
-73.66992,42.9268,30.3
-73.66991,42.92682,30.3
-73.66982,42.92694,30.3
-73.66976,42.92703,30.3
-73.66976,42.92704,30.3
-73.66969,42.92713,30.3
-73.66965,42.9272,30.3
-73.66963,42.92722,30.3
-73.66959,42.92728,30.3
-73.66954,42.92736,30.3
-73.66952,42.9274,30.4
-73.66948,42.92746,30.3
-73.66944,42.92754,30.4
-73.66938,42.92764,30.3
-73.66934,42.92772,30.4
-73.66931,42.92778,30.4
-73.66928,42.92783,30.4
-73.66926,42.92786,30.4
-73.66924,42.92791,30.4
-73.66921,42.92795,30.4
-73.6692,42.92798,30.4
-73.66917,42.92803,30.4
-73.6691,42.92813,30.3
-73.66904,42.92823,30.3
-73.66899,42.9283,30.3
-73.66895,42.92835,30.3
-73.66894,42.92837,30.3
-73.66889,42.92843,30.3
-73.66883,42.9285,30.3
-73.66882,42.92851,30.3
-73.66875,42.92858,30.3
-73.66866,42.92867,30.3
-73.66855,42.92878,30.3
-73.66845,42.92887,30.3
-73.6683,42.92901,30.3
-73.66823,42.92907,30.3
-73.66807,42.92921,30.3
-73.66799,42.92928,30.3
-73.66798,42.92929,30.2
-73.66787,42.92939,29.6
-73.66777,42.92948,29.2
-73.66772,42.92953,29.2
-73.66767,42.92957,29.1
-73.66762,42.92962,29.2
-73.66761,42.92963,29.2
-73.66755,42.9297,29.4
-73.66754,42.92971,29.4
-73.6672,42.93008,30.3
-73.66709,42.93019,30.3
-73.66686,42.93046,30.3
-73.66683,42.9305,30.3
-73.66672,42.93062,30.3
-73.66657,42.9308,30.3
-73.66644,42.93096,30.3
-73.66639,42.93102,30.3
-73.66619,42.93125,30.4
-73.66612,42.93131,30.5
-73.66603,42.93141,30.5
-73.6659,42.93156,30.6
-73.66581,42.93165,30.6
-73.66576,42.93171,30.6
-73.66563,42.93186,30.6
-73.66557,42.93192,30.7
-73.66549,42.93201,30.7
-73.6654,42.93211,30.7
-73.66526,42.93227,30.7
-73.66523,42.93231,30.7
-73.66514,42.93243,30.7
-73.66499,42.93262,30.7
-73.66496,42.93266,30.7
-73.66487,42.93278,30.8
-73.66475,42.93293,30.8
-73.66467,42.93303,30.9
-73.66463,42.93308,30.9
-73.66458,42.93313,30.9
-73.66453,42.93318,31.0
-73.6645,42.93322,31.0
-73.66446,42.93325,31.0
-73.66442,42.93328,31.0
-73.66438,42.93332,31.1
-73.66434,42.93335,31.0
-73.6643,42.93338,31.0
-73.66426,42.93342,31.0
-73.66421,42.93345,31.0
-73.66417,42.93348,31.0
-73.66406,42.93355,31.0
-73.66402,42.93357,31.0
-73.66392,42.93364,31.0
-73.66384,42.93369,30.9
-73.66373,42.93375,30.9
-73.66365,42.9338,30.9
-73.66359,42.93384,30.9
-73.66345,42.93392,30.8
-73.66333,42.93399,30.8
-73.66326,42.93404,30.7
-73.66319,42.93408,30.7
-73.66306,42.93416,30.6
-73.66297,42.93423,30.7
-73.6629,42.93428,30.7
-73.66282,42.93435,30.7
-73.66273,42.93442,30.7
-73.66254,42.93456,30.7
-73.66223,42.9348,30.7
-73.66219,42.93482,30.7
-73.66214,42.93486,30.7
-73.66198,42.93498,30.7
-73.66174,42.93517,30.6
-73.66158,42.93529,30.6
-73.66153,42.93533,30.6
-73.6615,42.93535,30.6
-73.66145,42.93539,30.6
-73.66137,42.93544,30.6
-73.66133,42.93548,30.6
-73.66126,42.93553,30.6
-73.66119,42.93559,30.5
-73.66117,42.93561,30.5
-73.66112,42.93565,30.5
-73.66101,42.93575,30.6
-73.66093,42.93582,30.6
-73.66078,42.93597,30.6
-73.660684,42.93606,30.6
-73.66068,42.93606,30.6
-73.66061,42.93613,30.5
-73.66056,42.93618,30.4
-73.66001,42.9367,28.2
-73.6598,42.93688,27.5
-73.65967,42.937,26.9
-73.65955,42.93709,26.5
-73.6594,42.93723,26.3
-73.65929,42.9373,26.1
-73.65925,42.93733,26.0
-73.65921,42.93736,25.9
-73.65915,42.93739,25.7
-73.65912,42.93741,25.7
-73.65908,42.93743,25.5
-73.65902,42.93746,25.4
-73.65897,42.93748,25.3
-73.65891,42.93751,25.2
-73.65885,42.93753,25.1
-73.65876,42.93756,25.0
-73.65868,42.93758,24.9
-73.65861,42.93759,24.9
-73.65854,42.9376,24.8
-73.65851,42.93761,24.8
-73.65848,42.93761,24.8
-73.65847,42.93761,24.8
-73.65841,42.93762,24.8
-73.65839,42.93762,24.8
-73.65838,42.93762,24.8
-73.65834,42.93763,24.8
-73.6583,42.93763,24.7
-73.65824,42.93764,24.7
-73.65819,42.93764,24.6
-73.65812,42.93764,24.6
-73.65803,42.93764,24.6
-73.65799,42.93763,24.6
-73.65795,42.93763,24.6
-73.6579,42.93763,24.6
-73.65774,42.93761,24.5
-73.6576,42.93759,24.5
-73.65747,42.93757,24.5
-73.65734,42.93756,24.4
-73.65728,42.93755,24.4
-73.65722,42.93755,24.4
-73.65717,42.93754,24.4
-73.65716,42.93754,24.4
-73.65704,42.93754,24.4
-73.65693,42.93754,24.4
-73.65683,42.93754,24.4
-73.65668,42.93754,24.4
-73.65658,42.93755,24.4
-73.65646,42.93755,24.4
-73.65635,42.93756,24.4
-73.65628,42.93756,24.5
-73.65621,42.93757,24.4
-73.65619,42.93757,24.4
-73.65614,42.93757,24.4
-73.65606,42.93758,24.4
-73.65601,42.93759,24.4
-73.65595,42.93759,24.4
-73.65592,42.9376,24.4
-73.65585,42.93761,24.4
-73.65578,42.93762,24.4
-73.65569,42.93764,24.5
-73.65559,42.93766,24.6
-73.65548,42.93769,24.8
-73.65546,42.93769,24.8
-73.65535,42.93772,25.0
-73.65521,42.93776,25.3
-73.6551,42.9378,25.4
-73.6548,42.9379,26.2
-73.6532,42.93844,27.8
-73.65255,42.93867,27.8
-73.65215,42.9388,27.6
-73.65189,42.9389,27.6
-73.65143,42.9391,27.6
-73.6513,42.93916,27.5
-73.65089,42.93935,27.5
-73.65061,42.93954,27.6
-73.65013,42.93989,27.7
-73.64981,42.94015,28.0
-73.6496,42.94034,28.2
-73.64931,42.94063,29.2
-73.64917,42.94078,29.7
-73.64915,42.94081,29.8
-73.64907,42.94093,30.2
-73.6489,42.94135,32.8
-73.64883,42.94155,33.0
-73.64854,42.94225,34.3
-73.6484,42.94252,34.5
-73.64837,42.94257,34.4
-73.64836,42.94259,34.4
-73.64831,42.94268,34.3
-73.64826,42.94275,34.2
-73.64823,42.94282,34.1
-73.64798,42.94323,33.0
-73.64754,42.94391,29.8
-73.64737,42.94418,29.1
-73.64712,42.94456,28.2
-73.64686,42.94495,28.0
-73.64624,42.94589,27.7
-73.64601,42.94625,27.6
-73.64594,42.94637,27.5
-73.6457,42.94672,27.4
-73.64556,42.9469,27.3
-73.64544,42.94706,27.3
-73.6453,42.94722,27.5
-73.64509,42.94744,27.9
-73.6449,42.94763,28.3
-73.64467,42.94785,28.6
-73.64426,42.94823,28.8
-73.64389,42.94858,29.1
-73.64388,42.94859,29.1
-73.64364,42.94882,29.3
-73.64364,42.94882,29.3
-73.64352,42.94894,29.4
-73.64327,42.94916,29.6
-73.64313,42.94927,30.0
-73.64296,42.9494,30.2
-73.64235,42.94979,30.1
-73.64217,42.9499,29.8
-73.64205,42.94997,29.8
-73.64189,42.95007,29.9
-73.6418,42.95014,30.0
-73.64171,42.95022,30.1
-73.64166,42.95027,30.1
-73.64157,42.95035,30.2
-73.64147,42.95046,30.4
-73.64142,42.95051,30.6
-73.64107,42.95095,30.9
-73.64094,42.95111,30.9
-73.64056,42.95157,31.1
-73.64032,42.95189,31.1
-73.64031,42.95189,31.1
-73.63981,42.9525,31.1
-73.6397,42.95264,30.9
-73.63953,42.95286,30.8
-73.63945,42.95295,30.9
-73.63895,42.95357,31.7
-73.63884,42.95371,31.9
-73.63872,42.95387,32.1
-73.63858,42.95405,32.3
-73.63843,42.95426,32.8
-73.63787,42.95503,33.5
-73.63763,42.95537,33.6
-73.63755,42.95549,33.5
-73.63729,42.95585,33.5
-73.63729,42.95586,33.5
-73.63707,42.95617,33.5
-73.63705,42.9562,33.5
-73.63681,42.95653,33.6
-73.6366,42.95682,33.6
-73.63647,42.957,32.7
-73.63616,42.95739,31.7
-73.63605,42.95753,31.2
-73.63605,42.95753,31.2
-73.63565,42.95804,30.3
-73.63555,42.95817,29.9
-73.63552,42.9582,29.7
-73.63518,42.95861,28.6
-73.63498,42.95883,28.3
-73.63486,42.95896,28.1
-73.63469,42.95913,27.9
-73.63435,42.95945,27.3
-73.63424,42.95956,27.2
-73.63413,42.95968,27.2
-73.63404,42.95978,27.2
-73.63391,42.95995,27.2
-73.63387,42.96002,27.2
-73.63379,42.96016,27.2
-73.63374,42.96028,27.2
-73.63369,42.9604,27.4
-73.63363,42.96061,27.3
-73.63355,42.96092,27.2
-73.63352,42.96115,27.2
-73.63349,42.96133,27.2
-73.63347,42.96149,27.3
-73.63346,42.96154,27.4
-73.63346,42.96168,27.6
-73.63345,42.96185,27.8
-73.63344,42.96212,27.9
-73.63345,42.96311,27.4
-73.63345,42.96329,27.8
-73.63345,42.96365,28.2
-73.63345,42.96383,28.3
-73.63346,42.96509,28.6
-73.63347,42.96617,29.1
-73.63348,42.96635,29.1
-73.63348,42.96661,29.2
-73.63348,42.96671,29.2
-73.63349,42.96761,28.3
-73.63349,42.96786,28.7
-73.63349,42.96887,31.1
-73.6335,42.96958,31.1
-73.6335,42.97009,30.7
-73.6335,42.97024,30.4
-73.63349,42.97039,30.3
-73.63347,42.97064,30.4
-73.63345,42.97077,30.3
-73.63342,42.971,29.8
-73.63338,42.9712,29.0
-73.63336,42.9713,29.4
-73.63328,42.97163,30.2
-73.63318,42.97198,30.2
-73.6331,42.97227,30.4
-73.63298,42.97254,30.3
-73.63289,42.97274,30.4
-73.63282,42.9729,30.5
-73.63269,42.97315,30.5
-73.63258,42.97334,30.8
-73.6325,42.97348,31.1
-73.63233,42.97377,31.9
-73.63219,42.97397,32.4
-73.632,42.97424,32.9
-73.63186,42.97443,33.3
-73.6318,42.97451,33.3
-73.63171,42.97463,33.6
-73.63154,42.97487,33.9
-73.63149,42.97494,34.1
-73.63134,42.97514,34.2
-73.63125,42.97526,34.3
-73.63119,42.97535,34.4
-73.63111,42.97546,34.4
-73.63101,42.97559,34.5
-73.63098,42.97561,34.4
-73.63084,42.97578,34.2
-73.63075,42.97588,34.0
-73.63058,42.97605,33.4
-73.63043,42.97619,31.4
-73.63042,42.9762,31.3
-73.63035,42.97626,30.5
-73.63026,42.97634,30.3
-73.63009,42.97649,30.3
-73.63,42.97657,30.5
-73.62899,42.97743,28.4
-73.62834,42.97798,28.4
-73.62822,42.97808,28.4
-73.62818,42.97812,28.4
-73.62808,42.97821,28.4
-73.62802,42.97825,28.4
-73.62793,42.97833,28.4
-73.62774,42.97849,28.4
-73.62754,42.97866,28.5
-73.62706,42.97907,28.9
-73.626537,42.979515,29.1
-73.62652,42.97953,29.1
-73.62613,42.97985,29.2
-73.62506,42.98078,29.2
-73.62438,42.98136,29.2
-73.62422,42.98149,29.3
-73.62382,42.98184,30.0
-73.62289,42.98263,30.0
-73.62265,42.98283,30.0
-73.62209,42.98331,30.1
-73.6213,42.98396,29.8
-73.62032,42.98478,30.1
-73.62013,42.98494,30.1
-73.61957,42.98549,30.1
-73.61921,42.98587,30.1
-73.6188,42.98636,30.1
-73.61819,42.98714,30.1
-73.6179,42.98753,30.1
-73.61787,42.98757,30.0
-73.61778,42.98768,30.0
-73.61744,42.98811,30.0
-73.61705,42.98862,29.9
-73.61669,42.98909,29.6
-73.61655,42.98928,29.2
-73.61635,42.98953,28.3
-73.6162,42.98972,28.0
-73.61618,42.98975,28.0
-73.61605,42.98992,28.0
-73.61579,42.99027,28.3
-73.61564,42.9905,28.5
-73.61552,42.99067,28.5
-73.6153,42.99101,28.0
-73.61445,42.99242,28.2
-73.61427,42.99274,28.3
-73.61418,42.99287,28.3
-73.61405,42.99307,28.5
-73.61391,42.99328,28.6
-73.61383,42.9934,28.5
-73.61372,42.99356,28.5
-73.61314,42.99435,28.3
-73.6127,42.99496,28.6
-73.61258,42.99514,28.8
-73.61246,42.9953,28.8
-73.61214,42.9958,28.8
-73.61184,42.99626,28.5
-73.61172,42.99645,28.6
-73.61165,42.99656,28.7
-73.61164,42.99658,28.7
-73.61133,42.99706,29.4
-73.61131,42.9971,29.4
-73.61114,42.99737,30.4
-73.61103,42.99754,30.6
-73.61097,42.99765,30.4
-73.61094,42.99769,30.3
-73.6108,42.99791,30.4
-73.61072,42.99804,30.4
-73.61062,42.99819,30.5
-73.61042,42.99849,28.7
-73.6103,42.99869,28.7
-73.61006,42.99907,28.6
-73.61003,42.99911,28.5
-73.6099,42.99929,28.1
-73.60984,42.99936,27.9
-73.60974,42.99948,27.7
-73.609469,42.999786,27.5
-73.60943,42.99983,27.5
-73.60918,43.00008,27.6
-73.60892,43.00035,28.6
-73.60866,43.00061,29.3
-73.60812,43.00112,27.4
-73.60786,43.00139,27.3
-73.60754,43.00172,27.2
-73.60717,43.0021,27.2
-73.60702,43.00227,27.2
-73.60688,43.00242,27.3
-73.60665,43.00268,27.2
-73.606,43.00344,28.3
-73.60596,43.00349,28.4
-73.60589,43.00358,28.6
-73.60536,43.00421,29.5
-73.6049,43.00478,29.2
-73.60415,43.00566,27.7
-73.60377,43.00613,28.5
-73.6032,43.00681,28.1
-73.6032,43.006804,28.1
-73.60301,43.00703,28.8
-73.60269,43.00743,29.4
-73.6026,43.00754,29.5
-73.60248,43.00767,29.5
-73.60248,43.00767,29.5
-73.60143,43.00893,28.2
-73.6013,43.00909,27.9
-73.60066,43.00986,28.2
-73.59996,43.0107,29.8
-73.59977,43.01093,29.8
-73.59976,43.01095,29.8
-73.59956,43.01121,29.5
-73.59952,43.01127,29.5
-73.59933,43.01154,29.6
-73.59932,43.01157,29.6
-73.59922,43.01173,29.5
-73.59908,43.01197,29.5
-73.59896,43.0122,29.3
-73.59883,43.01248,29.0
-73.59868,43.01285,27.9
-73.59865,43.01293,27.7
-73.59862,43.01303,27.5
-73.59852,43.01333,27.4
-73.5985,43.01341,27.3
-73.5984,43.01373,27.3
-73.5983,43.01408,27.2
-73.59821,43.01438,27.2
-73.59819,43.01446,27.2
-73.59814,43.01461,27.2
-73.59797,43.01517,27.2
-73.59786,43.01551,27.2
-73.59774,43.01593,27.2
-73.59763,43.01617,27.2
-73.59756,43.01641,27.3
-73.59749,43.01661,27.3
-73.59725,43.01742,27.5
-73.59721,43.01753,27.4
-73.59713,43.01783,27.5
-73.5971,43.01792,27.5
-73.59699,43.0183,28.9
-73.59689,43.01856,28.5
-73.59681,43.01885,27.5
-73.59678,43.01896,27.3
-73.59678,43.018965,27.3
-73.5967,43.01927,27.3
-73.59656,43.01974,28.0
-73.59655,43.01985,28.1
-73.59639,43.02042,29.9
-73.59603,43.02156,28.9
-73.59601,43.02165,28.6
-73.596,43.02169,28.4
-73.59589,43.02204,27.4
-73.59566,43.02283,30.2
-73.5956,43.02303,30.0
-73.5952,43.02435,29.6
-73.59489,43.02535,29.2
-73.59473,43.0259,28.3
-73.59467,43.02608,28.0
-73.59462,43.02625,27.8
-73.59458,43.0264,27.7
-73.59455,43.02649,27.7
-73.59451,43.0266,27.7
-73.59437,43.02706,28.0
-73.5943,43.02731,28.3
-73.59425,43.02748,28.5
-73.59409,43.02801,29.3
-73.59374,43.02916,29.2
-73.59369,43.02931,29.0
-73.59358,43.02971,28.9
-73.5935,43.03001,28.8
-73.59346,43.03021,28.9
-73.59343,43.03038,29.7
-73.59337,43.03091,30.6
-73.59334,43.0314,25.7
-73.59321,43.03367,30.3
-73.59319,43.03398,30.3
-73.59316,43.03451,30.3
-73.59309,43.03568,29.3
-73.59301,43.03694,29.3
-73.59299,43.03733,29.3
-73.59296,43.03758,28.7
-73.59293,43.03796,28.0
-73.59291,43.03816,29.1
-73.59284,43.03882,29.2
-73.5928,43.03902,29.1
-73.59261,43.04017,29.0
-73.59248,43.04087,30.3
-73.59244,43.04116,30.2
-73.59241,43.04134,30.3
-73.59239,43.04152,30.3
-73.59236,43.04168,30.3
-73.59236,43.0417,30.3
-73.59225,43.04263,28.6
-73.59223,43.04277,28.4
-73.59211,43.04385,29.1
-73.59208,43.04408,28.1
-73.59207,43.04421,27.6
-73.59203,43.04452,28.5
-73.59194,43.04528,29.7
-73.5919,43.04565,30.3
-73.59181,43.04643,30.3
-73.59175,43.04689,30.3
-73.59173,43.04707,30.3
-73.59161,43.04815,30.3
-73.59157,43.04851,30.3
-73.59151,43.049,30.7
-73.5915,43.04922,30.7
-73.5915,43.04924,30.7
-73.59151,43.04943,30.8
-73.59151,43.04954,30.8
-73.59154,43.04981,30.9
-73.59156,43.04994,31.2
-73.59159,43.05009,31.8
-73.59166,43.05039,32.5
-73.59171,43.05056,32.8
-73.59173,43.05063,32.9
-73.59181,43.05084,33.7
-73.59185,43.05092,34.0
-73.59197,43.05118,35.3
-73.592,43.05124,35.6
-73.59208,43.05138,36.2
-73.59217,43.05155,36.3
-73.59219,43.05159,36.3
-73.59233,43.05178,36.4
-73.59237,43.05184,36.4
-73.59249,43.052,36.6
-73.59261,43.05215,35.4
-73.59277,43.05233,33.4
-73.5928,43.05237,33.1
-73.59291,43.05248,32.9
-73.59297,43.05254,32.8
-73.59308,43.05265,32.6
-73.59318,43.05274,32.5
-73.59359,43.0531,32.7
-73.59368,43.05318,32.8
-73.59379,43.05328,32.9
-73.59396,43.05344,32.9
-73.59399,43.05347,32.8
-73.59415,43.05362,33.3
-73.59426,43.05375,33.4
-73.59435,43.05386,33.2
-73.59446,43.05399,33.4
-73.5946,43.05417,33.2
-73.59469,43.0543,33.2
-73.5948,43.05449,32.9
-73.59484,43.05455,32.5
-73.59488,43.05462,31.7
-73.59496,43.05478,31.3
-73.59501,43.05488,31.2
-73.59514,43.05516,30.0
-73.59515,43.0552,29.4
-73.59516,43.05523,29.0
-73.59517,43.05524,29.0
-73.59519,43.0553,28.6
-73.59524,43.05542,29.0
-73.59526,43.05551,29.8
-73.5953,43.05564,30.7
-73.59533,43.05576,30.9
-73.59537,43.05599,31.0
-73.5954,43.05611,31.1
-73.5954,43.05612,31.1
-73.59543,43.05644,31.1
-73.59543,43.05652,31.1
-73.59545,43.05692,30.9
-73.59545,43.05773,31.3
-73.59544,43.05799,31.3
-73.59542,43.05826,31.4
-73.59538,43.05846,31.2
-73.59536,43.05858,31.1
-73.59532,43.05876,31.0
-73.59524,43.05901,30.5
-73.59513,43.05934,30.7
-73.59496,43.05969,29.8
-73.59482,43.05997,30.4
-73.59464,43.06025,30.3
-73.59456,43.06037,30.4
-73.59441,43.06057,30.3
-73.59434,43.06065,30.3
-73.59428,43.06072,30.4
-73.59415,43.06086,30.6
-73.59403,43.06099,30.7
-73.59388,43.06114,30.7
-73.59366,43.06134,30.8
-73.59346,43.06152,30.3
-73.59324,43.06169,26.6
-73.59307,43.06181,28.6
-73.59294,43.0619,30.2
-73.59286,43.06195,30.9
-73.59276,43.06202,31.4
-73.59275,43.06202,31.4
-73.59269,43.06206,31.8
-73.59256,43.06214,33.2
-73.59246,43.0622,33.6
-73.59217,43.06236,34.8
-73.5914,43.06275,38.8
-73.59117,43.06288,39.3
-73.59093,43.06302,41.7
-73.59079,43.06311,42.3
-73.5906,43.06323,42.3
-73.59055,43.06325,42.3
-73.59043,43.06334,42.6
-73.59042,43.06335,42.8
-73.59033,43.06341,43.6
-73.59024,43.06347,43.8
-73.5902,43.06351,43.8
-73.59005,43.06362,43.4
-73.58991,43.06374,43.2
-73.58985,43.0638,43.2
-73.589849,43.063796,43.2
-73.58968,43.06395,43.4
-73.58953,43.06409,44.0
-73.58936,43.06425,45.3
-73.58923,43.06437,45.8
-73.58877,43.06483,47.3
-73.58863,43.06497,48.4
-73.58829,43.06531,48.5
-73.58804,43.06555,48.2
-73.58744,43.06615,46.8
-73.58717,43.06642,46.6
-73.58702,43.06658,46.8
-73.58693,43.06668,46.9
-73.58671,43.06696,47.1
-73.58654,43.06719,47.0
-73.5864,43.06741,46.9
-73.5863,43.06757,46.9
-73.58615,43.06787,46.8
-73.58611,43.06795,46.7
-73.58606,43.06804,46.5
-73.58601,43.06815,46.4
-73.5859,43.06845,45.9
-73.58587,43.06856,45.9
-73.58582,43.06874,45.7
-73.58579,43.06882,45.3
-73.58575,43.069,44.2
-73.58574,43.06909,43.7
-73.58572,43.06917,43.0
-73.58571,43.06927,42.8
-73.58569,43.06945,42.2
-73.58563,43.06988,39.7
-73.58558,43.07028,37.2
-73.58555,43.07056,36.3
-73.58552,43.0707,34.4
-73.58551,43.07078,34.1
-73.58545,43.07106,34.1
-73.58538,43.07133,34.2
-73.58526,43.07176,34.0
-73.58511,43.07229,33.8
-73.5849,43.07301,33.6
-73.58485,43.07317,33.8
-73.58475,43.07352,33.1
-73.58465,43.07385,34.1
-73.5845,43.07442,34.0
-73.58444,43.07462,34.1
-73.58438,43.0749,34.3
-73.58435,43.07501,34.3
-73.58419,43.07571,34.2
-73.58409,43.0762,34.3
-73.58399,43.07664,34.4
-73.58398,43.07667,34.4
-73.58397,43.07673,34.5
-73.58396,43.07678,34.6
-73.58388,43.07716,37.0
-73.58383,43.07738,37.0
-73.58382,43.07744,36.7
-73.58381,43.07749,36.4
-73.5837,43.0781,35.5
-73.58369,43.07815,35.1
-73.58368,43.07821,34.6
-73.58363,43.07846,33.9
-73.58355,43.07899,33.9
-73.58335,43.08048,30.8
-73.58334,43.08053,30.7
-73.58333,43.0806,30.7
-73.58328,43.08101,30.9
-73.58327,43.08107,30.9
-73.58326,43.08114,30.9
-73.58315,43.08191,33.5
-73.58314,43.08202,33.8
-73.58315,43.08191,33.5
-73.58315,43.08191,33.5
-73.58314,43.08202,33.8
-73.58309,43.08238,33.8
-73.58308,43.08247,33.8
-73.58306,43.08278,33.9
-73.58305,43.083,33.8
-73.58307,43.0833,34.1
-73.58308,43.08351,34.1
-73.58308,43.08354,34.1
-73.58312,43.08382,34.0
-73.58334,43.0853,34.1
-73.58345,43.08601,33.7
-73.58351,43.08635,34.1
-73.58358,43.08691,34.2
-73.5836,43.08715,34.1
-73.5836,43.08725,34.0
-73.5836,43.0874,33.9
-73.5836,43.0875,33.9
-73.58359,43.08779,34.1
-73.58357,43.08801,34.3
-73.58353,43.0883,34.7
-73.58346,43.08869,34.6
-73.58343,43.08886,34.7
-73.58325,43.08975,34.6
-73.58318,43.09013,34.7
-73.58316,43.09038,34.6
-73.58315,43.09049,34.5
-73.58313,43.09066,34.4
-73.58312,43.09088,34.5
-73.58313,43.09122,35.4
-73.5832,43.09207,37.8
-73.58325,43.09277,37.7
-73.58329,43.09325,38.3
-73.58334,43.09403,38.2
-73.58334,43.09429,37.8
-73.58334,43.09432,37.6
-73.58331,43.09466,36.0
-73.58329,43.09481,36.0
-73.58323,43.09508,36.0
-73.58315,43.09538,36.0
-73.58305,43.09566,35.5
-73.58297,43.09586,32.5
-73.58296,43.09587,32.2
-73.58284,43.09619,32.7
-73.58278,43.09634,32.9
-73.58264,43.09668,33.5
-73.582512,43.097001,34.0
-73.5825,43.09703,34.1
-73.58237,43.09733,34.6
-73.5823,43.0975,34.5
-73.58219,43.09778,34.3
-73.58207,43.09808,34.2
-73.58194,43.09839,34.2
-73.58174,43.09889,34.4
-73.58161,43.09923,34.8
-73.58158,43.09929,34.8
-73.58154,43.09941,35.0
-73.58147,43.09958,35.1
-73.5814,43.09975,35.2
-73.58133,43.09992,35.8
-73.58133,43.09992,35.8
-73.58122,43.0999,35.5
-73.58075,43.09978,32.4
-73.58051,43.09973,31.6
-73.57998,43.09961,30.6
-73.57998,43.09961,30.6
-73.57993,43.09971,30.4
-73.57993,43.09972,30.4
-73.57991,43.09977,30.3
-73.57991,43.0998,30.3
-73.57991,43.09986,30.3
-73.57989,43.09991,30.3
-73.57988,43.09995,30.3
-73.57986,43.1,30.3
-73.57985,43.10007,30.3
-73.57984,43.10022,30.6
-73.57983,43.10025,30.6
-73.57982,43.10027,30.6
-73.57978,43.10034,30.7
-73.57976,43.10038,30.7
-73.57973,43.10042,30.7
-73.57969,43.10046,30.7
-73.57962,43.10054,30.7
-73.57959,43.10057,30.7
-73.57945,43.10071,30.6
-73.57944,43.10072,30.6
-73.57934,43.10081,30.6
-73.57931,43.10083,30.5
-73.57929,43.10085,30.5
-73.57911,43.10102,30.5
-73.57893,43.10117,30.4
-73.57881,43.10128,30.4
-73.57876,43.10135,30.4
-73.5787,43.10142,30.4
-73.57855,43.10162,30.5
-73.57839,43.10175,30.5
-73.57833,43.1018,30.5
-73.57823,43.10189,30.4
-73.57819,43.10195,30.5
-73.57806,43.1021,30.5
-73.57793,43.10225,30.6
-73.5778,43.10241,30.6
-73.57767,43.10255,30.5
-73.57755,43.10272,30.5
-73.57724,43.10324,30.6
-73.57714,43.10341,30.6
-73.57707,43.10353,30.6
-73.57704,43.10357,30.5
-73.57692,43.10375,30.5
-73.57679,43.10388,30.4
-73.57663,43.10407,30.4
-73.57637,43.10437,30.4
-73.57621,43.10453,30.4
-73.57599,43.1048,30.3
-73.57594,43.10489,30.3
-73.57592,43.10498,30.3
-73.57591,43.105,30.2
-73.57591,43.10506,30.2
-73.5759,43.10514,30.0
-73.57591,43.10523,30.0
-73.57594,43.10543,29.6
-73.57599,43.10566,29.3
-73.57603,43.10581,29.0
-73.57607,43.10595,29.0
-73.57608,43.10599,28.9
-73.57614,43.10617,28.8
-73.57616,43.10623,28.8
-73.57624,43.10651,29.1
-73.57626,43.10661,29.4
-73.57625,43.10688,29.2
-73.57625,43.1069,29.3
-73.57623,43.10706,29.5
-73.57622,43.10714,29.7
-73.57621,43.10723,29.8
-73.57621,43.10731,30.0
-73.57622,43.10741,30.1
-73.57623,43.1075,30.0
-73.57623,43.10759,29.7
-73.57624,43.10778,29.5
-73.57628,43.10792,29.7
-73.57635,43.10813,29.7
-73.5764,43.1083,29.8
-73.57643,43.10838,29.9
-73.57645,43.10848,29.9
-73.57647,43.10854,29.9
-73.57652,43.10875,29.5
-73.5766,43.10901,28.9
-73.57665,43.10917,29.4
-73.57665,43.10918,29.2
-73.57672,43.10935,28.7
-73.57675,43.10945,28.8
-73.57679,43.10952,28.7
-73.57688,43.10969,29.0
-73.57697,43.10986,29.0
-73.57698,43.10987,29.1
-73.57716,43.11019,29.0
-73.57732,43.11048,28.9
-73.57735,43.11053,28.8
-73.57745,43.11069,28.8
-73.57755,43.11085,28.8
-73.5776,43.11093,28.9
-73.57775,43.11118,28.9
-73.57778,43.11123,28.9
-73.57779,43.11136,28.2
-73.57777,43.11147,28.1
-73.57778,43.11154,29.2
-73.57781,43.1116,29.9
-73.57791,43.11168,29.9
-73.57791,43.11168,29.9
-73.57784,43.11174,30.3
-73.57782,43.11176,30.4
-73.57763,43.11195,30.6
-73.57758,43.11202,30.7
-73.57741,43.1123,31.0
-73.5774,43.11233,31.1
-73.57736,43.11241,31.2
-73.57734,43.1125,31.3
-73.57733,43.11253,31.4
-73.57733,43.11266,31.6
-73.57736,43.11285,31.8
-73.57736,43.11286,31.8
-73.57742,43.11309,33.1
-73.57748,43.11326,32.9
-73.57755,43.11338,33.1
-73.57764,43.11355,33.2
-73.57774,43.1138,33.3
-73.57777,43.11394,32.5
-73.57774,43.11423,31.2
-73.57772,43.11457,31.5
-73.57769,43.11466,31.5
-73.57761,43.11502,31.3
-73.57756,43.11519,31.1
-73.57748,43.11555,30.9
-73.57747,43.11561,30.9
-73.57742,43.11572,30.9
-73.5774,43.11577,31.0
-73.57732,43.11588,31.1
-73.5773,43.1159,31.2
-73.57721,43.11599,31.2
-73.57687,43.11621,30.7
-73.57721,43.11599,31.2
-73.5773,43.1159,31.2
-73.57732,43.11588,31.1
-73.5774,43.11577,31.0
-73.57742,43.11572,30.9
-73.57747,43.11561,30.9
-73.57748,43.11555,30.9
-73.57756,43.11519,31.1
-73.577563,43.115179,31.1
-73.57761,43.11502,31.3
-73.57769,43.11466,31.5
-73.57769,43.11466,31.5
-73.57761,43.11502,31.3
-73.57756,43.11519,31.1
-73.57748,43.11555,30.9
-73.57747,43.11561,30.9
-73.57742,43.11572,30.9
-73.5774,43.11577,31.0
-73.57732,43.11588,31.1
-73.5773,43.1159,31.2
-73.57721,43.11599,31.2
-73.57687,43.11621,30.7
-73.57659,43.11637,29.1
-73.57643,43.11646,28.2
-73.57624,43.11656,27.2
-73.57594,43.11671,25.7
-73.57584,43.11677,25.2
-73.57564,43.11688,26.5
-73.57545,43.11699,27.8
-73.57526,43.11711,29.2
-73.57515,43.11717,29.9
-73.57507,43.11721,30.4
-73.57499,43.11724,30.9
-73.57485,43.1173,31.8
-73.57484,43.11731,31.9
-73.57473,43.11735,32.3
-73.57463,43.11737,32.5
-73.57405,43.11752,33.3
-73.5737,43.11762,33.7
-73.57361,43.11765,33.7
-73.5735,43.11768,33.7
-73.5734,43.11774,33.9
-73.57335,43.11778,33.9
-73.5733,43.11784,34.0
-73.57314,43.11809,34.5
-73.57304,43.11827,35.1
-73.57294,43.11843,35.8
-73.57284,43.11861,36.3
-73.57265,43.11893,36.5
-73.57244,43.11925,36.8
-73.57224,43.11958,37.0
-73.57214,43.11975,37.2
-73.57188,43.12017,38.6
-73.57188,43.12017,38.6
-73.57235,43.12032,38.3
-73.57256,43.12038,38.2
-73.57285,43.12045,38.0
-73.57406,43.12069,38.6
-73.57422,43.12073,38.7
-73.5744,43.12078,38.8
-73.57446,43.1208,38.8
-73.574461,43.1208,38.8
-73.57458,43.12084,38.9
-73.5751,43.12105,40.6
-73.57532,43.12114,40.3
-73.57553,43.12122,39.3
-73.57556,43.12124,39.2
-73.57595,43.12137,38.4
-73.5765,43.12154,36.6
-73.57653,43.12155,36.4
-73.57754,43.12184,32.6
-73.57773,43.12189,32.5
-73.57806,43.12202,31.6
-73.57818,43.1221,30.4
-73.57821,43.12211,30.3
-73.57834,43.12221,29.2
-73.57843,43.12232,29.1
-73.57859,43.1225,29.2
-73.57862,43.12253,29.2
-73.57868,43.12262,29.3
-73.5788,43.12278,29.4
-73.57885,43.12285,29.3
-73.57891,43.12294,29.4
-73.57903,43.1231,29.4
-73.57906,43.12314,29.5
-73.57916,43.12325,30.0
-73.57922,43.12332,30.5
-73.57936,43.12344,32.8
-73.57948,43.12353,34.6
-73.57951,43.12355,34.7
-73.57956,43.12357,34.7
-73.57971,43.12365,34.9
-73.57989,43.12372,35.0
-73.58033,43.12385,34.9
-73.58101,43.12404,34.7
-73.58116,43.12408,34.7
-73.5813,43.12411,34.6
-73.58187,43.12428,34.5
-73.58204,43.12434,34.4
-73.58206,43.12435,34.4
-73.5822,43.12441,34.3
-73.58226,43.12445,34.3
-73.58228,43.12446,34.3
-73.5824,43.12455,34.2
-73.58257,43.12473,34.2
-73.58268,43.12486,34.1
-73.58274,43.12503,34.2
-73.58284,43.12541,34.3
-73.58291,43.12571,34.3
-73.58315,43.12688,34.3
-73.5832,43.12722,34.1
-73.58318,43.12758,33.9
-73.58308,43.12811,33.6
-73.58305,43.12834,33.6
-73.58307,43.12846,33.7
-73.58311,43.12859,33.6
-73.58315,43.12868,33.5
-73.58322,43.12878,33.4
-73.58341,43.12896,33.3
-73.58345,43.12899,33.3
-73.58364,43.12911,33.4
-73.58372,43.12917,33.2
-73.58383,43.12922,32.8
-73.58504,43.12984,34.3
-73.58539,43.13002,30.6
-73.58559,43.13013,33.1
-73.58559,43.13013,33.1
-73.58577,43.12988,33.8
-73.58577,43.12988,33.8
-73.58589,43.13002,33.8
-73.58601,43.13018,33.8
-73.58606,43.13025,33.8
-73.58625,43.13051,33.8
-73.58629,43.13055,33.8
-73.58643,43.13069,33.8
-73.5866,43.13083,33.9
-73.58676,43.13096,33.9
-73.58686,43.13104,33.8
-73.58697,43.13114,33.7
-73.58705,43.13124,33.7
-73.58705,43.13125,33.8
-73.58717,43.13141,34.4
-73.58722,43.13148,34.7
-73.58754,43.13187,34.9
-73.58767,43.13203,34.5
-73.58773,43.13211,34.6
-73.58785,43.13222,35.4
-73.58797,43.13231,35.7
-73.58813,43.13244,35.7
-73.5883,43.13258,35.2
-73.58842,43.13267,34.6
-73.5886,43.13286,35.0
-73.58876,43.13307,35.0
-73.58882,43.13318,34.8
-73.58889,43.13331,34.1
-73.58916,43.13391,31.2
-73.58921,43.13404,31.0
-73.58925,43.13416,30.9
-73.58926,43.13421,30.9
-73.58934,43.13454,30.8
-73.58934,43.13457,30.8
-73.58939,43.13492,30.7
-73.58941,43.1351,30.7
-73.58943,43.13528,30.7
-73.58944,43.13546,30.7
-73.58946,43.13564,30.6
-73.58948,43.13582,30.6
-73.58948,43.13585,30.6
-73.58949,43.13616,30.6
-73.58949,43.13618,30.6
-73.58948,43.13654,30.6
-73.58947,43.13703,30.6
-73.58947,43.13708,30.6
-73.58944,43.13744,30.6
-73.58943,43.13768,30.5
-73.58941,43.1378,30.5
-73.58938,43.13798,30.6
-73.58928,43.13869,30.6
-73.58916,43.1393,30.6
-73.58914,43.1394,30.6
-73.58908,43.13964,30.6
-73.58895,43.14011,30.6
-73.58893,43.14018,30.6
-73.58889,43.14028,30.5
-73.58882,43.14046,30.6
-73.58878,43.14056,30.6
-73.58875,43.14063,30.6
-73.58867,43.1408,30.6
-73.5886,43.14096,30.6
-73.58849,43.14117,30.7
-73.58841,43.1413,30.6
-73.58838,43.14135,30.7
-73.58818,43.14162,30.8
-73.5881,43.14174,30.9
-73.58794,43.14194,31.2
-73.5877,43.14225,31.8
-73.5872,43.14287,31.2
-73.58708,43.14303,30.9
-73.58698,43.14316,30.6
-73.58668,43.14348,30.3
-73.58596,43.1442,30.6
-73.58594,43.14422,30.6
-73.58585,43.14435,30.6
-73.58573,43.14451,30.7
-73.5855,43.14483,30.7
-73.58516,43.14531,31.5
-73.58505,43.14547,31.8
-73.58487,43.14571,32.7
-73.58483,43.14579,33.1
-73.58463,43.14612,33.4
-73.58434,43.14662,33.4
-73.58385,43.14744,33.4
-73.58376,43.14761,33.4
-73.58373,43.14766,33.3
-73.58355,43.14789,33.3
-73.58344,43.14801,33.4
-73.58337,43.14806,33.4
-73.58319,43.14819,33.5
-73.583,43.1483,33.6
-73.5827,43.14844,33.8
-73.58235,43.14857,33.6
-73.58233,43.14858,33.6
-73.58213,43.14863,33.5
-73.58207,43.14865,33.6
-73.58189,43.14869,33.5
-73.58187,43.14869,33.6
-73.5815,43.14881,33.4
-73.58144,43.14883,33.4
-73.58111,43.14896,33.4
-73.58101,43.14901,33.5
-73.58081,43.14912,33.5
-73.58077,43.14914,33.5
-73.58043,43.14935,33.4
-73.58024,43.14946,33.4
-73.58007,43.14957,33.4
-73.58006,43.14958,33.4
-73.57937,43.15006,33.6
-73.57935,43.15008,33.5
-73.57924,43.15016,33.6
-73.57905,43.15035,33.9
-73.57896,43.15046,34.0
-73.57861,43.15094,33.9
-73.57849,43.1511,33.9
-73.57838,43.15126,33.8
-73.57825,43.15143,33.7
-73.578,43.15183,33.6
-73.57796,43.15191,33.7
-73.57787,43.15208,33.6
-73.57779,43.15224,33.6
-73.57778,43.15227,33.5
-73.57755,43.15278,33.5
-73.57747,43.15303,33.6
-73.57748,43.15318,33.6
-73.57738,43.15373,33.7
-73.57735,43.15391,33.6
-73.5773,43.15427,33.6
-73.57728,43.15445,33.6
-73.57724,43.15481,33.6
-73.5772,43.15517,33.6
-73.57714,43.15552,33.6
-73.57704,43.15606,33.7
-73.577,43.15623,33.8
-73.57692,43.15671,34.1
-73.5769,43.15677,34.1
-73.57688,43.15688,34.2
-73.57687,43.15711,34.2
-73.57689,43.1573,34.3
-73.57696,43.15761,34.4
-73.57709,43.15791,34.5
-73.5771,43.15793,34.5
-73.57716,43.15804,34.5
-73.57718,43.15807,34.5
-73.57752,43.15856,34.4
-73.5777,43.1588,34.3
-73.57807,43.15923,34.1
-73.57815,43.15932,34.0
-73.57829,43.15947,34.0
-73.57863,43.15984,34.0
-73.57907,43.16039,33.8
-73.57928,43.16064,35.8
-73.57943,43.16086,36.3
-73.57943,43.16086,36.3
-73.57989,43.16087,36.9
-73.58011,43.16089,37.2
-73.58013,43.16089,37.2
-73.58018,43.16091,37.3
-73.58024,43.16094,37.4
-73.58032,43.16104,37.7
-73.58044,43.1612,37.6
-73.58055,43.16137,37.5
-73.58065,43.16153,37.4
-73.58075,43.16169,37.3
-73.58085,43.16192,37.3
-73.58094,43.1622,37.2
-73.581,43.16257,37.4
-73.58108,43.16302,37.8
-73.58111,43.16326,37.8
-73.58112,43.16332,37.8
-73.58115,43.16375,37.9
-73.58119,43.16419,37.6
-73.5812,43.16428,37.5
-73.58121,43.16436,37.5
-73.58123,43.1646,37.2
-73.58123,43.16508,35.7
-73.58123,43.16518,35.4
-73.58123,43.16526,35.2
-73.58124,43.1658,35.0
-73.58124,43.1659,35.1
-73.58125,43.16626,35.5
-73.58124,43.16635,35.6
-73.58121,43.16643,35.7
-73.58121,43.16643,35.7
-73.58154,43.16662,34.2
-73.58159,43.16666,34.2
-73.58176,43.16679,34.1
-73.5821,43.16704,33.9
-73.58211,43.16705,33.9
-73.58228,43.16716,33.8
-73.58249,43.16727,33.8
-73.58283,43.16742,33.7
-73.58314,43.16752,33.6
-73.58347,43.16761,33.6
-73.58382,43.16768,33.6
-73.5845,43.16786,33.8
-73.58476,43.16796,33.9
-73.58491,43.16804,34.0
-73.58523,43.16826,34.8
-73.5854,43.16841,35.3
-73.58553,43.16855,35.6
-73.58573,43.16885,36.0
-73.58578,43.16895,36.0
-73.58586,43.16912,36.2
-73.58588,43.16916,36.2
-73.58593,43.16927,36.3
-73.58602,43.16961,36.3
-73.58605,43.16978,36.4
-73.58608,43.17023,36.5
-73.58607,43.17065,36.5
-73.58607,43.1707,36.6
-73.58606,43.17099,36.6
-73.58604,43.17119,36.6
-73.58601,43.1714,36.6
-73.58594,43.17166,36.5
-73.58591,43.17172,36.5
-73.58589,43.17176,36.5
-73.58581,43.17189,36.5
-73.58558,43.17218,36.5
-73.58486,43.17318,36.5
-73.58454,43.17363,36.5
-73.5842,43.17411,36.5
-73.58418,43.17414,36.5
-73.58408,43.17427,36.6
-73.58362,43.17491,36.4
-73.58339,43.17523,36.3
-73.58297,43.17581,36.6
-73.58261,43.17635,37.1
-73.58259,43.17637,37.0
-73.58247,43.17662,36.9
-73.58244,43.17669,36.8
-73.58229,43.17708,37.1
-73.58223,43.17725,36.8
-73.58214,43.17744,36.8
-73.58206,43.17764,37.0
-73.58206,43.17764,37.0
-73.58163,43.17767,38.3
-73.58157,43.17767,38.5
-73.58133,43.17767,39.5
-73.58108,43.17768,40.5
-73.58083,43.17768,41.5
-73.58034,43.17768,42.5
-73.58015,43.17768,42.4
-73.57985,43.17768,39.5
-73.57962,43.17767,32.2
-73.57924,43.17767,33.9
-73.57909,43.17767,34.6
-73.57883,43.17768,35.8
-73.5786,43.17769,36.9
-73.5786,43.17769,36.9
-73.57862,43.17822,40.3
-73.57863,43.17867,39.7
-73.57865,43.17928,36.7
-73.57871,43.1809,36.4
-73.57873,43.18146,36.4
-73.57876,43.18201,37.5
-73.57877,43.18223,39.5
-73.57882,43.1827,41.0
-73.57888,43.18309,40.9
-73.57892,43.18333,40.5
-73.57896,43.18352,40.5
-73.57907,43.18406,40.2
-73.57921,43.18472,36.7
-73.57928,43.18503,36.5
-73.57935,43.18537,36.4
-73.57943,43.18571,36.4
-73.57954,43.18626,36.4
-73.5796,43.18655,36.4
-73.57968,43.1869,36.4
-73.57973,43.18709,36.6
-73.57982,43.18741,36.7
-73.57988,43.18761,35.9
-73.57994,43.18776,35.8
-73.58006,43.18809,35.2
-73.58024,43.18854,34.9
-73.58035,43.18884,34.7
-73.5804,43.18901,34.6
-73.58047,43.18923,34.3
-73.58053,43.18949,34.1
-73.58057,43.18968,34.7
-73.5806,43.18988,35.0
-73.58064,43.19022,35.3
-73.58067,43.19057,35.4
-73.58069,43.19077,35.6
-73.5807,43.19105,35.7
-73.58071,43.19165,35.4
-73.58073,43.19238,40.1
-73.58075,43.19304,41.5
-73.58075,43.19337,41.8
-73.58075,43.19393,43.1
-73.58074,43.19452,43.5
-73.58073,43.19524,43.4
-73.58073,43.19538,43.4
-73.58073,43.19572,43.1
-73.58074,43.19599,42.9
-73.58074,43.19619,41.6
-73.58076,43.19647,36.7
-73.58078,43.19673,33.5
-73.58082,43.19703,38.2
-73.58088,43.19739,40.4
-73.58118,43.19908,39.3
-73.58144,43.20051,38.4
-73.58149,43.20084,38.2
-73.58149,43.20086,38.3
-73.58151,43.20122,39.4
-73.58151,43.20124,39.5
-73.58151,43.20139,39.6
-73.5815,43.20152,39.7
-73.58148,43.20168,39.6
-73.58146,43.2018,39.7
-73.58144,43.20194,39.7
-73.58144,43.20195,39.7
-73.5814,43.20211,39.7
-73.5814,43.20212,39.7
-73.58135,43.20231,39.7
-73.5813,43.20247,39.8
-73.58126,43.20257,39.8
-73.5812,43.20274,39.8
-73.58114,43.20288,39.9
-73.58109,43.20299,40.0
-73.58107,43.20302,40.0
-73.58098,43.2032,40.0
-73.58089,43.20335,40.2
-73.58078,43.20352,39.3
-73.58071,43.20362,36.0
-73.5806,43.20377,39.1
-73.58049,43.20393,42.4
-73.58046,43.20396,42.7
-73.58011,43.20444,43.1
-73.57999,43.2046,43.1
-73.57995,43.20465,43.0
-73.57973,43.20495,43.3
-73.57964,43.20507,43.6
-73.57953,43.20523,44.1
-73.57951,43.20525,44.1
-73.57911,43.20588,43.9
-73.57879,43.20637,41.2
-73.57861,43.20665,39.6
-73.57829,43.20715,36.3
-73.57827,43.20719,36.6
-73.57817,43.20735,37.9
-73.57806,43.20753,39.2
-73.57786,43.20784,40.1
-73.57785,43.20786,40.1
-73.57777,43.20801,39.8
-73.57773,43.20806,39.6
-73.57768,43.20817,39.4
-73.57765,43.20825,39.2
-73.57761,43.20835,39.1
-73.57755,43.20852,38.5
-73.57747,43.20879,38.2
-73.57745,43.20894,38.0
-73.57743,43.20911,38.0
-73.57739,43.20959,38.1
-73.57736,43.21001,38.5
-73.57725,43.21144,38.0
-73.57722,43.21193,37.7
-73.57717,43.21249,37.2
-73.57717,43.21264,37.3
-73.57717,43.21289,37.5
-73.57718,43.21303,37.7
-73.57721,43.21323,38.2
-73.57725,43.21343,38.4
-73.57728,43.21356,37.8
-73.57735,43.21375,37.7
-73.57739,43.21388,37.5
-73.57765,43.21447,36.3
-73.57781,43.21483,38.0
-73.57859,43.21656,39.4
-73.5786,43.21657,39.4
-73.57904,43.2176,43.0
-73.57908,43.21767,42.9
-73.57977,43.21906,42.1
-73.58001,43.2196,42.6
-73.58019,43.22003,44.9
-73.58073,43.2213,46.3
-73.58086,43.22159,46.2
-73.58112,43.22222,46.5
-73.58129,43.22258,46.8
-73.58149,43.22291,46.6
-73.58151,43.22294,46.6
-73.58174,43.22324,46.7
-73.58206,43.22356,46.4
-73.58206,43.22357,46.4
-73.58234,43.22386,46.3
-73.58235,43.22386,46.3
-73.58242,43.22395,46.3
-73.58257,43.22411,46.3
-73.58275,43.22436,46.3
-73.58284,43.2245,46.4
-73.58295,43.2247,46.4
-73.583,43.22482,46.5
-73.58303,43.22489,46.5
-73.58306,43.22497,46.5
-73.58307,43.22499,46.4
-73.58313,43.22517,46.6
-73.58318,43.22534,46.4
-73.58334,43.22587,46.3
-73.58343,43.22617,46.3
-73.58359,43.2267,46.6
-73.58361,43.22675,46.6
-73.58371,43.22703,46.5
-73.58384,43.22732,46.6
-73.5839,43.22744,46.6
-73.58396,43.22754,46.6
-73.58408,43.22773,46.7
-73.58418,43.22788,46.7
-73.58434,43.22808,46.7
-73.58437,43.22811,46.6
-73.58452,43.22829,46.1
-73.58472,43.2285,45.1
-73.58491,43.22866,41.0
-73.58511,43.22883,36.7
-73.58524,43.22893,36.2
-73.58542,43.22906,36.3
-73.58544,43.22907,36.3
-73.58577,43.22931,39.8
-73.5858,43.22933,39.8
-73.5861,43.22958,39.6
-73.58642,43.22987,39.6
-73.58715,43.23057,39.8
-73.58728,43.23069,37.8
-73.58762,43.23102,39.1
-73.58772,43.23112,39.3
-73.58784,43.23125,39.4
-73.58801,43.23142,39.2
-73.58807,43.2315,38.7
-73.58829,43.23178,39.8
-73.58843,43.23197,42.3
-73.5887,43.23237,43.5
-73.58888,43.23263,43.3
-73.58926,43.23317,43.0
-73.58936,43.23332,43.9
-73.58954,43.23359,45.8
-73.58969,43.23382,46.4
-73.58979,43.23398,46.6
-73.58985,43.23408,46.6
-73.5899,43.23414,46.5
-73.59003,43.23435,46.2
-73.5901,43.23447,46.2
-73.5902,43.23464,46.5
-73.59024,43.2347,46.6
-73.5904,43.23497,46.9
-73.59046,43.23508,46.8
-73.59057,43.23529,46.7
-73.59057,43.2353,46.7
-73.59066,43.2355,46.3
-73.59079,43.23584,45.1
-73.59089,43.23612,43.6
-73.59115,43.23695,39.0
-73.59131,43.23748,39.3
-73.59132,43.23749,39.3
-73.59146,43.238,39.8
-73.59167,43.23871,39.4
-73.59182,43.23924,39.2
-73.59191,43.23955,41.5
-73.59204,43.24005,43.4
-73.59205,43.24014,43.8
-73.59206,43.24019,44.2
-73.59209,43.2405,46.3
-73.59209,43.24052,46.4
-73.59209,43.24079,47.6
-73.59206,43.24141,48.6
-73.59203,43.24199,50.4
-73.59203,43.2422,50.7
-73.59204,43.24265,52.4
-73.59205,43.24283,53.4
-73.59205,43.24301,53.5
-73.59206,43.24319,53.4
-73.59206,43.24337,53.4
-73.59207,43.24355,52.7
-73.59206,43.24473,50.1
-73.59204,43.24512,49.6
-73.59204,43.24517,49.6
-73.59202,43.2453,49.5
-73.592,43.2454,49.5
-73.59195,43.24567,50.3
-73.59189,43.24592,51.7
-73.59183,43.2461,51.7
-73.59176,43.24628,51.3
-73.59171,43.2464,51.1
-73.59166,43.24653,51.2
-73.59165,43.24654,51.2
-73.59158,43.24668,51.1
-73.59145,43.24691,50.8
-73.59132,43.24712,50.7
-73.59108,43.24748,49.4
-73.59035,43.24859,49.0
-73.58988,43.24927,49.0
-73.58962,43.24965,48.9
-73.58945,43.24985,49.1
-73.58934,43.24998,49.4
-73.58929,43.25005,49.2
-73.58893,43.25041,49.0
-73.58872,43.25061,48.9
-73.58832,43.25098,49.1
-73.58792,43.25135,49.1
-73.58754,43.2517,49.1
-73.58724,43.25195,49.1
-73.58695,43.25219,49.1
-73.58681,43.25229,49.1
-73.58664,43.25242,49.1
-73.5864,43.25259,49.2
-73.58612,43.25281,49.2
-73.5859,43.25299,49.3
-73.58554,43.25332,49.3
-73.58533,43.25352,49.3
-73.58502,43.25385,49.5
-73.58489,43.25399,49.5
-73.58455,43.25441,49.4
-73.58432,43.2547,49.3
-73.58408,43.25496,49.3
-73.58386,43.25518,49.3
-73.58361,43.25541,49.4
-73.58386,43.25518,49.3
-73.58408,43.25496,49.3
-73.58432,43.2547,49.3
-73.58455,43.25441,49.4
-73.58455,43.25441,49.4
-73.58432,43.2547,49.3
-73.58408,43.25496,49.3
-73.58386,43.25518,49.3
-73.58361,43.25541,49.4
-73.58302,43.25588,49.4
-73.58289,43.25599,48.4
-73.58284,43.25603,48.1
-73.58283,43.25603,48.1
-73.58274,43.25612,47.8
-73.58243,43.25641,47.7
-73.58194,43.25688,48.0
-73.58177,43.25706,47.6
-73.5817,43.25714,47.4
-73.58152,43.25733,47.3
-73.58136,43.25751,46.8
-73.58101,43.25794,44.1
-73.58081,43.2582,42.0
-73.58073,43.25833,41.9
-73.58068,43.25845,41.6
-73.58064,43.25859,41.2
-73.58063,43.25868,40.5
-73.58063,43.2589,39.4
-73.58064,43.25901,39.2
-73.58065,43.25903,39.2
-73.58068,43.2592,39.3
-73.58068,43.25922,39.3
-73.58071,43.25938,39.5
-73.58079,43.25982,39.8
-73.58082,43.25995,40.0
-73.58084,43.26007,40.1
-73.58085,43.26022,40.2
-73.58085,43.26029,40.3
-73.58083,43.26041,40.5
-73.58082,43.26048,40.6
-73.5808,43.26053,40.6
-73.58076,43.26063,40.6
-73.58075,43.26065,40.6
-73.5807,43.26074,40.6
-73.58064,43.26081,40.6
-73.5806,43.26087,40.7
-73.58052,43.26096,40.7
-73.58044,43.26104,40.8
-73.58037,43.26111,40.7
-73.58031,43.2612,40.5
-73.58027,43.26128,40.6
-73.58024,43.26139,40.7
-73.58021,43.26154,40.9
-73.58015,43.26181,41.0
-73.58002,43.26251,40.9
-73.58,43.26267,40.7
-73.57997,43.26283,40.6
-73.57996,43.26306,40.3
-73.57998,43.2632,40.2
-73.58,43.2633,40.1
-73.58003,43.2634,40.1
-73.58009,43.26354,40.2
-73.58017,43.26366,39.5
-73.58027,43.26381,36.4
-73.58031,43.26386,36.7
-73.58035,43.26391,37.1
-73.58044,43.26401,37.8
-73.58051,43.26407,38.3
-73.58062,43.26416,39.0
-73.58073,43.26423,39.7
-73.58086,43.2643,39.7
-73.581,43.26435,39.7
-73.58109,43.26438,39.6
-73.58113,43.2644,39.7
-73.58129,43.26444,39.7
-73.5814,43.26446,39.7
-73.5815,43.26447,39.8
-73.58182,43.26448,39.8
-73.58182,43.26448,39.8
-73.58185,43.26471,40.1
-73.58197,43.26512,40.5
-73.58206,43.26541,40.7
-73.58213,43.26559,40.8
-73.58215,43.26563,40.8
-73.58233,43.26596,41.1
-73.58241,43.26612,41.3
-73.58242,43.26613,41.3
-73.58249,43.2663,41.4
-73.58249,43.2663,41.4
-73.58223,43.26631,41.4
-73.582,43.26632,41.3
-73.58198,43.26632,41.3
-73.58174,43.26635,41.3
-73.58174,43.26635,41.3
-73.58191,43.26651,41.4
-73.58191,43.26651,41.4
-73.58191,43.26658,41.4
-73.58194,43.26662,41.5
-73.58199,43.26665,41.5
-73.58207,43.2667,41.6
-73.58219,43.26678,41.7
-73.58223,43.2668,41.7
-73.58255,43.26701,42.1
-73.58278,43.26717,42.3
-73.58297,43.2673,43.8
-73.58308,43.26739,42.9
-73.5832,43.26749,42.8
-73.58329,43.26756,41.8
-73.58342,43.26772,41.5
-73.58356,43.26791,41.5
-73.58376,43.2682,41.7
-73.58384,43.26834,41.9
-73.58387,43.26838,41.9
-73.58391,43.26841,42.0
-73.58393,43.26843,42.0
-73.58398,43.26844,42.0
-73.5841,43.2686,42.2
-73.5842,43.26879,42.4
-73.58423,43.26884,42.5
-73.58426,43.26889,42.5
-73.58427,43.26895,42.6
-73.58427,43.26896,42.6
-73.58428,43.26901,42.6
-73.58429,43.26907,42.7
-73.58428,43.26914,42.8
-73.58428,43.26914,42.8
-73.58416,43.26916,42.8
-73.584,43.26917,42.8
-73.58305,43.26926,43.0
-73.58299,43.26927,43.0
-73.58295,43.26928,43.0
-73.58176,43.26939,43.2
-73.58172,43.26939,43.2
-73.58078,43.26948,43.2
-73.58078,43.26948,43.2
-73.58078,43.26948,43.2
-73.58078,43.26948,43.2
-73.58091,43.2702,43.5
-73.58094,43.27034,43.6
-73.58096,43.27042,43.6
-73.58103,43.27081,43.8
-73.58104,43.2709,43.8
-73.58105,43.27096,43.9
-73.58108,43.27116,44.1
-73.58115,43.27158,44.4
-73.58115,43.27158,44.4
-73.58024,43.27166,44.0
-73.57969,43.27172,43.7
-73.57969,43.27172,43.7
-73.57981,43.27239,44.8
-73.57985,43.27266,45.3
-73.57988,43.27284,45.5
-73.57992,43.27306,45.7
-73.57995,43.27319,45.8
-73.58002,43.27355,47.3
-73.58006,43.27377,49.0
-73.58006,43.27377,49.0
-73.57969,43.27386,46.3
-73.57898,43.27411,47.9
-73.57893,43.27413,47.8
-73.57873,43.27421,47.8
-73.5785,43.2743,48.2
-73.57785,43.27456,47.4
-73.57781,43.27458,47.4
-73.57764,43.27466,47.5
-73.57678,43.27505,42.6
-73.57659,43.27514,42.5
-73.57649,43.2752,42.5
-73.57643,43.27525,42.5
-73.57631,43.27539,42.5
-73.57622,43.27553,42.5
-73.57597,43.276,42.5
-73.57551,43.27693,42.5
-73.57533,43.2772,42.5
-73.57523,43.27731,42.5
-73.57502,43.2775,42.5
-73.57473,43.27771,42.5
-73.57462,43.2778,42.5
-73.57445,43.27799,42.5
-73.57422,43.27829,42.5
-73.57407,43.27853,42.5
-73.57386,43.27887,42.5
-73.57366,43.27919,42.5
-73.57356,43.27936,42.5
-73.57346,43.27953,42.5
-73.57341,43.27961,42.5
-73.57324,43.27977,42.5
-73.57318,43.27982,42.5
-73.57312,43.27987,42.5
-73.57299,43.27993,42.5
-73.57288,43.28,42.5
-73.57259,43.28013,42.5
-73.57234,43.28026,42.5
-73.57206,43.28044,42.5
-73.57178,43.28071,42.5
-73.57161,43.28091,42.5
-73.57111,43.28153,42.5
-73.571,43.28165,42.5
-73.57085,43.28183,42.5
-73.57018,43.28261,42.5
-73.56993,43.28292,42.5
-73.56988,43.28295,42.5
-73.5692,43.28365,42.5
-73.56891,43.28394,42.5
-73.56874,43.28405,42.5
-73.56861,43.28412,42.5
-73.56832,43.28425,42.5
-73.56789,43.28444,42.4
-73.56775,43.2845,42.5
-73.56732,43.28467,42.5
-73.56691,43.28487,42.5
-73.56684,43.28492,42.5
-73.56654,43.2851,42.5
-73.56626,43.28534,42.5
-73.56588,43.28572,42.5
-73.56543,43.28631,42.5
-73.56494,43.28688,42.5
-73.56472,43.28711,42.5
-73.56458,43.28725,42.5
-73.56454,43.2873,42.5
-73.56429,43.28756,42.5
-73.5639,43.28791,42.5
-73.56366,43.2881,42.5
-73.56353,43.28821,42.5
-73.56297,43.28873,42.5
-73.56289,43.28881,42.5
-73.56185,43.28981,42.5
-73.5616,43.29006,42.5
-73.56102,43.29059,42.5
-73.56082,43.29082,42.5
-73.56081,43.29082,42.5
-73.56069,43.29103,42.5
-73.56046,43.29155,42.5
-73.5604,43.29166,42.6
-73.56023,43.29194,42.5
-73.56006,43.2922,42.9
-73.55977,43.29266,45.7
-73.55967,43.29288,43.5
-73.55958,43.29306,42.7
-73.55951,43.29314,42.6
-73.55944,43.29322,42.6
-73.55935,43.29331,42.6
-73.55926,43.29338,42.5
-73.5591,43.29351,42.5
-73.55898,43.29359,42.5
-73.5589,43.29362,42.5
-73.55879,43.29368,42.5
-73.55865,43.29375,42.5
-73.55846,43.29383,42.5
-73.55835,43.29388,42.5
-73.55829,43.29392,42.5
-73.5582,43.29398,42.5
-73.5581,43.29404,42.5
-73.55796,43.29414,42.5
-73.55785,43.29422,42.5
-73.55784,43.29422,42.5
-73.55775,43.2943,42.5
-73.55763,43.2944,42.5
-73.55753,43.29449,42.5
-73.55744,43.29458,42.5
-73.55732,43.29471,42.5
-73.5572,43.29483,42.5
-73.55713,43.2949,42.5
-73.55704,43.29499,42.5
-73.55699,43.29503,42.5
-73.55693,43.29508,42.5
-73.55684,43.29515,42.5
-73.55674,43.29521,42.5
-73.55651,43.29538,42.5
-73.55647,43.29542,42.5
-73.55641,43.29548,42.5
-73.55636,43.29553,42.5
-73.55628,43.29564,42.5
-73.55621,43.29574,42.5
-73.55613,43.29585,42.5
-73.55602,43.29599,42.5
-73.55597,43.29605,42.5
-73.55589,43.29613,42.5
-73.55586,43.29616,42.5
-73.55582,43.2962,42.5
-73.55575,43.29625,42.5
-73.55569,43.29629,42.5
-73.55553,43.29641,42.5
-73.5554,43.29651,42.5
-73.55533,43.29656,42.5
-73.55526,43.29664,42.5
-73.55512,43.29678,42.5
-73.55502,43.29691,42.5
-73.55479,43.29727,42.5
-73.55469,43.29741,42.5
-73.55461,43.29752,42.5
-73.55454,43.2976,42.5
-73.55446,43.29768,42.5
-73.55443,43.29771,42.5
-73.55435,43.29778,42.5
-73.55427,43.29785,42.5
-73.55427,43.29786,42.5
-73.55393,43.29811,42.5
-73.55359,43.29831,42.5
-73.55355,43.29834,42.5
-73.55343,43.29841,42.5
-73.55335,43.29846,42.5
-73.55326,43.29852,42.5
-73.55308,43.29862,42.5
-73.55298,43.29868,42.5
-73.55289,43.29875,42.5
-73.55277,43.29887,42.5
-73.55261,43.299,42.5
-73.55242,43.29914,42.5
-73.55225,43.29929,42.5
-73.55218,43.29936,42.5
-73.55207,43.29945,42.5
-73.552,43.29953,42.5
-73.55195,43.29961,42.5
-73.55185,43.29972,42.5
-73.55178,43.29982,42.5
-73.55171,43.29991,42.5
-73.55157,43.30014,42.5
-73.55156,43.30014,42.5
-73.55146,43.30031,42.5
-73.55144,43.30033,42.5
-73.55136,43.30047,42.5
-73.5513,43.30057,42.5
-73.5512,43.30073,42.5
-73.55116,43.3008,42.5
-73.55111,43.30087,42.5
-73.55105,43.30096,42.5
-73.55098,43.30107,42.5
-73.55091,43.30119,42.5
-73.55085,43.30129,42.5
-73.55084,43.30132,42.5
-73.55074,43.30145,42.5
-73.55065,43.30158,42.5
-73.55062,43.30161,42.5
-73.55057,43.30166,42.5
-73.55046,43.30176,42.5
-73.5504,43.3018,42.5
-73.55029,43.30188,42.5
-73.55022,43.30191,42.5
-73.5501,43.30198,42.5
-73.55008,43.30199,42.5
-73.54993,43.30207,42.5
-73.54976,43.30215,42.5
-73.54969,43.30218,42.5
-73.54963,43.3022,42.5
-73.54955,43.30224,42.5
-73.54948,43.30228,42.5
-73.54941,43.30231,42.5
-73.54927,43.30238,42.5
-73.54905,43.30249,42.5
-73.54898,43.30254,42.5
-73.54889,43.3026,42.5
-73.54885,43.30263,42.5
-73.54872,43.30272,42.5
-73.54871,43.30273,42.5
-73.54861,43.30283,42.5
-73.54855,43.3029,42.5
-73.54841,43.30306,42.5
-73.54829,43.30317,42.5
-73.54819,43.30326,42.5
-73.54815,43.3033,42.5
-73.54806,43.30337,42.5
-73.54792,43.30344,42.5
-73.54783,43.30348,42.5
-73.54774,43.30352,42.5
-73.54771,43.30353,42.5
-73.54764,43.30357,42.5
-73.54759,43.30359,42.5
-73.54754,43.3036,42.5
-73.54752,43.30361,42.5
-73.54748,43.30361,42.5
-73.54744,43.30361,42.5
-73.5474,43.30361,42.5
-73.54737,43.30361,42.5
-73.54733,43.30362,42.5
-73.54729,43.30365,42.5
-73.54725,43.30367,42.5
-73.54722,43.30369,42.5
-73.5472,43.30371,42.5
-73.54719,43.30373,42.5
-73.54718,43.30376,42.6
-73.54717,43.30378,42.8
-73.54717,43.30379,42.8
-73.54717,43.3038,42.9
-73.54718,43.30383,43.1
-73.54719,43.30384,43.1
-73.5472,43.30387,43.3
-73.54725,43.30392,43.7
-73.54728,43.30395,43.9
-73.54729,43.30396,44.0
-73.54731,43.30402,44.4
-73.54731,43.30406,44.6
-73.5473,43.30411,44.9
-73.54728,43.30413,45.1
-73.54725,43.30416,45.3
-73.54722,43.30418,45.5
-73.54718,43.3042,45.5
-73.54713,43.30422,45.6
-73.5471,43.30423,45.6
-73.54694,43.30429,45.5
-73.54688,43.30432,45.4
-73.54684,43.30433,45.2
-73.5468,43.30435,44.9
-73.54668,43.30442,42.6
-73.54659,43.30447,42.4
-73.54653,43.30452,42.7
-73.54651,43.30455,42.8
-73.54643,43.30468,43.5
-73.54631,43.30488,44.5
-73.5463,43.30488,44.5
-73.54627,43.30498,45.0
-73.54627,43.30498,45.0
-73.5463,43.30499,45.1
-73.54643,43.30501,45.6
-73.54647,43.30504,45.8
-73.54648,43.30505,45.8
-73.5465,43.30507,46.0
-73.54651,43.30509,46.0
-73.54652,43.30519,46.0
-73.54646,43.30545,46.0
-73.54646,43.30545,46.0
-73.5463,43.30544,45.6
-73.54618,43.30542,45.5
-73.54608,43.3054,45.5
-73.54575,43.3053,45.9
-73.54548,43.30522,46.4
-73.54534,43.30521,46.4
-73.54518,43.30522,46.2
-73.54505,43.30524,45.9
-73.54503,43.30524,45.8
-73.54492,43.30527,45.5
-73.5448,43.30531,45.2
-73.54468,43.30538,45.1
-73.54446,43.30557,44.9
-73.54406,43.30592,44.8
-73.54364,43.30623,44.8
-73.54318,43.30658,44.7
-73.54296,43.30676,44.6
-73.54258,43.30706,44.5
-73.54197,43.30756,44.4
-73.54181,43.3077,44.4
-73.54146,43.30798,44.5
-73.54132,43.3081,44.5
-73.54116,43.30824,44.5
-73.54084,43.30852,44.5
-73.54068,43.30865,44.6
-73.54043,43.30887,44.7
-73.54024,43.30905,44.7
-73.53999,43.30931,44.8
-73.53994,43.30937,44.9
-73.53957,43.30983,45.2
-73.53945,43.31,45.2
-73.53912,43.31045,45.2
-73.53873,43.31094,45.2
-73.53824,43.31156,45.2
-73.53793,43.31195,45.1
-73.53786,43.31203,45.1
-73.53759,43.31234,45.1
-73.53745,43.31248,45.1
-73.53719,43.31269,45.1
-73.53699,43.31282,45.1
-73.53688,43.31289,45.1
-73.53632,43.31317,45.1
-73.53611,43.31328,45.1
-73.53594,43.31339,45.1
-73.53578,43.3135,45.1
-73.5356,43.31365,45.1
-73.53517,43.31405,45.1
-73.53514,43.31408,45.1
-73.535,43.31423,45.2
-73.53431,43.31497,45.2
-73.53428,43.315,45.2
-73.53415,43.31513,45.3
-73.53377,43.31545,45.3
-73.53337,43.31581,45.5
-73.53335,43.31582,45.5
-73.53325,43.31594,45.5
-73.53289,43.3164,45.5
-73.53251,43.31694,45.5
-73.53236,43.31713,45.5
-73.53226,43.31725,45.5
-73.53201,43.31745,45.5
-73.53196,43.31749,45.5
-73.53145,43.31787,45.5
-73.53097,43.31823,45.5
-73.53038,43.31863,45.5
-73.53036,43.31864,45.5
-73.53023,43.31874,45.5
-73.53013,43.31884,45.5
-73.53004,43.31895,45.5
-73.5298,43.31955,45.5
-73.52969,43.31976,45.5
-73.52964,43.31985,45.5
-73.52956,43.31997,45.3
-73.52946,43.32008,45.1
-73.52916,43.3203,45.1
-73.52891,43.32044,45.1
-73.52854,43.32068,45.1
-73.5285,43.3207,45.1
-73.52819,43.32093,45.1
-73.52818,43.32094,45.1
-73.5279,43.32121,45.2
-73.52777,43.32131,45.1
-73.52767,43.32144,45.1
-73.52759,43.32158,45.1
-73.52742,43.32188,45.1
-73.5273,43.32206,45.1
-73.5271,43.32233,45.1
-73.52692,43.32259,45.1
-73.52674,43.32279,45.1
-73.52659,43.32293,45.2
-73.52657,43.32294,45.2
-73.52643,43.32305,45.1
-73.52615,43.32322,45.1
-73.52579,43.32338,45.1
-73.52554,43.32343,45.1
-73.52524,43.32347,45.2
-73.52485,43.32347,45.2
-73.52433,43.32342,45.0
-73.52412,43.32341,45.0
-73.52391,43.32342,45.0
-73.52376,43.32344,45.0
-73.52361,43.32349,45.0
-73.52332,43.32364,45.0
-73.52325,43.32368,45.0
-73.52213,43.32432,44.7
-73.52195,43.32445,44.7
-73.52193,43.32448,44.7
-73.5219,43.32454,44.8
-73.5218,43.32469,44.8
-73.52174,43.32485,44.9
-73.52162,43.32521,44.9
-73.52155,43.32552,45.0
-73.52151,43.3257,45.0
-73.52142,43.32595,45.0
-73.52128,43.32621,44.9
-73.52122,43.32632,45.0
-73.52119,43.32638,44.9
-73.52069,43.32722,44.8
-73.52057,43.32739,44.8
-73.52046,43.32752,44.7
-73.52035,43.32765,44.7
-73.52004,43.32796,44.5
-73.51999,43.32802,44.6
-73.51979,43.32817,44.5
-73.51937,43.32849,44.5
-73.51868,43.329,44.4
-73.51803,43.32949,44.6
-73.51773,43.32973,44.8
-73.51749,43.32992,45.0
-73.51637,43.33077,44.9
-73.51623,43.33089,44.9
-73.51615,43.33097,44.9
-73.51615,43.33097,44.9
-73.51603,43.33093,44.7
-73.51588,43.33091,44.7
-73.51543,43.33094,44.3
-73.5151,43.33097,44.2
-73.51461,43.33101,44.0
-73.51387,43.33107,43.5
-73.51361,43.33111,43.4
-73.51346,43.33115,43.3
-73.51331,43.3312,43.3
-73.51319,43.33128,43.3
-73.51306,43.33137,43.2
-73.51252,43.33176,43.7
-73.5125,43.33177,43.8
-73.51249,43.33178,43.8
-73.51241,43.33183,44.3
-73.51219,43.33199,45.5
-73.51205,43.33209,45.5
-73.51196,43.33212,45.5
-73.51196,43.33212,45.5
-73.51197,43.33217,45.5
-73.51198,43.33222,45.5
-73.51197,43.33225,45.5
-73.51195,43.33228,45.5
-73.51193,43.3323,45.5
-73.51189,43.33231,45.5
-73.51179,43.33233,45.5
-73.51159,43.33234,45.4
-73.51125,43.33237,44.0
-73.51107,43.3324,42.9
-73.51093,43.33242,42.1
-73.51084,43.33245,40.8
-73.5108,43.33249,40.9
-73.51077,43.33251,40.6
-73.51075,43.33254,40.8
-73.51053,43.33288,42.4
-73.51003,43.33336,42.4
-73.50955,43.3338,42.1
-73.5092,43.33416,42.4
-73.50874,43.33459,42.2
-73.5085,43.33482,42.4
-73.50783,43.33544,42.0
-73.50777,43.33549,41.9
-73.50754,43.33573,42.5
-73.50718,43.33609,41.9
-73.50691,43.33638,42.1
-73.50683,43.33646,42.1
-73.50672,43.33658,42.3
-73.50652,43.33675,41.9
-73.50589,43.3373,40.9
-73.50566,43.33749,40.6
-73.50554,43.3376,40.9
-73.50542,43.33772,39.9
-73.50433,43.3388,40.1
-73.50426,43.33888,40.4
-73.50351,43.3396,40.9
-73.50345,43.33966,40.8
-73.50292,43.34017,40.6
-73.50276,43.34031,40.4
-73.50217,43.3409,40.9
-73.50141,43.34165,41.8
-73.50138,43.34168,41.8
-73.50071,43.34235,41.1
-73.50042,43.34266,40.9
-73.50005,43.34311,40.4
-73.5,43.34317,40.4
-73.49955,43.34377,40.6
-73.49923,43.34421,40.4
-73.49888,43.3447,40.3
-73.4987,43.34502,40.7
-73.49866,43.34509,41.1
-73.49826,43.34586,41.2
-73.49814,43.34609,40.8
-73.49788,43.34658,39.0
-73.49768,43.34713,38.6
-73.49758,43.34739,38.9
-73.49724,43.34834,39.1
-73.49721,43.3485,39.8
-73.49717,43.3488,42.5
-73.49702,43.34901,41.9
-73.49685,43.34949,41.5
-73.49664,43.35009,41.9
-73.4964,43.35083,42.4
-73.4961,43.35196,43.7
-73.49606,43.35206,43.9
-73.49607,43.35211,44.5
-73.49614,43.35216,44.9
-73.49624,43.3522,43.5
-73.49663,43.35225,40.2
-73.49674,43.35229,40.9
-73.49684,43.35235,41.4
-73.49693,43.35243,41.5
-73.49693,43.35244,41.4
-73.49698,43.35253,41.3
-73.49701,43.35271,41.1
-73.497,43.3529,41.1
-73.49697,43.35297,41.2
-73.49694,43.35303,41.2
-73.49688,43.35311,41.2
-73.4968,43.35318,41.1
-73.49668,43.35324,41.0
-73.49667,43.35325,41.0
-73.49607,43.35349,40.4
-73.4959,43.35359,40.2
-73.49585,43.35364,40.1
-73.49584,43.35365,40.1
-73.49578,43.35373,40.0
-73.49574,43.35381,40.0
-73.49571,43.35391,40.0
-73.49569,43.35398,40.1
-73.49568,43.35403,40.1
-73.49567,43.35436,40.3
-73.49567,43.35446,40.4
-73.49564,43.3546,40.4
-73.49557,43.35479,40.4
-73.49553,43.35486,40.4
-73.49525,43.35554,40.4
-73.49524,43.35555,40.4
-73.49515,43.35575,40.4
-73.49508,43.35589,40.4
-73.49503,43.35598,40.3
-73.49491,43.3562,40.2
-73.4949,43.35622,40.2
-73.49485,43.35635,40.2
-73.49483,43.3564,40.3
-73.49477,43.35655,40.3
-73.4947,43.35672,40.2
-73.49464,43.35692,40.3
-73.49456,43.35718,40.4
-73.49455,43.35727,40.5
-73.49453,43.35733,40.5
-73.49453,43.35742,40.7
-73.49454,43.3575,40.8
-73.49456,43.35757,41.0
-73.49463,43.35776,41.7
-73.49465,43.35781,41.9
-73.49466,43.35788,42.3
-73.49466,43.35796,42.5
-73.49465,43.35803,42.6
-73.49463,43.35812,42.9
-73.49463,43.35812,42.9
-73.49475,43.35816,42.7
-73.49475,43.35816,42.7
-73.49473,43.35822,42.0
-73.49462,43.35851,42.2
-73.49461,43.35854,42.2
-73.49441,43.35888,42.5
-73.49434,43.35901,42.5
-73.49414,43.35934,41.7
-73.49403,43.35953,41.8
-73.49364,43.35995,42.5
-73.49354,43.36007,42.5
-73.4933,43.36036,41.1
-73.49322,43.3606,41.0
-73.49304,43.36112,41.2
-73.49297,43.36132,41.5
-73.49283,43.36164,41.7
-73.49241,43.36258,42.1
-73.49211,43.36317,41.9
-73.49168,43.36401,41.2
-73.4916,43.36418,41.4
-73.49154,43.36429,41.3
-73.49143,43.36452,41.4
-73.49118,43.36503,41.9
-73.4911,43.3652,42.4
-73.49102,43.36537,42.5
-73.49067,43.36608,42.2
-73.49018,43.36706,40.6
-73.48983,43.36773,39.8
-73.48978,43.36784,39.8
-73.48944,43.3687,39.3
-73.48938,43.36895,39.4
-73.4893,43.36931,39.5
-73.48926,43.36966,39.7
-73.48918,43.37038,40.2
-73.48915,43.37064,40.3
-73.48909,43.37091,40.2
-73.48904,43.37109,40.0
-73.48896,43.37144,39.7
-73.48894,43.37162,39.6
-73.48888,43.3723,39.4
-73.48884,43.37252,39.3
-73.48881,43.3727,39.2
-73.48871,43.37323,39.3
-73.4887,43.37331,39.3
-73.48864,43.37377,39.2
-73.48857,43.37431,39.1
-73.48854,43.37451,38.9
-73.48853,43.37467,38.7
-73.48851,43.37503,38.1
-73.4885,43.37521,37.9
-73.48849,43.37538,37.8
-73.48848,43.37556,37.8
-73.48847,43.37563,37.8
-73.48844,43.37592,37.7
-73.4884,43.37628,37.9
-73.48836,43.37664,38.5
-73.48822,43.3779,39.3
-73.48819,43.37817,38.9
-73.48814,43.37861,38.0
-73.48809,43.37897,37.9
-73.48807,43.37915,37.9
-73.48803,43.37952,37.7
-73.48801,43.37964,37.6
-73.48804,43.37968,37.7
-73.48807,43.37974,37.8
-73.48811,43.37986,38.7
-73.48815,43.37996,40.4
-73.48816,43.38003,41.2
-73.48821,43.38023,41.8
-73.48819,43.3803,41.8
-73.48805,43.38046,41.3
-73.4879,43.38069,40.8
-73.48788,43.38073,40.7
-73.48782,43.38104,40.2
-73.48777,43.38128,39.7
-73.48769,43.38194,39.4
-73.48766,43.38213,39.3
-73.4876,43.38266,40.0
-73.48758,43.38283,40.4
-73.48754,43.38319,40.4
-73.48752,43.38337,40.4
-73.4875,43.38355,40.3
-73.48745,43.38391,40.0
-73.48744,43.38405,40.1
-73.48743,43.38409,40.1
-73.4874,43.38427,39.5
-73.48726,43.38516,37.8
-73.48717,43.38576,37.7
-73.48717,43.38588,37.8
-73.48716,43.38595,37.8
-73.48717,43.38605,37.8
-73.48717,43.38606,37.8
-73.48724,43.38628,37.9
-73.48728,43.38641,38.1
-73.48729,43.38643,38.1
-73.48732,43.38657,38.2
-73.48732,43.38658,38.2
-73.48731,43.38667,38.2
-73.48721,43.38689,38.0
-73.48719,43.38693,38.0
-73.48718,43.38696,38.0
-73.48717,43.38706,38.0
-73.48717,43.38711,38.1
-73.48718,43.3872,38.1
-73.48715,43.38729,38.0
-73.48712,43.38742,38.0
-73.4871,43.3876,38.0
-73.48708,43.38773,38.0
-73.48708,43.38782,38.1
-73.48707,43.38792,38.0
-73.48705,43.388,38.0
-73.48704,43.38801,38.0
-73.48699,43.38817,37.9
-73.48698,43.38836,38.0
-73.48695,43.38862,38.0
-73.48691,43.38878,38.0
-73.48689,43.38889,38.0
-73.48689,43.38891,38.0
-73.48687,43.389,38.0
-73.48686,43.38907,37.9
-73.48684,43.38925,37.9
-73.48682,43.38951,38.2
-73.4868,43.38961,38.4
-73.48679,43.38967,38.7
-73.4868,43.38976,39.6
-73.48683,43.38986,40.8
-73.48685,43.38991,41.3
-73.486927,43.390059,41.7
-73.48699,43.39018,42.0
-73.48699,43.39018,42.0
-73.48708,43.3902,42.2
-73.48744,43.39029,41.0
-73.48746,43.39029,40.9
-73.48755,43.39031,40.5
-73.4879,43.39037,40.1
-73.48803,43.39038,40.1
-73.48824,43.3904,40.3
-73.48843,43.39041,40.4
-73.48853,43.39042,40.6
-73.48858,43.39042,40.6
-73.48868,43.39042,40.8
-73.48877,43.39042,41.0
-73.48894,43.39042,41.2
-73.48917,43.39041,41.5
-73.48927,43.39041,41.6
-73.48951,43.3904,42.0
-73.48992,43.39039,42.6
-73.49033,43.39038,43.3
-73.49047,43.39037,43.7
-73.49047,43.39037,43.7
-73.49047,43.39045,43.6
-73.49047,43.39054,43.6
-73.49047,43.39055,43.6
-73.49039,43.39072,43.2
-73.49035,43.3908,43.1
-73.49026,43.39105,42.9
-73.49024,43.39125,42.8
-73.49024,43.39127,42.8
-73.49025,43.39143,42.8
-73.49027,43.39157,42.8
-73.49042,43.39195,42.9
-73.49044,43.392,42.9
-73.49061,43.39247,42.8
-73.49073,43.3928,42.8
-73.49077,43.39297,42.9
-73.4908,43.39316,43.0
-73.4908,43.39334,43.2
-73.49077,43.39354,43.3
-73.49074,43.39367,43.5
-73.49066,43.39399,43.8
-73.49047,43.39441,43.8
-73.49046,43.39443,43.8
-73.49017,43.395,43.5
-73.49004,43.39525,43.2
-73.48995,43.39543,43.0
-73.48989,43.39559,43.0
-73.48984,43.39575,43.1
-73.48979,43.39593,43.1
-73.48979,43.39594,43.1
-73.48976,43.39608,43.0
-73.48966,43.39666,42.9
-73.4896,43.39697,43.0
-73.48954,43.39719,43.0
-73.4895,43.39733,43.0
-73.48944,43.39754,42.9
-73.48941,43.39768,42.8
-73.48938,43.39781,42.7
-73.48937,43.39797,42.7
-73.48939,43.39826,42.8
-73.48939,43.39832,42.8
-73.48941,43.39856,42.6
-73.4894,43.39862,42.5
-73.48939,43.39878,42.5
-73.48931,43.39893,42.6
-73.48917,43.39907,42.5
-73.48892,43.39926,42.5
-73.4888,43.39937,42.5
-73.48875,43.39943,42.5
-73.48865,43.39955,42.5
-73.48859,43.39969,42.5
-73.48857,43.39973,42.5
-73.48851,43.39988,42.5
-73.48847,43.4001,42.5
-73.48845,43.40032,42.5
-73.48848,43.40058,42.5
-73.48849,43.40067,42.5
-73.48849,43.40076,42.5
-73.48849,43.40093,42.5
-73.48846,43.40112,42.5
-73.48846,43.40114,42.5
-73.48832,43.40165,42.5
-73.48825,43.40188,42.5
-73.48811,43.40214,42.5
-73.48809,43.40216,42.5
-73.48792,43.40236,42.5
-73.48754,43.40275,42.5
-73.48744,43.40286,42.5
-73.48725,43.40305,42.5
-73.48708,43.40323,42.5
-73.48683,43.40354,42.5
-73.48659,43.40378,42.5
-73.48657,43.4038,42.5
-73.48647,43.40392,42.5
-73.4864,43.40408,42.6
-73.48636,43.40434,42.7
-73.48634,43.40449,43.0
-73.48626,43.40498,42.9
-73.48622,43.4052,42.6
-73.48621,43.40541,42.5
-73.48625,43.40557,42.4
-73.48632,43.40574,42.5
-73.48641,43.40594,42.6
-73.48646,43.40608,42.6
-73.48647,43.4061,42.6
-73.4866,43.40658,42.3
-73.48671,43.40695,42.6
-73.48672,43.40696,42.6
-73.4868,43.40712,42.7
-73.48697,43.40746,42.5
-73.48707,43.40766,42.6
-73.48719,43.40802,43.1
-73.4872,43.40816,43.4
-73.4873,43.409,42.9
-73.48732,43.40941,43.0
-73.48733,43.40952,43.0
-73.48734,43.40971,43.0
-73.48735,43.40975,43.1
-73.48734,43.40979,43.0
-73.48734,43.40984,43.0
-73.48733,43.4099,42.9
-73.48734,43.40996,43.0
-73.48734,43.41003,43.0
-73.48734,43.41014,42.9
-73.48735,43.41045,42.9
-73.48733,43.4108,44.3
-73.48733,43.41086,44.5
-73.48734,43.41109,44.9
-73.48732,43.41127,44.9
-73.48728,43.41148,44.8
-73.48723,43.41165,44.7
-73.48714,43.41189,44.3
-73.48706,43.4121,44.0
-73.48699,43.4123,43.9
-73.48688,43.41257,43.4
-73.48683,43.41273,43.2
-73.48682,43.41276,43.1
-73.48678,43.41285,43.0
-73.4867,43.41309,42.1
-73.48665,43.4132,41.7
-73.48663,43.41325,41.7
-73.4866,43.41333,41.6
-73.48656,43.41345,41.5
-73.48656,43.41346,41.5
-73.48651,43.41358,41.3
-73.48646,43.41365,41.0
-73.48646,43.41365,41.0
-73.48643,43.4137,40.6
-73.48639,43.41375,40.5
-73.48635,43.4138,40.4
-73.48632,43.41387,40.2
-73.48627,43.41392,40.0
-73.48627,43.41392,40.0
-73.48616,43.4139,39.6
-73.48594,43.41384,38.7
-73.48581,43.41381,38.3
-73.48574,43.41378,38.2
-73.48564,43.41376,37.9
-73.48553,43.41373,37.9
-73.48543,43.4137,37.9
-73.4854,43.4137,38.0
-73.48532,43.41369,38.0
-73.48516,43.41367,38.1
-73.48467,43.41362,38.3
-73.48437,43.41358,38.4
-73.48424,43.41357,38.4
-73.48413,43.41356,38.5
-73.48399,43.41355,38.6
-73.48389,43.41352,38.8
-73.48382,43.41351,39.0
-73.48365,43.41346,39.5
-73.48343,43.41339,40.1
-73.48337,43.41337,40.3
-73.48296,43.41327,41.3
-73.48248,43.41319,42.1
-73.48242,43.41317,42.2
-73.48224,43.41313,42.8
-73.4822,43.41312,43.4
-73.48209,43.41307,45.7
-73.48204,43.41303,46.9
-73.48193,43.41296,48.8
-73.48182,43.41284,48.7
-73.48173,43.41281,49.6
-73.48168,43.4128,50.4
-73.48158,43.4128,52.4
-73.48144,43.41283,55.3
-73.48138,43.41285,56.7
-73.48121,43.41291,59.7
-73.48099,43.41299,60.8
-73.48088,43.41302,60.9
-73.48054,43.41314,61.1
-73.48004,43.4133,62.5
-73.47986,43.41335,64.0
-73.47961,43.41342,65.6
-73.47947,43.41344,66.1
-73.47938,43.41345,66.4
-73.47916,43.41347,67.7
-73.47902,43.41346,67.9
-73.47889,43.41344,67.5
-73.47865,43.41341,67.5
-73.47841,43.41337,67.9
-73.47825,43.41335,68.2
-73.47816,43.41334,68.8
-73.47804,43.41333,70.1
-73.47792,43.41333,70.7
-73.4779,43.41333,70.7
-73.47751,43.41337,71.0
-73.47743,43.41338,71.0
-73.47671,43.41351,71.6
-73.47658,43.41354,71.9
-73.47629,43.41357,71.9
-73.47568,43.41363,70.6
-73.47531,43.41365,68.6
-73.4751,43.41366,68.2
-73.47496,43.41367,68.4
-73.4748,43.41366,68.5
-73.47461,43.41365,68.8
-73.47444,43.41364,69.6
-73.47412,43.41365,72.1
-73.47403,43.41366,72.7
-73.47388,43.41369,73.2
-73.4737,43.41374,73.3
-73.47364,43.41375,73.4
-73.47354,43.41377,73.5
-73.47318,43.41389,74.2
-73.47301,43.41394,74.7
-73.47296,43.41396,74.8
-73.47273,43.41403,75.8
-73.47235,43.41412,76.9
-73.47231,43.41412,77.0
-73.47225,43.41413,77.2
-73.47201,43.41415,77.6
-73.47174,43.41418,78.0
-73.47152,43.41421,78.4
-73.47128,43.41424,79.4
-73.47116,43.41425,80.4
-73.47109,43.41426,81.0
-73.47103,43.41427,81.7
-73.47079,43.41431,84.6
-73.47061,43.41434,86.0
-73.47055,43.41435,86.3
-73.47053,43.41435,86.4
-73.47037,43.41438,87.2
-73.47031,43.41439,87.7
-73.47007,43.41444,90.2
-73.46984,43.41449,90.8
-73.46967,43.41453,90.9
-73.46943,43.41463,90.2
-73.46939,43.41465,90.0
-73.4693,43.4147,89.7
-73.46924,43.41473,89.5
-73.4692,43.41476,89.4
-73.46855,43.41518,87.7
-73.46845,43.41524,87.3
-73.46815,43.41539,86.1
-73.4681,43.41541,85.9
-73.46776,43.41556,84.6
-73.46751,43.41565,84.0
-73.46729,43.41574,83.4
-73.46707,43.41582,83.0
-73.46641,43.41607,82.9
-73.4663,43.41612,83.0
-73.46553,43.4164,84.6
-73.46489,43.41664,85.4
-73.46475,43.41671,85.5
-73.46452,43.41683,85.5
-73.46433,43.41695,85.6
-73.46418,43.41706,85.9
-73.46412,43.41711,85.9
-73.46364,43.41752,86.2
-73.46352,43.41763,86.4
-73.46348,43.41766,86.4
-73.46332,43.4178,86.7
-73.4631,43.41801,86.8
-73.46301,43.41808,86.9
-73.46285,43.41822,87.0
-73.46269,43.41836,87.2
-73.46253,43.4185,87.4
-73.46239,43.41864,87.5
-73.46235,43.41868,87.5
-73.46225,43.41879,87.6
-73.46208,43.41899,87.8
-73.46185,43.41921,87.9
-73.46182,43.41923,87.9
-73.46165,43.41936,88.4
-73.46115,43.41976,89.7
-73.4611,43.4198,89.8
-73.46099,43.4199,89.9
-73.46094,43.41994,90.0
-73.46087,43.42005,90.0
-73.4608,43.42015,90.0
-73.46072,43.42031,89.9
-73.46065,43.42057,90.1
-73.46064,43.4206,90.1
-73.46061,43.42074,89.9
-73.46058,43.42092,89.9
-73.46055,43.42106,90.0
-73.46047,43.42146,90.1
-73.46046,43.42154,90.1
-73.46038,43.42176,90.4
-73.46028,43.422,91.0
-73.46022,43.4221,91.2
-73.46001,43.42243,91.4
-73.45978,43.42274,91.6
-73.45957,43.42303,92.3
-73.45954,43.42306,92.3
-73.45945,43.42318,93.1
-73.45943,43.42321,93.3
-73.45943,43.42322,93.3
-73.45914,43.42359,93.7
-73.4591,43.42364,93.3
-73.45909,43.42366,93.2
-73.45897,43.42382,92.2
-73.45894,43.42386,92.2
-73.45886,43.42398,92.2
-73.4588,43.42407,92.0
-73.45875,43.42414,91.3
-73.45872,43.42419,90.8
-73.45869,43.42423,90.6
-73.45832,43.42478,89.4
-73.45798,43.42528,86.9
-73.45774,43.4256,83.8
-73.45769,43.42565,83.8
-73.45745,43.42594,83.0
-73.45678,43.42666,81.6
-73.45675,43.42669,81.4
-73.45635,43.42714,76.5
-73.45622,43.42729,75.8
-73.45609,43.42745,74.6
-73.45597,43.42758,72.4
-73.45581,43.42774,71.2
-73.45566,43.42789,70.9
-73.45561,43.42795,70.6
-73.45551,43.42804,70.3
-73.45547,43.42809,69.9
-73.45533,43.42824,68.3
-73.45519,43.42839,66.2
-73.45505,43.42854,65.9
-73.45491,43.42869,65.8
-73.45477,43.42884,65.6
-73.45435,43.42928,60.9
-73.45422,43.42943,60.7
-73.45377,43.42991,60.5
-73.45367,43.43003,60.3
-73.45367,43.43004,60.3
-73.45341,43.43034,59.4
-73.4534,43.43035,59.4
-73.45316,43.43065,56.5
-73.453,43.43084,54.3
-73.45278,43.43107,54.1
-73.45274,43.43112,54.1
-73.45261,43.43125,53.9
-73.4526,43.43126,53.8
-73.45258,43.43129,53.8
-73.45256,43.43131,53.8
-73.4522,43.4317,51.0
-73.45219,43.43171,51.0
-73.45206,43.43185,50.8
-73.45205,43.43186,50.8
-73.45191,43.43202,50.6
-73.45178,43.43216,50.5
-73.45164,43.43231,50.0
-73.45162,43.43234,49.8
-73.4515,43.43244,49.0
-73.45134,43.43257,47.8
-73.45133,43.43258,47.8
-73.45132,43.43259,47.8
-73.45117,43.43272,49.5
-73.45091,43.43293,49.0
-73.45084,43.43298,48.5
-73.45083,43.43299,48.4
-73.45082,43.43299,48.4
-73.45067,43.43311,48.0
-73.45066,43.43312,47.9
-73.45065,43.43312,47.9
-73.45056,43.43319,47.6
-73.45048,43.43325,47.1
-73.45032,43.43336,46.5
-73.45031,43.43336,46.5
-73.4503,43.43337,46.5
-73.45029,43.43337,46.5
-73.45011,43.4335,45.7
-73.44998,43.43362,44.4
-73.44997,43.43363,44.3
-73.44996,43.43364,44.2
-73.44995,43.43365,44.1
-73.44986,43.43378,43.2
-73.44981,43.43394,43.2
-73.44978,43.43413,42.7
-73.44978,43.43414,42.7
-73.44978,43.43415,42.7
-73.44975,43.43431,41.5
-73.44975,43.43433,41.5
-73.44973,43.43439,40.9
-73.4497,43.43449,39.9
-73.44964,43.43468,39.2
-73.44959,43.43478,38.9
-73.44947,43.43494,38.5
-73.44944,43.43499,38.3
-73.44943,43.43499,38.3
-73.44943,43.435,38.3
-73.44942,43.43501,38.3
-73.4493,43.43515,38.0
-73.44927,43.43519,38.0
-73.44905,43.43538,37.9
-73.449,43.43542,37.9
-73.44898,43.43543,37.9
-73.44898,43.43544,37.9
-73.44864,43.43567,37.7
-73.44863,43.43568,37.7
-73.44856,43.43573,37.6
-73.44848,43.43581,37.7
-73.44847,43.43582,37.7
-73.4484,43.43589,37.8
-73.44834,43.43597,38.0
-73.44829,43.43604,38.1
-73.44825,43.43615,38.4
-73.44825,43.43615,38.4
-73.44816,43.43615,38.5
-73.44788,43.43617,38.9
-73.44782,43.43618,39.1
-73.44764,43.43617,39.7
-73.44763,43.43617,39.7
-73.44741,43.43614,41.0
-73.44739,43.43613,41.2
-73.44723,43.43608,42.4
-73.447,43.436,43.3
-73.44674,43.43588,44.1
-73.44666,43.43584,44.7
-73.44654,43.43576,46.5
-73.4464,43.43567,48.3
-73.44637,43.43564,48.6
-73.44605,43.43536,49.2
-73.4459,43.43522,49.3
-73.44574,43.43508,49.7
-73.44558,43.43494,50.9
-73.44558,43.43494,50.9
-73.44544,43.43505,49.8
-73.44538,43.43511,49.9
-73.44535,43.43514,50.3
-73.4453,43.43522,51.0
-73.44527,43.43527,51.4
-73.44516,43.43551,52.4
-73.44512,43.43561,52.5
-73.44506,43.43579,52.4
-73.44488,43.43631,50.9
-73.44479,43.43658,50.4
-73.44477,43.43667,50.4
-73.44477,43.43668,50.4
-73.44479,43.43675,50.2
-73.4448,43.43678,50.0
-73.44481,43.43682,49.8
-73.44483,43.43685,49.7
-73.44484,43.43686,49.6
-73.44489,43.43692,49.3
-73.44491,43.43694,49.2
-73.44491,43.43694,49.2
-73.44496,43.437,48.8
-73.44497,43.437,48.8
-73.44512,43.43714,47.4
-73.4452,43.43719,46.3
-73.44524,43.43724,45.3
-73.44533,43.43734,43.4
-73.44535,43.43739,42.6
-73.44536,43.43746,41.4
-73.44536,43.43753,40.1
-73.44536,43.43759,38.8
-73.44534,43.43764,38.2
-73.44533,43.43768,37.7
-73.44526,43.43781,38.3
-73.44522,43.43787,38.8
-73.44516,43.43798,39.2
-73.44511,43.43805,39.3
-73.44507,43.43814,39.5
-73.44499,43.43831,40.1
-73.44495,43.4384,40.7
-73.44491,43.43848,41.4
-73.44488,43.43856,42.0
-73.44486,43.43866,42.9
-73.44485,43.43884,45.2
-73.44484,43.43902,47.3
-73.44483,43.43914,48.8
-73.44482,43.43947,53.7
-73.44479,43.43956,54.9
-73.44477,43.43963,55.8
-73.44473,43.43973,56.7
-73.44468,43.43983,57.1
-73.44463,43.43989,57.4
-73.44453,43.44002,57.9
-73.44451,43.44005,57.9
-73.44436,43.4402,58.5
-73.44422,43.44034,58.8
-73.44411,43.44045,58.9
-73.44408,43.44049,58.8
-73.44395,43.44064,58.5
-73.4439,43.44071,58.3
-73.44383,43.4408,58.1
-73.44377,43.44088,57.9
-73.4437,43.44095,57.8
-73.44354,43.44114,57.3
-73.44342,43.44125,57.1
-73.44338,43.44129,57.0
-73.44315,43.44145,57.3
-73.44296,43.4416,57.5
-73.44277,43.44179,57.4
-73.44263,43.44194,57.3
-73.44237,43.4422,56.8
-73.44232,43.44226,56.6
-73.44219,43.44241,55.0
-73.44206,43.44256,53.0
-73.44204,43.44258,52.9
-73.44195,43.44267,52.3
-73.4419,43.4427,52.3
-73.44173,43.44283,52.2
-73.44156,43.44296,52.3
-73.44139,43.44309,52.4
-73.44121,43.44322,52.5
-73.44104,43.44335,52.5
-73.44089,43.44349,52.0
-73.44073,43.44363,51.6
-73.44069,43.44366,51.6
-73.44056,43.44376,51.4
-73.44039,43.44389,50.2
-73.44021,43.44402,47.6
-73.44003,43.44414,47.6
-73.43985,43.44426,47.6
-73.43985,43.44427,47.7
-73.43967,43.44438,49.7
-73.43966,43.44439,49.8
-73.43947,43.44449,51.2
-73.43914,43.44467,51.5
-73.43908,43.44471,51.2
-73.43887,43.44481,52.0
-73.43867,43.44491,52.9
-73.43846,43.44501,54.6
-73.43843,43.44503,54.9
-73.43825,43.4451,56.1
-73.43818,43.44513,56.7
-73.43803,43.44518,57.3
-73.43781,43.44527,57.5
-73.43764,43.44533,57.5
-73.43759,43.44535,57.5
-73.43737,43.44544,57.6
-73.43714,43.44554,58.3
-73.43695,43.44563,58.4
-73.43633,43.44593,59.0
-73.43626,43.44596,59.1
-73.43613,43.44603,59.3
-73.43594,43.44611,60.0
-73.43591,43.44612,60.1
-73.43569,43.4462,60.6
-73.43558,43.44624,60.5
-73.43557,43.44625,60.4
-73.43557,43.44633,60.7
-73.43557,43.44645,61.4
-73.43555,43.44651,61.8
-73.43551,43.44663,62.9
-73.43548,43.44668,63.2
-73.43528,43.44701,66.5
-73.43527,43.44702,66.7
-73.4351,43.44725,68.4
-73.43504,43.44732,68.8
-73.43494,43.44744,70.0
-73.4349,43.44749,70.7
-73.43478,43.44763,72.6
-73.43464,43.44778,74.0
-73.43451,43.44793,74.5
-73.43444,43.44801,74.8
-73.43435,43.44807,75.1
-73.43421,43.44818,75.6
-73.43412,43.4483,76.3
-73.43398,43.44851,77.8
-73.43402,43.44862,78.6
-73.43404,43.44879,79.5
-73.43404,43.44889,79.9
-73.434,43.44904,80.0
-73.43393,43.44919,80.0
-73.43385,43.44929,79.9
-73.43383,43.44932,79.9
-73.43326,43.44991,81.1
-73.43324,43.44993,81.1
-73.43296,43.4502,81.5
-73.43265,43.45048,81.5
-73.43214,43.45099,77.3
-73.43206,43.45106,77.2
-73.43181,43.45133,77.0
-73.43155,43.45167,76.9
-73.43113,43.45221,76.7
-73.43093,43.45246,76.3
-73.43063,43.45274,76.4
-73.4304,43.45295,76.4
-73.43016,43.45316,76.2
-73.43014,43.45317,76.3
-73.42979,43.4534,76.8
-73.42974,43.45343,76.9
-73.42929,43.45375,77.1
-73.42913,43.45388,77.0
-73.42894,43.45405,77.1
-73.4289,43.45409,77.1
-73.42856,43.45445,76.8
-73.42827,43.45483,80.7
-73.42803,43.45516,81.1
-73.42798,43.45525,81.0
-73.42791,43.4554,80.7
-73.42785,43.4556,79.6
-73.42781,43.45574,78.4
-73.42772,43.45595,77.0
-73.42765,43.45612,76.0
-73.42756,43.45629,75.2
-73.42748,43.45646,74.6
-73.42742,43.45659,74.0
-73.4274,43.45663,73.8
-73.42721,43.45707,73.1
-73.42704,43.45749,69.6
-73.42702,43.45755,69.1
-73.42698,43.45766,68.4
-73.42686,43.45801,66.0
-73.42685,43.45803,65.8
-73.42678,43.45818,64.3
-73.42664,43.45853,62.0
-73.42657,43.4587,60.7
-73.42652,43.45881,59.3
-73.42645,43.45905,56.8
-73.42645,43.45906,56.7
-73.42644,43.45923,56.4
-73.42642,43.4594,57.7
-73.42642,43.45941,57.8
-73.42642,43.45975,61.1
-73.42642,43.45977,61.2
-73.4264,43.45993,61.7
-73.4264,43.46003,61.8
-73.4264,43.4602,61.8
-73.4264,43.46044,61.7
-73.4264,43.46044,61.7
-73.426461,43.460441,61.7
-73.42646,43.46044,61.7
-73.42711,43.46045,61.4
-73.42763,43.46047,61.2
-73.42777,43.46047,61.2
-73.42788,43.46048,61.1
-73.42837,43.46049,61.0
-73.42886,43.4605,60.8
-73.42907,43.46051,60.1
-73.42928,43.46051,58.7
-73.42941,43.46051,58.0
-73.42951,43.46052,57.6
-73.42964,43.46052,57.3
-73.4298,43.46052,56.9
-73.42982,43.46052,56.9
-73.43001,43.46052,56.6
-73.4302,43.46052,56.5
-73.43029,43.46052,56.4
-73.43079,43.46051,56.6
-73.43119,43.46051,57.6
-73.43153,43.4605,58.1
-73.43178,43.4605,58.0
-73.43199,43.46049,57.5
-73.43202,43.46049,57.4
-73.4325,43.46047,57.5
-73.43252,43.46047,57.5
-73.43295,43.46045,57.5
-73.43332,43.46043,55.9
-73.43346,43.46042,55.3
-73.4335,43.46041,55.1
-73.43354,43.46041,55.0
-73.43357,43.4604,54.9
-73.43361,43.4604,54.7
-73.43366,43.46039,54.6
-73.43379,43.46036,54.2
-73.4338,43.46036,54.1
-73.43383,43.46035,54.1
-73.43385,43.46035,54.0
-73.43387,43.46034,54.0
-73.4339,43.46034,53.9
-73.43394,43.46032,53.9
-73.43401,43.4603,53.7
-73.43406,43.46028,53.6
-73.4341,43.46027,53.5
-73.43413,43.46026,53.4
-73.43417,43.46024,53.3
-73.43422,43.46022,53.1
-73.43427,43.4602,52.8
-73.43432,43.46018,52.6
-73.43437,43.46016,52.3
-73.4344,43.46014,52.1
-73.43445,43.46012,51.9
-73.43446,43.46011,51.8
-73.43449,43.46009,51.7
-73.43455,43.46006,51.3
-73.43459,43.46003,51.1
-73.43464,43.46,50.9
-73.43465,43.46,50.8
-73.43468,43.45997,50.7
-73.43472,43.45994,50.6
-73.43478,43.4599,50.4
-73.43482,43.45987,50.3
-73.43485,43.45984,50.3
-73.43488,43.45982,50.2
-73.43493,43.45977,50.1
-73.43495,43.45974,50.1
-73.43501,43.45969,50.0
-73.43506,43.45964,50.0
-73.43512,43.45958,49.9
-73.43514,43.45955,50.0
-73.43526,43.45943,49.9
-73.43527,43.45942,49.9
-73.43532,43.45937,49.8
-73.43536,43.45933,49.8
-73.4354,43.45929,49.8
-73.43542,43.45927,49.8
-73.43547,43.45923,49.8
-73.4355,43.4592,49.8
-73.43556,43.45915,49.8
-73.43561,43.45911,49.8
-73.43564,43.45908,49.8
-73.43572,43.45902,49.8
-73.4358,43.45897,49.8
-73.43586,43.45893,49.8
-73.43591,43.45889,49.8
-73.43601,43.45883,49.9
-73.43609,43.45877,50.1
-73.43623,43.45869,50.4
-73.43632,43.45864,50.6
-73.43639,43.4586,50.7
-73.43648,43.45855,50.8
-73.43657,43.45851,50.9
-73.43666,43.45846,51.0
-73.43671,43.45843,51.0
-73.43688,43.45835,51.2
-73.43733,43.45813,51.5
-73.43783,43.45788,52.0
-73.43818,43.45772,52.3
-73.43837,43.45763,52.6
-73.43846,43.4576,52.6
-73.43855,43.45756,52.7
-73.43865,43.45751,52.8
-73.43866,43.45751,52.8
-73.43878,43.45746,52.6
-73.43895,43.45739,52.0
-73.43907,43.45735,51.2
-73.43913,43.45732,50.5
-73.43921,43.4573,49.7
-73.43929,43.45727,49.1
-73.43935,43.45725,48.9
-73.43943,43.45723,48.7
-73.43955,43.45719,48.0
-73.43966,43.45716,47.5
-73.43974,43.45714,47.3
-73.43987,43.45711,47.2
-73.43999,43.45708,46.7
-73.4401,43.45706,46.1
-73.44017,43.45705,45.8
-73.44023,43.45703,45.6
-73.44034,43.45702,45.3
-73.44049,43.45699,44.8
-73.4407,43.45696,44.2
-73.44081,43.45695,43.9
-73.44091,43.45694,43.6
-73.44108,43.45693,43.1
-73.44124,43.45693,42.6
-73.44136,43.45692,42.2
-73.44169,43.45693,41.3
-73.44195,43.45695,41.6
-73.44203,43.45695,41.3
-73.4421,43.45696,41.1
-73.44217,43.45696,40.9
-73.44223,43.45697,40.6
-73.44228,43.45698,40.4
-73.44234,43.45698,40.2
-73.44238,43.45699,40.1
-73.44248,43.457,39.9
-73.44258,43.45702,39.9
-73.44271,43.45704,40.2
-73.44285,43.45706,40.6
-73.44296,43.45708,40.9
-73.4431,43.45711,41.3
-73.4433,43.45716,42.1
-73.44365,43.45724,44.6
-73.444,43.45732,47.2
-73.44453,43.45745,51.2
-73.44469,43.45749,52.5
-73.44471,43.45749,52.7
-73.44518,43.45761,55.5
-73.44518,43.45761,55.5
-73.44487,43.45813,50.8
-73.44449,43.45875,48.4
-73.44443,43.45886,50.0
-73.44437,43.45899,52.4
-73.44428,43.45915,54.2
-73.4442,43.45931,53.9
-73.44415,43.45938,52.9
-73.44413,43.45943,51.7
-73.44409,43.45949,49.9
-73.44406,43.45954,48.5
-73.44403,43.45957,48.1
-73.444,43.45963,47.1
-73.44399,43.45965,46.7
-73.44397,43.45967,46.3
-73.44395,43.45972,45.2
-73.44391,43.45978,43.9
-73.44386,43.45986,42.6
-73.44382,43.45993,42.0
-73.44379,43.45998,41.9
-73.44379,43.45999,41.9
-73.44375,43.46005,42.2
-73.44373,43.4601,42.5
-73.44371,43.46015,43.1
-73.4437,43.46015,43.0
-73.44365,43.46027,45.0
-73.44363,43.46032,46.2
-73.4436,43.46038,47.5
-73.44354,43.46051,48.8
-73.44348,43.46063,48.7
-73.44344,43.46072,47.4
-73.44338,43.46083,45.4
-73.44334,43.46091,44.5
-73.44328,43.46102,44.4
-73.44324,43.46111,45.3
-73.44319,43.46121,46.3
-73.44315,43.46131,47.1
-73.44313,43.46134,47.1
-73.44303,43.46157,47.7
-73.44293,43.46176,47.6
-73.4429,43.46183,48.4
-73.44288,43.46188,49.2
-73.44286,43.46192,50.0
-73.44281,43.46204,52.3
-73.44276,43.46215,54.4
-73.44274,43.46222,55.7
-73.44271,43.46228,56.7
-73.44269,43.46233,57.4
-73.44265,43.46241,58.5
-73.4426,43.46252,60.0
-73.4426,43.46254,60.3
-73.44257,43.46261,60.9
-73.44254,43.46267,61.4
-73.44252,43.46271,61.6
-73.44249,43.46276,61.7
-73.44245,43.46284,62.0
-73.44243,43.46287,62.0
-73.44241,43.46292,62.2
-73.44236,43.463,62.3
-73.44233,43.46307,62.4
-73.4423,43.46313,62.5
-73.44226,43.46318,62.5
-73.44224,43.46323,62.6
-73.44217,43.46335,62.5
-73.44216,43.46338,62.5
-73.44212,43.46343,62.4
-73.4421,43.46346,62.3
-73.44207,43.46352,62.2
-73.44203,43.46359,62.1
-73.44195,43.46372,61.7
-73.44186,43.46385,61.0
-73.44185,43.46387,61.0
-73.44174,43.46402,60.0
-73.44174,43.46403,60.0
-73.4417,43.46408,59.6
-73.44164,43.46416,59.0
-73.44163,43.46419,58.9
-73.44159,43.46424,58.3
-73.44152,43.46434,57.7
-73.44144,43.46445,57.2
-73.44129,43.46466,56.8
-73.44124,43.46472,56.6
-73.4412,43.46478,56.4
-73.44116,43.46483,56.2
-73.44112,43.46488,56.0
-73.44108,43.46494,55.9
-73.44104,43.46498,55.7
-73.44103,43.465,55.7
-73.441,43.46504,55.5
-73.44099,43.46505,55.5
-73.44092,43.46513,55.1
-73.44076,43.46533,54.8
-73.4407,43.4654,55.0
-73.44067,43.46545,55.2
-73.44059,43.46554,55.3
-73.44057,43.46557,55.4
-73.4405,43.46564,55.1
-73.44047,43.46568,55.1
-73.44042,43.46574,54.7
-73.44035,43.46582,54.2
-73.4402,43.46599,53.3
-73.44009,43.46612,53.3
-73.43991,43.46631,52.9
-73.43978,43.46646,52.7
-73.43964,43.46662,52.5
-73.43952,43.46675,52.2
-73.43928,43.46703,50.6
-73.43913,43.46718,48.6
-73.43902,43.4673,46.5
-73.43887,43.46746,44.5
-73.43878,43.46756,44.1
-73.43873,43.46761,43.9
-73.43864,43.46771,43.4
-73.4386,43.46776,43.0
-73.43858,43.46779,42.9
-73.43851,43.46786,42.3
-73.43846,43.46791,42.2
-73.43837,43.46801,41.9
-73.43833,43.46805,41.8
-73.43818,43.46821,41.1
-73.4381,43.46829,40.9
-73.43799,43.4684,40.7
-73.43794,43.46845,40.7
-73.43789,43.4685,40.7
-73.43788,43.4685,40.7
-73.43779,43.46859,40.9
-73.43775,43.46863,41.2
-73.43764,43.46874,42.5
-73.43745,43.46892,47.1
-73.43736,43.46901,48.9
-73.43725,43.4691,49.6
-73.43717,43.46917,49.6
-73.43705,43.46926,49.4
-73.43701,43.46929,49.3
-73.43698,43.46932,49.2
-73.43692,43.46937,49.1
-73.43686,43.46941,48.9
-73.43671,43.46952,48.6
-73.43663,43.46958,48.3
-73.43648,43.46969,47.0
-73.43627,43.46983,46.1
-73.43609,43.46996,47.9
-73.43601,43.47002,49.7
-73.43596,43.47006,51.9
-73.4359,43.47012,54.3
-73.43581,43.47019,56.2
-73.43571,43.47027,57.8
-73.43563,43.47033,59.1
-73.43561,43.47035,59.4
-73.43552,43.47041,60.5
-73.43542,43.47049,61.1
-73.43529,43.47058,61.1
-73.43513,43.47069,59.2
-73.43502,43.47076,57.2
-73.43492,43.47082,55.1
-73.43487,43.47085,53.6
-73.43483,43.47087,52.2
-73.43478,43.4709,50.4
-73.43472,43.47094,48.3
-73.43466,43.47097,46.4
-73.43461,43.471,45.1
-73.43457,43.47103,44.2
-73.43447,43.47109,42.7
-73.43438,43.47115,42.3
-73.43431,43.4712,42.3
-73.43419,43.47129,42.4
-73.43412,43.47135,43.3
-73.43402,43.47144,44.7
-73.43375,43.47167,44.6
-73.43368,43.47174,44.0
-73.43352,43.47187,42.4
-73.43346,43.47193,42.0
-73.43336,43.47202,41.7
-73.43327,43.47212,41.6
-73.43317,43.47221,41.5
-73.43306,43.47234,41.4
-73.43297,43.47244,41.3
-73.4328,43.47264,41.1
-73.43266,43.4728,40.8
-73.43254,43.47297,40.6
-73.43239,43.47319,40.3
-73.43235,43.47323,40.2
-73.43224,43.47341,40.1
-73.43219,43.4735,40.2
-73.4321,43.47366,40.3
-73.43206,43.47372,40.4
-73.43204,43.47376,40.4
-73.43199,43.47386,40.5
-73.43195,43.47393,40.6
-73.43193,43.47397,40.7
-73.43184,43.47417,40.8
-73.43179,43.47429,40.8
-73.43167,43.47458,40.7
-73.43165,43.47466,40.7
-73.43162,43.47473,40.6
-73.43159,43.47482,40.6
-73.43156,43.47489,40.4
-73.43154,43.47496,40.4
-73.43154,43.47497,40.4
-73.43152,43.47504,40.3
-73.4315,43.4751,40.2
-73.4315,43.47513,40.2
-73.43149,43.47514,40.2
-73.43148,43.4752,40.2
-73.43147,43.47524,40.2
-73.43144,43.47535,40.2
-73.43142,43.47546,40.2
-73.4314,43.47556,40.4
-73.43138,43.47567,40.6
-73.43137,43.47572,40.7
-73.43137,43.47578,40.9
-73.43135,43.47589,41.2
-73.43134,43.47598,41.4
-73.43133,43.47607,41.6
-73.43133,43.47618,41.9
-73.43132,43.47629,42.0
-73.43132,43.47641,42.2
-73.43131,43.4771,42.1
-73.43134,43.47938,46.8
-73.43134,43.48016,44.3
-73.43134,43.48034,45.7
-73.43134,43.48065,48.7
-73.43135,43.48109,50.1
-73.43134,43.48178,49.8
-73.43134,43.48196,49.8
-73.43134,43.48208,49.8
-73.43134,43.4823,50.6
-73.43134,43.48236,50.9
-73.43135,43.48254,51.9
-73.43135,43.48268,52.4
-73.43135,43.48273,52.5
-73.43136,43.48288,52.5
-73.43135,43.48299,52.2
-73.43135,43.48315,51.9
-73.43134,43.48338,51.5
-73.43132,43.48361,51.4
-73.43131,43.48378,51.5
-73.4313,43.48385,51.4
-73.43129,43.48391,51.3
-73.43128,43.48397,51.1
-73.43127,43.48402,50.9
-73.43126,43.48406,50.7
-73.43126,43.48408,50.6
-73.43125,43.48412,50.1
-73.43124,43.48416,49.7
-73.43123,43.48419,49.5
-73.43122,43.48423,49.2
-73.43121,43.48431,48.4
-73.43119,43.48438,47.6
-73.43117,43.48444,46.8
-73.43114,43.48455,45.8
-73.43112,43.48464,45.2
-73.4311,43.48468,44.8
-73.43109,43.48474,44.5
-73.43106,43.48483,44.2
-73.43104,43.48489,44.1
-73.43102,43.48494,44.2
-73.43098,43.48504,44.4
-73.43096,43.48509,44.5
-73.43092,43.48519,44.9
-73.43087,43.48529,45.4
-73.43084,43.48535,45.7
-73.43077,43.48546,46.5
-73.43073,43.48553,47.0
-73.43067,43.48564,47.7
-73.43058,43.48578,48.7
-73.43048,43.48595,49.8
-73.43039,43.4861,49.3
-73.43038,43.48611,49.3
-73.43037,43.48613,49.1
-73.43035,43.48617,48.9
-73.43033,43.48621,48.6
-73.43029,43.48628,48.1
-73.43021,43.48645,46.9
-73.4302,43.48647,46.7
-73.43015,43.48663,45.6
-73.43013,43.48667,45.3
-73.43005,43.48694,43.5
-73.42997,43.48734,42.1
-73.42995,43.48742,41.9
-73.4299,43.48764,41.6
-73.42987,43.48777,41.5
-73.42982,43.4879,41.6
-73.42978,43.48799,41.7
-73.42975,43.48808,41.8
-73.42971,43.48816,42.1
-73.42967,43.48825,42.3
-73.42956,43.4885,42.4
-73.42948,43.48868,42.3
-73.42943,43.48878,42.3
-73.4294,43.48885,42.2
-73.42933,43.48901,42.1
-73.42932,43.48902,42.1
-73.42925,43.48918,42.0
-73.42923,43.48923,41.9
-73.42918,43.48936,41.7
-73.42905,43.48971,41.2
-73.42904,43.48973,41.2
-73.429,43.48984,41.2
-73.42898,43.48988,41.3
-73.42893,43.49006,41.8
-73.42887,43.49023,42.5
-73.42873,43.49064,43.1
-73.42869,43.49076,43.2
-73.42864,43.49091,43.1
-73.42864,43.49093,43.1
-73.4286,43.49106,42.8
-73.42856,43.49124,42.5
-73.42855,43.49129,42.5
-73.42855,43.49133,42.5
-73.42853,43.49139,42.5
-73.42852,43.49147,42.5
-73.42851,43.49157,42.5
-73.4285,43.49163,42.5
-73.4285,43.49165,42.5
-73.4285,43.49173,42.5
-73.4285,43.49195,41.7
-73.42851,43.4921,41.3
-73.42854,43.49231,40.7
-73.42855,43.49236,40.6
-73.42855,43.49238,40.6
-73.42856,43.49247,40.5
-73.42858,43.49257,40.5
-73.42862,43.49272,40.5
-73.42864,43.49281,40.5
-73.42867,43.4929,40.5
-73.42871,43.49307,40.7
-73.42877,43.49331,41.0
-73.42882,43.49353,41.2
-73.42884,43.49367,41.3
-73.42884,43.49373,41.3
-73.42884,43.49381,41.3
-73.42883,43.49403,41.2
-73.42881,43.49414,41.2
-73.4288,43.4942,41.3
-73.42878,43.49429,41.5
-73.42877,43.49432,41.6
-73.42873,43.49444,42.0
-73.42871,43.4945,42.1
-73.42868,43.49459,42.5
-73.42865,43.49467,43.3
-73.42863,43.49471,43.9
-73.42859,43.49479,45.4
-73.42852,43.49491,47.0
-73.42846,43.495,47.6
-73.42843,43.49505,47.9
-73.42836,43.49517,48.1
-73.42815,43.49549,47.1
-73.42812,43.49553,46.9
-73.42805,43.49566,46.7
-73.42794,43.49582,45.5
-73.42784,43.49598,42.8
-73.42764,43.4963,42.0
-73.42755,43.49643,41.8
-73.42729,43.49679,41.1
-73.42719,43.49693,40.8
-73.42718,43.49695,40.7
-73.42705,43.4971,40.5
-73.42693,43.49726,40.9
-73.42693,43.49727,40.9
-73.4268,43.49742,41.7
-73.42676,43.49747,42.1
-73.42655,43.49773,43.1
-73.42643,43.49788,42.1
-73.42643,43.49789,42.1
-73.42634,43.498,42.0
-73.42631,43.49804,42.1
-73.42613,43.49826,42.1
-73.42606,43.49835,42.0
-73.426,43.49842,42.0
-73.42543,43.49912,41.1
-73.42527,43.49932,40.8
-73.42518,43.49943,39.9
-73.42508,43.49955,39.4
-73.42493,43.49975,41.5
-73.42482,43.49989,43.4
-73.42468,43.50008,45.3
-73.42448,43.50039,46.5
-73.42444,43.50045,46.6
-73.42439,43.50055,46.7
-73.42412,43.50104,45.5
-73.42412,43.50106,45.5
-73.42402,43.50122,45.2
-73.42397,43.50132,45.3
-73.42392,43.50139,45.4
-73.42383,43.50155,46.0
-73.42373,43.50168,46.4
-73.4237,43.50171,46.4
-73.42365,43.50177,46.6
-73.4236,43.50184,46.6
-73.42357,43.50186,46.6
-73.42349,43.50195,46.6
-73.42344,43.50201,46.6
-73.42337,43.50208,46.4
-73.42329,43.50216,45.9
-73.42313,43.5023,44.6
-73.42297,43.50243,43.2
-73.42267,43.50267,41.5
-73.42247,43.50283,40.9
-73.42245,43.50285,40.8
-73.4223,43.50297,40.6
-73.42228,43.50299,40.6
-73.42214,43.5031,40.6
-73.42209,43.50315,40.6
-73.42186,43.50336,41.2
-73.42184,43.50339,41.3
-73.42183,43.50339,41.3
-73.42173,43.5035,41.6
-73.42156,43.50372,42.5
-73.42147,43.50385,43.5
-73.42146,43.50387,43.7
-73.42136,43.50402,45.2
-73.42116,43.50434,45.2
-73.42115,43.50435,45.1
-73.42099,43.50461,44.7
-73.42082,43.5049,43.3
-73.42069,43.50511,42.1
-73.42065,43.50518,41.7
-73.42053,43.50538,41.0
-73.42041,43.50559,40.3
-73.42026,43.50583,39.9
-73.42021,43.50591,39.7
-73.42009,43.5061,39.4
-73.41998,43.50629,38.7
-73.41984,43.50652,37.0
-73.41974,43.50668,36.4
-73.41951,43.50707,37.1
-73.41943,43.50719,38.1
-73.41909,43.50774,39.9
-73.41887,43.5081,41.8
-73.41869,43.50838,42.6
-73.41863,43.50848,42.6
-73.41862,43.50851,42.6
-73.41852,43.50867,42.7
-73.41846,43.50876,42.8
-73.41832,43.509,43.0
-73.41815,43.50927,43.4
-73.41801,43.50949,43.5
-73.41796,43.50958,43.5
-73.41777,43.50986,43.7
-73.41772,43.50996,43.7
-73.4176,43.51015,43.0
-73.41741,43.51051,42.2
-73.41728,43.51083,40.0
-73.41725,43.51091,39.5
-73.41722,43.511,38.9
-73.41722,43.51101,38.8
-73.41716,43.51118,37.8
-73.41715,43.51123,37.6
-73.41711,43.51135,37.7
-73.41709,43.5114,37.9
-73.41701,43.51164,39.2
-73.41699,43.5117,39.7
-73.41689,43.51198,41.8
-73.41683,43.51218,42.3
-73.41677,43.51235,42.2
-73.4167,43.51259,38.8
-73.41666,43.51275,37.3
-73.41659,43.51296,37.0
-73.41653,43.51314,37.6
-73.4164,43.51349,41.8
-73.41634,43.51364,42.9
-73.41628,43.51381,43.5
-73.41621,43.51399,43.9
-73.4162,43.51401,43.9
-73.41611,43.51425,44.1
-73.41599,43.51453,44.2
-73.41592,43.51473,44.2
-73.41583,43.51494,44.3
-73.41579,43.51503,44.2
-73.41572,43.5152,44.1
-73.41561,43.51547,44.1
-73.41549,43.51575,44.0
-73.41543,43.51588,44.1
-73.41537,43.516,44.1
-73.41527,43.51622,44.2
-73.4152,43.5164,44.0
-73.41515,43.51649,43.9
-73.41493,43.51696,42.9
-73.41486,43.51711,42.4
-73.41465,43.51756,40.9
-73.41448,43.51793,39.7
-73.4144,43.5181,39.4
-73.41434,43.51824,39.1
-73.41421,43.51859,38.6
-73.41416,43.51875,38.3
-73.41412,43.51898,37.9
-73.4141,43.51911,37.6
-73.41409,43.51915,37.5
-73.41409,43.51921,37.3
-73.41408,43.51933,36.8
-73.41408,43.51934,36.8
-73.41408,43.51941,36.6
-73.41408,43.51951,36.5
-73.41408,43.51962,36.5
-73.41408,43.51969,36.5
-73.41408,43.51987,36.3
-73.41409,43.52023,37.4
-73.41409,43.52041,38.2
-73.41409,43.52087,40.5
-73.41408,43.52113,41.8
-73.41408,43.52121,42.2
-73.41407,43.52131,42.9
-73.41406,43.52139,43.4
-73.41405,43.52149,43.8
-73.41404,43.52167,43.8
-73.41403,43.52176,43.8
-73.41398,43.52214,43.7
-73.41396,43.52229,43.9
-73.41395,43.52238,44.0
-73.41393,43.52256,44.2
-73.41388,43.52292,44.6
-73.41385,43.5231,44.6
-73.41381,43.52339,44.3
-73.41381,43.52346,44.1
-73.41379,43.52357,43.7
-73.41377,43.52384,42.4
-73.41376,43.52394,42.1
-73.41376,43.52426,42.0
-73.41376,43.52432,42.2
-73.41376,43.52436,42.3
-73.41379,43.52472,43.0
-73.41381,43.52489,43.3
-73.41383,43.52511,44.1
-73.41384,43.52525,44.7
-73.41385,43.52536,45.3
-73.41386,43.52543,45.6
-73.41386,43.52561,45.9
-73.41387,43.52579,45.6
-73.41387,43.52581,45.6
-73.41386,43.52607,44.4
-73.41383,43.52634,43.9
-73.41381,43.52654,43.7
-73.41374,43.52688,43.6
-73.41373,43.5269,43.5
-73.41371,43.52703,43.0
-73.41357,43.52761,41.5
-73.41353,43.52774,41.2
-73.41351,43.52782,41.2
-73.41348,43.52792,41.2
-73.41346,43.52797,41.2
-73.41344,43.52802,41.2
-73.41342,43.52809,41.2
-73.41339,43.52817,41.1
-73.41336,43.52827,41.2
-73.41335,43.52831,41.4
-73.41334,43.52831,41.4
-73.41324,43.52858,41.8
-73.41322,43.52861,41.8
-73.4132,43.52866,41.9
-73.41318,43.52871,41.9
-73.41315,43.52879,42.1
-73.41313,43.52882,42.2
-73.41313,43.52883,42.3
-73.413,43.52907,44.1
-73.41291,43.52924,45.2
-73.41288,43.52929,45.6
-73.41282,43.5294,46.2
-73.41266,43.52965,47.4
-73.41258,43.52978,47.9
-73.41255,43.52982,48.2
-73.41248,43.52994,49.0
-73.41247,43.52994,49.0
-73.41238,43.53009,49.3
-73.41235,43.53015,49.2
-73.41228,43.53028,48.6
-73.41226,43.53032,48.4
-73.41223,43.53038,48.1
-73.4122,43.53045,48.0
-73.41218,43.53049,47.9
-73.41214,43.53058,47.8
-73.41213,43.53062,47.7
-73.41207,43.53075,47.5
-73.41198,43.53096,46.9
-73.41196,43.53101,46.8
-73.4119,43.53113,46.4
-73.41188,43.53118,46.3
-73.41176,43.53148,45.8
-73.41168,43.53165,45.6
-73.41161,43.53181,45.4
-73.41159,43.53187,45.4
-73.41154,43.53199,45.4
-73.41152,43.53204,45.4
-73.41147,43.53216,45.3
-73.41137,43.53238,45.4
-73.41132,43.53251,45.5
-73.41127,43.53262,45.4
-73.41123,43.53274,45.3
-73.41122,43.53275,45.2
-73.41114,43.53295,44.1
-73.41112,43.53302,43.6
-73.41111,43.53303,43.5
-73.41109,43.5331,43.2
-73.41105,43.5332,42.8
-73.41099,43.53337,42.6
-73.41098,43.53339,42.6
-73.41096,43.53344,42.7
-73.41092,43.53356,43.4
-73.41088,43.53367,43.5
-73.41086,43.53372,43.5
-73.41084,43.53379,43.4
-73.41083,43.53384,43.3
-73.41076,43.53406,42.6
-73.41071,43.53422,42.2
-73.4107,43.53425,42.0
-73.41068,43.53432,41.5
-73.41064,43.53442,41.2
-73.41061,43.53452,41.6
-73.41059,43.5346,42.4
-73.41057,43.53467,43.1
-73.41055,43.53472,43.4
-73.41049,43.53489,43.9
-73.41038,43.53526,44.9
-73.41036,43.53533,44.9
-73.41026,43.53565,44.9
-73.41025,43.53568,44.9
-73.41022,43.53579,44.8
-73.41019,43.53589,44.6
-73.41008,43.53626,43.3
-73.41005,43.53636,42.8
-73.41,43.5365,42.6
-73.40988,43.53688,43.6
-73.40971,43.53744,44.1
-73.40953,43.53801,44.9
-73.40936,43.53853,44.8
-73.4093,43.53874,44.5
-73.40927,43.53884,44.3
-73.40913,43.53926,43.1
-73.40906,43.53947,42.3
-73.40905,43.53949,42.2
-73.40897,43.53976,41.2
-73.40896,43.53979,41.2
-73.40891,43.53994,40.6
-73.40885,43.54011,40.4
-73.40869,43.54058,40.2
-73.40866,43.54066,40.2
-73.4083,43.54167,40.3
-73.40829,43.5417,40.3
-73.40812,43.54218,40.9
-73.40809,43.54228,41.0
-73.40801,43.5425,41.3
-73.40789,43.54287,41.9
-73.40781,43.54309,42.1
-73.40777,43.54319,42.1
-73.40769,43.54338,42.2
-73.40764,43.54351,42.2
-73.40757,43.54367,42.1
-73.40751,43.54381,41.7
-73.40742,43.54402,41.8
-73.40726,43.54436,42.6
-73.40725,43.54438,42.6
-73.40718,43.54453,43.2
-73.40703,43.54484,44.4
-73.40687,43.54521,45.0
-73.40672,43.54555,45.3
-73.40661,43.54584,45.2
-73.40647,43.54617,45.2
-73.40639,43.54636,45.1
-73.40634,43.54648,45.0
-73.40634,43.5465,45.0
-73.40631,43.54656,45.0
-73.40626,43.54668,44.9
-73.40625,43.5467,44.9
-73.40621,43.54682,44.8
-73.40618,43.5469,44.8
-73.40613,43.54702,44.7
-73.40607,43.54716,44.7
-73.40595,43.54746,44.5
-73.4059,43.54759,44.4
-73.40586,43.54768,44.4
-73.40584,43.54773,44.3
-73.4058,43.54783,44.3
-73.40579,43.54784,44.3
-73.40577,43.54788,44.3
-73.40571,43.548,44.2
-73.40562,43.54816,44.0
-73.40556,43.54827,43.8
-73.4054,43.54858,42.8
-73.40538,43.54862,42.7
-73.4053,43.54877,42.3
-73.40518,43.549,42.0
-73.40494,43.54938,41.4
-73.40488,43.54947,41.3
-73.40472,43.54981,41.0
-73.4047,43.54986,41.0
-73.40461,43.5501,41.0
-73.40446,43.55053,40.7
-73.40438,43.55078,40.5
-73.40427,43.55116,40.3
-73.40397,43.5522,40.7
-73.4039,43.55245,40.5
-73.40382,43.55274,40.0
-73.40371,43.55315,38.9
-73.40363,43.55344,38.1
-73.40359,43.55363,38.1
-73.40355,43.55379,38.0
-73.40352,43.55398,38.4
-73.4035,43.55412,38.7
-73.40349,43.55424,38.9
-73.40348,43.55428,39.0
-73.40348,43.55436,39.3
-73.40347,43.55442,39.4
-73.40346,43.55454,39.6
-73.40346,43.5546,39.8
-73.40346,43.55475,40.1
-73.40345,43.55478,40.1
-73.40345,43.55496,40.7
-73.40345,43.55498,40.8
-73.40343,43.55527,42.3
-73.40343,43.55532,42.7
-73.40342,43.55548,43.2
-73.40341,43.5555,43.1
-73.4034,43.55568,43.2
-73.40338,43.55588,43.3
-73.403378,43.555882,43.3
-73.40336,43.5562,43.5
-73.4034,43.5566,44.9
-73.40354,43.55695,44.5
-73.40365,43.55712,41.6
-73.40392,43.55748,37.1
-73.40458,43.55819,30.2
-73.40524,43.5589,30.1
-73.40564,43.55936,32.4
-73.40596,43.55979,35.9
-73.40614,43.56008,38.7
-73.40632,43.56044,42.0
-73.40651,43.56096,35.5
-73.40665,43.5614,33.2
-73.40672,43.56187,30.0
-73.4067,43.56257,33.4
-73.40669,43.56328,34.9
-73.40667,43.56384,40.9
-73.40664,43.56441,42.3
-73.40669,43.56505,41.7
-73.40679,43.56541,37.7
-73.40707,43.56592,39.9
-73.40741,43.56638,39.3
-73.40759,43.56655,37.4
-73.40794,43.56683,38.7
-73.40854,43.56721,44.3
-73.40896,43.56739,43.0
-73.40933,43.56751,41.3
-73.40973,43.56761,42.9
-73.41057,43.56771,48.8
-73.41142,43.56781,49.5
-73.41225,43.56789,48.5
-73.41309,43.56798,51.8
-73.41372,43.56808,54.0
-73.41436,43.56825,52.5
-73.41482,43.56842,58.1
-73.41518,43.56858,54.7
-73.41608,43.56904,52.1
-73.41698,43.5695,54.9
-73.41741,43.56967,57.5
-73.4181,43.56992,58.0
-73.41853,43.57004,54.4
-73.41893,43.57014,53.5
-73.41985,43.57033,48.4
-73.42027,43.57039,47.3
-73.42124,43.57046,44.9
-73.42221,43.57053,39.0
-73.42319,43.57061,38.6
-73.42388,43.57068,41.0
-73.42458,43.57076,41.0
-73.42539,43.5709,39.7
-73.42631,43.57111,38.1
-73.42683,43.57125,37.2
-73.42743,43.57143,32.7
-73.42843,43.57176,28.8
-73.42944,43.57208,28.8
-73.43036,43.57238,28.8
-73.43128,43.57269,28.8
-73.43229,43.57302,28.8
-73.4333,43.57336,28.9
-73.43432,43.5737,29.7
-73.43531,43.57405,29.4
-73.43602,43.57436,30.1
-73.43679,43.57476,36.0
-73.43771,43.57534,41.9
-73.43833,43.57582,44.2
-73.43894,43.5764,44.5
-73.43936,43.5769,42.7
-73.43951,43.57711,45.9
-73.43965,43.57735,51.1
-73.43976,43.57757,54.8
-73.43993,43.57807,60.4
-73.43998,43.57835,62.0
-73.44,43.57859,61.7
-73.43998,43.57926,63.1
-73.43987,43.5801,80.6
-73.43976,43.58095,77.6
-73.43965,43.58179,80.6
-73.43955,43.58263,85.7
-73.43944,43.58347,76.0
-73.43933,43.58432,81.2
-73.43922,43.58516,82.8
-73.43911,43.586,90.6
-73.439,43.58684,98.5
-73.43889,43.58769,88.2
-73.43879,43.58853,88.1
-73.43872,43.58894,87.9
-73.43856,43.58964,91.7
-73.43829,43.59038,93.9
-73.43812,43.59075,95.0
-73.43794,43.5911,93.8
-73.43764,43.59159,93.6
-73.43738,43.59195,94.5
-73.43701,43.5924,96.9
-73.43639,43.59309,94.8
-73.43577,43.59378,89.4
-73.43515,43.59448,83.0
-73.43485,43.59488,79.7
-73.43462,43.5953,76.3
-73.43452,43.59556,73.8
-73.43444,43.59605,73.8
-73.43441,43.59639,83.1
-73.43438,43.59702,78.4
-73.43436,43.59765,74.4
-73.43434,43.59829,70.6
-73.43429,43.59865,70.8
-73.43417,43.59903,71.3
-73.43408,43.59926,71.2
-73.43388,43.59958,67.4
-73.43352,43.60003,59.1
-73.43305,43.60055,56.5
-73.43259,43.60106,57.9
-73.43223,43.60153,60.8
-73.43195,43.602,68.7
-73.43175,43.6025,84.5
-73.43162,43.60298,91.0
-73.43154,43.60351,75.2
-73.43152,43.60379,69.7
-73.43154,43.60414,69.4
-73.43161,43.60458,71.0
-73.43174,43.60509,76.5
-73.43187,43.6056,81.4
-73.43213,43.60645,80.9
-73.43238,43.6073,93.3
-73.43264,43.60815,96.3
-73.43289,43.609,103.9
-73.43315,43.60985,109.7
-73.4334,43.6107,115.4
-73.43354,43.61132,100.1
-73.43362,43.61189,101.6
-73.43369,43.61258,106.1
-73.43375,43.61326,126.1
-73.43382,43.61395,130.3
-73.43394,43.61447,129.9
-73.43404,43.61469,129.3
-73.43419,43.61496,126.1
-73.43441,43.61526,120.9
-73.43505,43.61601,128.4
-73.43551,43.61653,121.8
-73.43597,43.61705,122.7
-73.43644,43.61757,121.8
-73.43697,43.61821,113.3
-73.43751,43.61885,101.0
-73.43804,43.61948,100.7
-73.43864,43.62001,109.8
-73.43906,43.62032,110.7
-73.43941,43.62053,109.4
-73.44023,43.62095,105.8
-73.44104,43.62136,103.6
-73.44186,43.62178,97.7
-73.44268,43.6222,99.7
-73.4435,43.62262,97.8
-73.44372,43.62275,94.8
-73.4441,43.62303,91.6
-73.4443,43.6232,89.4
-73.44458,43.62348,85.7
-73.44484,43.62384,90.7
-73.44499,43.62409,92.9
-73.4451,43.62435,94.7
-73.44517,43.62463,96.3
-73.44523,43.62505,101.5
-73.44517,43.6258,107.7
-73.44511,43.62655,114.4
-73.44505,43.62729,120.3
-73.44501,43.62777,121.8
-73.44496,43.62824,122.1
-73.44493,43.62883,124.3
-73.44494,43.62921,123.5
-73.44498,43.62963,121.3
-73.44503,43.62989,121.7
-73.44515,43.63027,125.2
-73.44529,43.6306,130.0
-73.44554,43.63108,133.1
-73.44589,43.63164,129.4
-73.44624,43.6322,118.7
-73.44659,43.63277,122.8
-73.44672,43.63309,123.1
-73.44677,43.63333,124.8
-73.44678,43.63377,126.7
-73.44673,43.63409,124.5
-73.44662,43.63448,119.8
-73.44635,43.63516,120.2
-73.44607,43.63584,120.9
-73.44602,43.63605,122.0
-73.44598,43.63653,115.8
-73.44601,43.63687,117.4
-73.44609,43.63743,120.3
-73.44616,43.63798,120.7
-73.4463,43.63887,125.9
-73.44643,43.63975,128.2
-73.44656,43.64064,130.7
-73.44659,43.6412,132.9
-73.44657,43.64142,134.2
-73.44651,43.64171,135.8
-73.44634,43.6422,136.2
-73.44616,43.64252,135.4
-73.4457,43.64305,130.9
-73.44524,43.64358,128.2
-73.44458,43.64431,126.8
-73.44391,43.64504,123.5
-73.44324,43.64577,120.8
-73.44258,43.64649,119.5
-73.44191,43.64722,118.0
-73.44124,43.64795,114.1
-73.44058,43.64868,109.4
-73.43991,43.64941,105.3
-73.43924,43.65014,102.2
-73.43858,43.65087,96.8
-73.43791,43.6516,93.0
-73.43724,43.65233,94.8
-73.43658,43.65306,95.4
-73.43591,43.65379,99.0
-73.43551,43.65426,98.1
-73.4351,43.65474,103.8
-73.43473,43.65521,105.2
-73.43436,43.65568,105.5
-73.43386,43.65638,108.7
-73.43336,43.65709,113.3
-73.43287,43.65779,111.2
-73.43237,43.65849,112.9
-73.43187,43.65919,108.3
-73.43144,43.65974,108.2
-73.43116,43.66004,108.6
-73.43074,43.66042,110.7
-73.43034,43.66072,111.1
-73.4299,43.661,107.7
-73.42965,43.66114,104.4
-73.42916,43.66137,95.8
-73.4287,43.66157,90.2
-73.42787,43.66183,84.4
-73.42737,43.66195,80.4
-73.42639,43.66214,74.4
-73.42542,43.66232,70.6
-73.42424,43.66257,67.3
-73.42344,43.66282,59.6
-73.42268,43.66313,54.3
-73.42231,43.66331,54.4
-73.42194,43.66351,55.7
-73.42121,43.66398,54.5
-73.42066,43.66443,47.4
-73.42019,43.66486,41.5
-73.41968,43.66547,40.9
-73.41933,43.666,36.5
-73.41895,43.66676,34.1
-73.41856,43.66752,34.5
-73.41812,43.66829,33.7
-73.41782,43.66874,33.0
-73.41754,43.66911,35.5
-73.41698,43.66974,42.4
-73.41662,43.67012,47.7
-73.41619,43.6705,54.0
-73.41577,43.67088,57.1
-73.41495,43.6715,54.6
-73.41414,43.67212,57.5
-73.41332,43.67274,57.3
-73.41251,43.67336,51.9
-73.41169,43.67398,49.0
-73.41088,43.67461,44.4
-73.41043,43.67498,37.7
-73.41021,43.67524,34.4
-73.41005,43.67545,42.7
-73.40988,43.67577,43.2
-73.40974,43.67618,42.3
-73.4097,43.6765,41.3
-73.40971,43.67679,41.4
-73.40976,43.67713,42.5
-73.40993,43.6776,42.3
-73.41013,43.67792,41.4
-73.41025,43.67808,41.8
-73.41055,43.67841,45.6
-73.41088,43.67867,54.2
-73.41136,43.67896,48.9
-73.41185,43.67917,38.1
-73.41204,43.67923,35.7
-73.41267,43.67939,33.3
-73.41337,43.67951,33.5
-73.41443,43.67967,36.0
-73.41549,43.67983,42.2
-73.41655,43.68,56.0
-73.41761,43.68016,58.9
-73.41867,43.68032,58.7
-73.41973,43.68048,61.9
-73.42079,43.68065,66.1
-73.42129,43.68076,66.9
-73.42172,43.6809,69.6
-73.422,43.68101,69.4
-73.42239,43.6812,66.2
-73.42275,43.68141,67.2
-73.42309,43.68167,74.6
-73.42333,43.68189,80.4
-73.42359,43.68217,87.1
-73.42384,43.68254,91.5
-73.42402,43.6829,89.3
-73.42411,43.68314,88.8
-73.42418,43.68351,94.9
-73.4242,43.68403,105.2
-73.42417,43.68424,109.3
-73.42408,43.68458,114.7
-73.42383,43.68513,126.1
-73.42348,43.68569,140.6
-73.42313,43.68624,144.4
-73.42278,43.6868,142.2
-73.42252,43.68729,142.4
-73.42243,43.68751,143.4
-73.42228,43.68803,146.1
-73.42224,43.68857,151.4
-73.42226,43.68889,156.8
-73.42234,43.68935,165.3
-73.42245,43.68967,168.4
-73.42257,43.68993,165.3
-73.42286,43.69043,159.6
-73.42315,43.6908,161.0
-73.42336,43.691,164.7
-73.42365,43.69124,170.0
-73.4241,43.69158,173.6
-73.42466,43.6919,175.3
-73.42551,43.69235,185.1
-73.42637,43.69279,180.3
-73.42723,43.69324,172.8
-73.42793,43.69364,163.6
-73.42836,43.69391,159.5
-73.42891,43.69432,144.0
-73.4292,43.69457,137.9
-73.42974,43.69509,131.7
-73.43027,43.69567,132.1
-73.4308,43.69624,131.4
-73.43137,43.69684,130.7
-73.43194,43.69744,127.1
-73.43252,43.69804,129.5
-73.43309,43.69864,132.5
-73.43361,43.69927,129.5
-73.43408,43.69993,127.2
-73.43438,43.70047,126.6
-73.43463,43.70097,126.4
-73.4349,43.70167,126.2
-73.43501,43.70213,126.3
-73.43512,43.70258,125.9
-73.43522,43.70323,126.0
-73.43523,43.70398,126.9
-73.4352,43.70442,127.9
-73.43514,43.70489,129.5
-73.435,43.70543,131.4
-73.43486,43.70597,132.0
-73.43467,43.7065,132.5
-73.43446,43.70696,130.7
-73.43413,43.70757,125.6
-73.43393,43.70788,123.8
-73.43338,43.70859,119.5
-73.43283,43.7093,115.3
-73.43228,43.71001,111.5
-73.43173,43.71072,105.6
-73.43119,43.71143,99.5
-73.43064,43.71214,94.1
-73.43009,43.71286,87.9
-73.42951,43.7136,84.6
-73.42893,43.71434,88.6
-73.42835,43.71508,90.2
-73.42777,43.71583,89.4
-73.42719,43.71657,87.9
-73.42661,43.71731,86.7
-73.42603,43.71805,86.5
-73.42563,43.71864,86.5
-73.42528,43.7192,85.5
-73.42485,43.71996,84.9
-73.42442,43.72072,87.6
-73.42398,43.72148,92.0
-73.4235,43.72222,93.0
-73.42315,43.72269,93.4
-73.42279,43.72317,93.7
-73.42217,43.72393,92.9
-73.42155,43.72469,90.9
-73.42092,43.72546,89.5
-73.4203,43.72622,92.2
-73.41968,43.72699,95.3
-73.41905,43.72775,95.0
-73.41843,43.72852,93.5
-73.41781,43.72928,93.5
-73.41718,43.73004,91.8
-73.41656,43.73081,93.2
-73.41593,43.73157,96.6
-73.41531,43.73234,101.2
-73.41495,43.73274,103.8
-73.4146,43.73315,104.3
-73.41403,43.73373,106.3
-73.41353,43.73418,108.7
-73.41294,43.73468,118.2
-73.41239,43.7351,122.5
-73.41154,43.73568,123.6
-73.41068,43.7362,124.5
-73.41016,43.7365,125.3
-73.40922,43.73698,126.6
-73.40828,43.73747,128.9
-73.40735,43.73795,129.4
-73.40641,43.73844,127.8
-73.40547,43.73893,127.0
-73.40499,43.73922,126.5
-73.40452,43.73951,126.2
-73.40418,43.73973,126.2
-73.40364,43.74014,126.6
-73.403,43.74071,128.0
-73.40237,43.74137,125.7
-73.40207,43.74172,124.1
-73.40162,43.74231,121.8
-73.40131,43.74279,120.3
-73.401,43.74326,120.6
-73.40057,43.74387,119.5
-73.40014,43.74448,118.3
-73.39971,43.74509,126.1
-73.39932,43.74568,143.3
-73.39897,43.74629,147.5
-73.39879,43.74676,143.8
-73.39866,43.74729,139.2
-73.39862,43.74767,136.9
-73.39862,43.74797,136.9
-73.39869,43.74852,134.4
-73.39873,43.74873,131.6
-73.39882,43.749,141.1
-73.39893,43.74928,141.9
-73.39916,43.74972,139.6
-73.39937,43.75005,144.4
-73.39963,43.75037,147.8
-73.39989,43.75065,148.5
-73.4002,43.75094,146.3
-73.40093,43.75153,134.9
-73.40167,43.75212,145.6
-73.4024,43.75271,159.3
-73.40314,43.7533,157.1
-73.40388,43.75389,158.7
-73.40457,43.75449,151.4
-73.40496,43.75487,148.9
-73.40535,43.75529,148.0
-73.40571,43.75571,151.8
-73.40622,43.7564,147.5
-73.40674,43.75713,138.3
-73.40726,43.75785,133.4
-73.40779,43.75857,131.9
-73.40831,43.75929,132.8
-73.40883,43.76001,131.7
-73.40936,43.76074,130.2
-73.40988,43.76146,128.9
-73.4104,43.76218,128.9
-73.41093,43.7629,132.7
-73.41125,43.76338,134.7
-73.41157,43.76386,135.5
-73.41182,43.76427,135.9
-73.41208,43.76478,134.1
-73.41229,43.76528,131.2
-73.4125,43.76579,127.3
-73.41264,43.76625,123.1
-73.41277,43.76671,122.8
-73.41293,43.76747,123.6
-73.41302,43.76835,123.0
-73.41311,43.76923,125.5
-73.41321,43.77011,127.9
-73.4133,43.77099,134.8
-73.41339,43.77187,140.7
-73.41349,43.77275,144.8
-73.41358,43.77363,147.3
-73.41367,43.77451,149.8
-73.41381,43.77524,150.7
-73.41395,43.77596,155.2
-73.41414,43.77676,157.6
-73.41433,43.77756,152.4
-73.41453,43.77836,146.6
-73.41472,43.77917,141.4
-73.41491,43.77997,135.1
-73.41504,43.78072,129.1
-73.41509,43.78121,124.7
-73.4151,43.78171,123.2
-73.41511,43.78222,121.0
-73.41507,43.78269,116.6
-73.41503,43.78315,112.9
-73.41494,43.78367,108.1
-73.41485,43.78411,103.2
-73.4146,43.78487,102.7
-73.41436,43.78563,101.3
-73.41412,43.7864,100.2
-73.41389,43.7872,97.2
-73.41366,43.788,95.4
-73.41343,43.7888,93.2
-73.4132,43.7896,92.8
-73.41298,43.79034,91.2
-73.41275,43.79108,90.7
-73.41253,43.79182,91.7
-73.41225,43.79259,90.1
-73.41195,43.79332,91.5
-73.41161,43.79406,93.5
-73.41127,43.7948,96.8
-73.41094,43.79554,96.0
-73.4106,43.79628,96.9
-73.41027,43.79702,97.4
-73.40993,43.79776,97.8
-73.40959,43.7985,99.9
-73.40917,43.79934,103.8
-73.40875,43.80017,106.7
-73.40833,43.80101,109.3
-73.4079,43.80184,110.4
-73.40748,43.80267,114.4
-73.40706,43.80351,114.0
-73.40664,43.80434,109.6
-73.40622,43.80518,111.0
-73.40602,43.80561,109.9
-73.40591,43.80588,108.6
-73.40579,43.80629,108.6
-73.40568,43.80692,107.6
-73.40561,43.8077,101.9
-73.40554,43.80849,97.3
-73.40547,43.80928,94.8
-73.40541,43.80962,92.9
-73.40526,43.81012,91.2
-73.40502,43.81082,87.4
-73.40478,43.81153,84.2
-73.40454,43.81223,80.3
-73.40443,43.8125,79.5
-73.40418,43.81295,75.2
-73.40371,43.81371,68.7
-73.40325,43.81446,62.1
-73.40297,43.81494,59.6
-73.40269,43.81542,55.9
-73.40247,43.81594,55.8
-73.40216,43.81678,57.1
-73.40185,43.81763,51.9
-73.40176,43.81797,50.4
-73.40172,43.81825,47.2
-73.4017,43.81881,43.2
-73.40171,43.81941,37.9
-73.40174,43.81986,37.6
-73.4018,43.82024,37.6
-73.40205,43.82106,35.6
-73.40215,43.82142,31.0
-73.4022,43.82184,37.6
-73.4022,43.82218,38.7
-73.40212,43.8228,40.1
-73.40204,43.82309,40.6
-73.40195,43.82336,41.1
-73.40179,43.82368,41.5
-73.40134,43.82442,43.2
-73.4009,43.82517,40.8
-73.40063,43.82575,36.8
-73.4004,43.8264,36.0
-73.40015,43.82724,35.4
-73.39998,43.82798,34.6
-73.3998,43.82872,34.4
-73.39959,43.82931,34.9
-73.39938,43.82989,34.8
-73.39928,43.8304,35.1
-73.39927,43.83064,35.1
-73.39934,43.83111,34.1
-73.39944,43.83142,33.5
-73.39958,43.8317,33.8
-73.39982,43.83207,34.4
-73.39997,43.83225,34.6
-73.40038,43.83269,34.9
-73.40079,43.83313,35.1
-73.40113,43.83354,35.3
-73.4014,43.83392,35.5
-73.40175,43.83449,36.1
-73.40203,43.83506,38.8
-73.40229,43.83579,40.0
-73.40255,43.83652,43.8
-73.40288,43.83714,44.7
-73.40321,43.83776,45.4
-73.40353,43.83838,45.9
-73.40389,43.83916,46.0
-73.40422,43.83999,44.8
-73.40455,43.84082,43.2
-73.40468,43.84108,43.5
-73.40488,43.84142,43.1
-73.40516,43.84173,39.5
-73.4056,43.84219,37.3
-73.40614,43.84269,33.0
-73.40668,43.84318,39.0
-73.40713,43.84367,38.5
-73.4074,43.84401,36.5
-73.40784,43.84464,44.3
-73.40828,43.84528,47.7
-73.40874,43.84588,41.4
-73.40919,43.84648,40.7
-73.40959,43.847,40.1
-73.40997,43.84753,39.6
-73.41039,43.84799,44.6
-73.41081,43.84844,43.7
-73.4111,43.8488,43.5
-73.41128,43.8491,53.5
-73.41162,43.84974,54.8
-73.41196,43.85038,44.1
-73.41235,43.85123,42.9
-73.41261,43.85174,41.4
-73.41286,43.85224,43.1
-73.41318,43.85299,55.3
-73.41347,43.85341,53.1
-73.41376,43.85382,62.0
-73.41403,43.85409,60.5
-73.41456,43.85448,51.2
-73.41481,43.8547,57.0
-73.41511,43.85493,62.0
-73.41536,43.85509,60.9
-73.41586,43.85537,52.1
-73.416351,43.855718,56.6
-73.41634,43.85573,56.8
-73.41686,43.85608,62.8
-73.41731,43.85638,64.0
-73.41789,43.85678,60.6
-73.4187,43.85731,58.7
-73.41897,43.8575,60.2
-73.4192,43.85765,61.5
-73.41937,43.85775,62.3
-73.41942,43.85779,62.3
-73.41952,43.85784,62.9
-73.41963,43.8579,63.5
-73.41976,43.85798,63.8
-73.41993,43.85806,64.6
-73.42017,43.85818,65.9
-73.42023,43.8582,66.5
-73.42036,43.85826,67.9
-73.42044,43.8583,68.1
-73.42052,43.85833,68.1
-73.42083,43.85845,69.3
-73.42127,43.85863,73.2
-73.42151,43.85872,73.4
-73.42175,43.85882,74.3
-73.42181,43.85885,74.8
-73.42232,43.85905,76.9
-73.4226,43.85915,78.3
-73.42281,43.85922,79.8
-73.42296,43.85927,81.0
-73.4231,43.85931,82.0
-73.42324,43.85934,82.8
-73.42343,43.85938,83.6
-73.42356,43.85941,83.9
-73.42364,43.85943,84.0
-73.42403,43.85948,84.6
-73.42419,43.8595,85.5
-73.42441,43.85951,86.8
-73.42455,43.85951,87.4
-73.42469,43.85951,87.8
-73.4248,43.8595,88.1
-73.42493,43.8595,88.4
-73.42517,43.85948,89.1
-73.42604,43.85941,92.7
-73.42703,43.85933,96.5
-73.42802,43.85924,98.2
-73.42827,43.85922,98.6
-73.42901,43.85916,98.6
-73.42926,43.85914,98.5
-73.42928,43.85913,98.5
-73.43004,43.85908,97.9
-73.43036,43.85905,97.5
-73.43077,43.85902,96.7
-73.43102,43.859,96.2
-73.43111,43.85899,96.0
-73.43127,43.85898,95.6
-73.43151,43.85896,95.1
-73.43161,43.85895,94.9
-73.43176,43.85894,94.6
-73.43186,43.85893,94.4
-73.43244,43.85889,93.5
-73.43312,43.85884,92.5
-73.43422,43.85876,90.0
-73.43424,43.85876,89.9
-73.43449,43.85874,88.9
-73.43484,43.85872,87.5
-73.43524,43.85869,85.9
-73.43531,43.85868,85.5
-73.43558,43.85867,85.0
-73.43573,43.85865,84.9
-73.43598,43.85864,84.8
-73.43617,43.85862,85.2
-73.43623,43.85862,85.4
-73.43633,43.85862,85.7
-73.43681,43.85859,86.9
-73.43698,43.85859,87.3
-73.43729,43.85858,87.8
-73.43754,43.85858,88.2
-73.43797,43.85858,88.0
-73.43797,43.85858,88.0
-73.43793,43.85897,87.0
-73.43787,43.8594,86.1
-73.43786,43.85947,85.9
-73.43783,43.85972,85.2
-73.4378,43.86002,84.3
-73.43775,43.86041,83.8
-73.43771,43.86074,82.9
-73.43764,43.86128,81.3
-73.4376,43.86151,80.8
-73.43759,43.86164,80.7
-73.43757,43.86182,80.6
-73.43754,43.86199,80.5
-73.43752,43.86217,80.5
-73.43751,43.86229,80.6
-73.4375,43.86235,80.6
-73.43747,43.86253,80.5
-73.43743,43.86284,79.3
-73.43741,43.86301,78.5
-73.43735,43.86343,77.3
-73.43734,43.86354,77.3
-73.43734,43.86355,77.3
-73.43731,43.86373,77.4
-73.43726,43.86409,80.8
-73.43724,43.86427,81.0
-73.43721,43.86444,79.7
-73.43719,43.86462,78.6
-73.43718,43.86471,77.7
-73.43717,43.8648,76.8
-73.43716,43.86498,74.8
-73.43716,43.86502,74.5
-73.43716,43.86517,73.8
-73.43718,43.86531,73.3
-73.43718,43.86534,73.2
-73.4372,43.86544,72.7
-73.43722,43.86552,72.4
-73.43723,43.86556,72.2
-73.43724,43.86557,72.1
-73.43727,43.86567,71.8
-73.43728,43.86569,71.7
-73.4373,43.86574,71.6
-73.43734,43.86584,71.6
-73.43739,43.86593,71.9
-73.43745,43.86604,72.4
-73.43754,43.86615,72.6
-73.43758,43.8662,72.7
-73.43761,43.86624,72.8
-73.43771,43.86635,73.6
-73.43789,43.86652,76.4
-73.43796,43.86659,77.1
-73.43816,43.86676,78.0
-73.43817,43.86677,78.0
-73.43849,43.86705,79.3
-73.43865,43.86719,79.6
-73.43878,43.86729,79.7
-73.43882,43.86732,79.7
-73.43935,43.86779,80.4
-73.43971,43.8681,80.9
-73.4398,43.86818,81.0
-73.44018,43.86852,81.2
-73.44034,43.86866,81.1
-73.44109,43.86935,80.7
-73.44111,43.86937,80.7
-73.44126,43.86951,80.6
-73.44203,43.87021,78.4
-73.44209,43.87026,78.2
-73.44301,43.87112,77.4
-73.44311,43.8712,77.5
-73.44342,43.87149,76.9
-73.44357,43.87163,76.3
-73.44368,43.87176,75.5
-73.44388,43.87198,74.5
-73.44406,43.87222,74.0
-73.44414,43.87233,73.9
-73.44417,43.87238,73.9
-73.44429,43.87254,73.5
-73.44451,43.87286,72.6
-73.44474,43.87318,72.5
-73.44497,43.8735,72.7
-73.44542,43.87414,73.2
-73.44544,43.87418,73.3
-73.44581,43.87469,75.2
-73.44582,43.8747,75.3
-73.44597,43.8749,76.2
-73.44599,43.87494,76.3
-73.44621,43.87523,76.7
-73.44679,43.87596,77.7
-73.44718,43.87645,80.1
-73.44722,43.8765,80.4
-73.44729,43.87658,80.9
-73.44731,43.87661,81.0
-73.44756,43.87692,82.2
-73.44773,43.87713,83.0
-73.448,43.87749,85.1
-73.44803,43.87752,85.3
-73.44846,43.87807,88.3
-73.44858,43.87822,89.3
-73.44891,43.87864,91.7
-73.44899,43.87874,92.2
-73.44902,43.87879,92.5
-73.44914,43.87894,93.2
-73.44925,43.8791,93.9
-73.44936,43.87928,94.8
-73.44942,43.8794,95.5
-73.44944,43.87945,95.7
-73.44947,43.87955,95.9
-73.4495,43.87963,96.1
-73.44952,43.87971,96.2
-73.44955,43.87982,96.4
-73.44958,43.88005,97.3
-73.44959,43.88027,97.8
-73.44958,43.88041,97.9
-73.44956,43.88055,98.0
-73.44955,43.88061,98.1
-73.44951,43.88082,98.3
-73.44939,43.88132,98.9
-73.44917,43.88221,99.0
-73.44897,43.88301,98.3
-73.44895,43.88307,98.3
-73.44894,43.88314,98.3
-73.44889,43.88326,98.3
-73.44886,43.88335,98.4
-73.44883,43.88345,98.5
-73.44871,43.88376,99.0
-73.44853,43.88422,99.1
-73.44839,43.88456,99.9
-73.44821,43.88503,101.8
-73.44807,43.88536,101.7
-73.44803,43.88545,101.7
-73.44799,43.88552,101.7
-73.44796,43.88558,101.7
-73.44784,43.88575,102.6
-73.44779,43.88581,103.1
-73.4476,43.88605,103.1
-73.44753,43.88612,103.0
-73.4474,43.88627,102.9
-73.44725,43.88643,102.9
-73.44712,43.88657,102.9
-73.44684,43.88687,103.0
-73.44646,43.88728,102.6
-73.44635,43.8874,102.6
-73.44609,43.8877,102.7
-73.4459,43.88793,102.5
-73.44577,43.88808,102.4
-73.44564,43.88824,102.5
-73.44563,43.88825,102.5
-73.44551,43.88839,102.6
-73.44538,43.88854,102.5
-73.44499,43.88901,101.6
-73.44498,43.88902,101.6
-73.44473,43.88931,100.8
-73.4446,43.88947,100.3
-73.44446,43.88963,99.4
-73.44435,43.88977,97.8
-73.44433,43.88979,97.5
-73.44421,43.88993,96.6
-73.44406,43.8901,96.4
-73.44394,43.89023,96.2
-73.44381,43.89038,96.2
-73.44379,43.8904,96.2
-73.44365,43.89054,96.1
-73.44356,43.89063,96.1
-73.44352,43.89067,96.2
-73.44351,43.89069,96.2
-73.44337,43.89082,96.3
-73.44335,43.89084,96.4
-73.44321,43.89096,96.2
-73.44305,43.8911,95.7
-73.44304,43.89111,95.6
-73.44289,43.89123,94.1
-73.44271,43.89137,92.7
-73.44251,43.89152,91.2
-73.44237,43.89162,90.4
-73.44232,43.89165,90.2
-73.44218,43.89174,89.7
-73.44206,43.89182,89.2
-73.44199,43.89186,88.7
-73.44198,43.89187,88.6
-73.44182,43.89196,86.9
-73.4418,43.89198,86.7
-73.44161,43.89209,85.0
-73.4416,43.8921,84.9
-73.44142,43.89221,84.2
-73.44141,43.89222,84.2
-73.44125,43.89231,83.7
-73.44094,43.89251,83.6
-73.44069,43.89267,84.4
-73.44067,43.89268,84.4
-73.44032,43.89294,82.1
-73.44031,43.89295,82.1
-73.43998,43.8932,79.2
-73.4399,43.89326,78.5
-73.43979,43.89334,77.6
-73.43928,43.89373,72.4
-73.43894,43.894,72.5
-73.43871,43.89418,72.4
-73.43808,43.89465,70.4
-73.43786,43.89481,69.9
-73.43762,43.89498,69.1
-73.43734,43.89517,67.8
-73.43712,43.89531,66.8
-73.43685,43.89547,66.0
-73.43666,43.89558,65.6
-73.43661,43.89561,65.5
-73.43581,43.89605,64.7
-73.43504,43.89643,62.7
-73.43463,43.89664,61.3
-73.43443,43.89674,60.4
-73.43424,43.89683,59.8
-73.43402,43.89694,59.2
-73.43278,43.89755,57.0
-73.43218,43.89784,56.1
-73.43175,43.89806,55.5
-73.43155,43.89816,55.4
-73.43155,43.89817,55.4
-73.43075,43.89859,55.4
-73.43051,43.89873,55.2
-73.43024,43.8989,53.8
-73.43,43.89907,52.3
-73.42974,43.89927,50.6
-73.42947,43.89948,48.9
-73.42921,43.8997,46.9
-73.42893,43.89996,44.5
-73.42865,43.90025,42.5
-73.42858,43.90032,42.2
-73.42837,43.90055,41.0
-73.42815,43.90082,39.4
-73.42793,43.90114,38.4
-73.42743,43.90187,38.1
-73.42732,43.90209,37.6
-73.42719,43.90241,36.5
-73.42712,43.90257,36.2
-73.427114,43.902569,36.2
-73.42705,43.90272,36.1
-73.42674,43.90357,35.7
-73.42643,43.90442,34.2
-73.42611,43.90527,33.7
-73.4258,43.90612,33.5
-73.42549,43.90698,32.5
-73.42518,43.90783,31.0
-73.42486,43.90868,30.2
-73.42455,43.90941,30.2
-73.42416,43.91022,31.1
-73.42391,43.91065,31.8
-73.42367,43.91108,32.4
-73.42322,43.91174,33.6
-73.42266,43.91248,34.5
-73.4221,43.91322,35.8
-73.42155,43.91395,35.8
-73.42123,43.91442,38.8
-73.42091,43.91506,37.6
-73.42072,43.9156,39.8
-73.42052,43.91614,41.7
-73.4204,43.91667,42.9
-73.42034,43.91712,42.1
-73.42029,43.91779,41.1
-73.42031,43.91831,40.9
-73.42037,43.91862,40.7
-73.42059,43.9194,40.9
-73.42081,43.92017,41.1
-73.42088,43.92048,41.2
-73.42095,43.92135,40.9
-73.42092,43.92196,38.4
-73.42081,43.92267,36.0
-73.4206,43.92338,36.6
-73.42042,43.92385,37.4
-73.42003,43.92458,35.2
-73.41965,43.92532,35.1
-73.41942,43.9257,34.7
-73.41926,43.92592,34.7
-73.41888,43.9264,34.7
-73.41849,43.92688,34.2
-73.41833,43.9272,34.2
-73.41827,43.92736,34.2
-73.41809,43.928,34.0
-73.41791,43.92864,34.4
-73.41773,43.92927,36.9
-73.41769,43.92949,37.0
-73.41769,43.92984,37.3
-73.41775,43.93015,42.1
-73.41784,43.93045,43.7
-73.41816,43.9311,46.5
-73.41853,43.93176,49.7
-73.41867,43.93214,50.8
-73.41872,43.93243,50.8
-73.4188,43.93316,51.2
-73.41891,43.93398,53.8
-73.41903,43.9348,58.8
-73.41915,43.93563,59.4
-73.41923,43.93604,59.0
-73.41939,43.93651,57.4
-73.41954,43.93698,55.0
-73.4196,43.9373,55.0
-73.4196,43.93752,55.1
-73.41957,43.93786,52.9
-73.4195,43.93812,53.1
-73.4192,43.93874,53.1
-73.41876,43.93945,48.0
-73.41832,43.94016,42.8
-73.41809,43.94062,44.5
-73.4179,43.9411,44.4
-73.41778,43.94153,44.2
-73.4177,43.94208,44.1
-73.41767,43.94271,41.4
-73.41766,43.94349,40.5
-73.41766,43.94428,41.8
-73.41765,43.94507,41.7
-73.41765,43.94585,41.0
-73.41764,43.94664,40.7
-73.41765,43.94712,40.4
-73.41766,43.94761,39.8
-73.41772,43.94791,40.0
-73.41779,43.94812,40.1
-73.418,43.94865,40.7
-73.41812,43.94887,40.8
-73.41849,43.94943,41.4
-73.41877,43.94982,42.7
-73.41897,43.95004,43.9
-73.41935,43.95031,45.7
-73.41981,43.95052,47.7
-73.41998,43.95057,48.5
-73.42032,43.95064,49.6
-73.42055,43.95067,50.2
-73.42094,43.95067,51.3
-73.42206,43.9506,54.1
-73.42317,43.95053,55.7
-73.42429,43.95046,54.9
-73.42455,43.95046,55.5
-73.42534,43.95052,57.0
-73.42604,43.95059,55.7
-73.42675,43.95067,55.0
-73.42786,43.95081,57.4
-73.42897,43.95095,59.8
-73.43008,43.95109,61.2
-73.43119,43.95123,63.1
-73.43152,43.95132,63.3
-73.43177,43.95148,62.9
-73.43181,43.95152,62.8
-73.43191,43.95178,61.8
-73.432,43.95245,58.0
-73.43207,43.95275,55.9
-73.43219,43.95304,54.0
-73.43251,43.9536,50.3
-73.43278,43.95403,44.8
-73.43294,43.95445,39.2
-73.43298,43.95472,38.1
-73.43296,43.95494,36.7
-73.43289,43.95518,31.7
-73.43283,43.95532,31.0
-73.43267,43.95555,31.0
-73.43242,43.95584,30.7
-73.43182,43.95644,30.8
-73.43168,43.95661,31.1
-73.43151,43.95684,30.9
-73.43105,43.95757,35.7
-73.43059,43.95829,46.0
-73.43045,43.95855,48.3
-73.43031,43.9589,52.4
-73.43017,43.95932,55.0
-73.43013,43.95975,56.9
-73.43015,43.96008,58.4
-73.43021,43.96047,59.7
-73.43035,43.96122,66.1
-73.4305,43.96197,68.8
-73.43064,43.96271,69.0
-73.43079,43.96346,69.5
-73.43087,43.96379,69.4
-73.431,43.96414,69.0
-73.4313,43.96475,69.5
-73.43159,43.96536,68.5
-73.43177,43.96563,69.8
-73.43205,43.96593,71.1
-73.43261,43.96642,72.5
-73.43317,43.96691,74.0
-73.43391,43.96755,74.2
-73.43466,43.96819,73.8
-73.43541,43.96883,75.1
-73.43616,43.96947,72.8
-73.43691,43.97012,71.4
-73.43766,43.97076,68.4
-73.43841,43.9714,66.7
-73.43913,43.97202,68.8
-73.43985,43.97265,67.9
-73.44057,43.97328,68.8
-73.4413,43.97391,67.1
-73.44202,43.97453,64.9
-73.44274,43.97516,61.8
-73.44328,43.9756,59.9
-73.44401,43.97615,56.7
-73.44476,43.97674,52.5
-73.4455,43.97733,56.4
-73.44612,43.97776,57.6
-73.44673,43.97818,56.4
-73.4471,43.97848,54.8
-73.44743,43.97877,52.9
-73.44806,43.97943,48.6
-73.44818,43.97959,48.1
-73.44836,43.97988,47.3
-73.44845,43.98009,46.7
-73.44849,43.98033,46.1
-73.44852,43.98058,45.2
-73.44845,43.98114,44.2
-73.44833,43.98199,42.5
-73.44821,43.98285,41.4
-73.44809,43.98371,40.2
-73.44796,43.98456,38.7
-73.44797,43.98481,38.2
-73.44801,43.98503,37.9
-73.44807,43.9852,37.7
-73.44825,43.98554,37.5
-73.44885,43.9863,36.9
-73.44945,43.98707,36.5
-73.45006,43.98784,36.2
-73.45051,43.98841,35.9
-73.45097,43.98898,37.4
-73.45143,43.98955,39.9
-73.45197,43.99024,40.9
-73.45215,43.99051,41.2
-73.45254,43.9913,39.2
-73.45294,43.99208,38.3
-73.45333,43.99286,38.9
-73.45373,43.99365,38.2
-73.45404,43.99429,36.3
-73.45435,43.99494,38.3
-73.45467,43.99559,40.0
-73.45476,43.99587,39.7
-73.45482,43.99617,39.0
-73.45486,43.99675,38.5
-73.4549,43.99734,39.2
-73.45494,43.99758,39.3
-73.45501,43.99781,39.3
-73.45538,43.99864,34.9
-73.45558,43.99923,32.8
-73.45566,43.99966,34.0
-73.4557,44.00038,34.2
-73.45575,44.0011,34.2
-73.45579,44.00182,34.2
-73.4559,44.00252,34.3
-73.456,44.00322,34.3
-73.45612,44.0037,34.3
-73.4564,44.00451,34.3
-73.45668,44.00531,34.3
-73.45696,44.00612,34.3
-73.45715,44.0067,35.4
-73.45722,44.0071,37.7
-73.45723,44.00729,39.8
-73.4572,44.00772,40.7
-73.45708,44.00827,45.1
-73.45692,44.00886,52.2
-73.45666,44.00965,53.6
-73.45642,44.0103,51.5
-73.45618,44.01096,45.0
-73.45594,44.01161,45.8
-73.45583,44.01197,42.9
-73.45579,44.01218,42.4
-73.45575,44.01277,41.6
-73.45577,44.01311,40.2
-73.45584,44.01351,34.2
-73.45595,44.01389,33.8
-73.45611,44.01427,33.8
-73.45653,44.01507,33.7
-73.45664,44.0154,33.8
-73.45669,44.01566,34.1
-73.45672,44.01648,38.0
-73.45674,44.01661,39.2
-73.45698,44.01746,41.2
-73.45711,44.01804,41.3
-73.45737,44.01873,39.5
-73.45742,44.01893,38.4
-73.45743,44.01913,38.6
-73.45739,44.01942,39.1
-73.45715,44.0202,38.1
-73.4569,44.02099,37.0
-73.45668,44.02177,36.6
-73.45663,44.02204,36.6
-73.45661,44.02227,36.6
-73.45664,44.02254,36.9
-73.4568,44.02339,36.9
-73.45691,44.02373,36.8
-73.45703,44.02399,36.7
-73.45735,44.02451,36.2
-73.45767,44.02498,36.1
-73.458,44.02544,37.2
-73.45816,44.02564,37.3
-73.4584,44.02588,37.4
-73.4588,44.02626,37.1
-73.45935,44.02688,36.8
-73.45964,44.02727,37.0
-73.45983,44.02757,37.2
-73.45998,44.02792,36.6
-73.46014,44.02839,36.2
-73.4603,44.02885,36.5
-73.46054,44.02946,36.9
-73.46078,44.03007,37.3
-73.46096,44.03056,37.1
-73.46114,44.03106,36.4
-73.46126,44.03133,36.2
-73.46151,44.03173,36.5
-73.46179,44.03214,35.4
-73.46207,44.03256,33.8
-73.46231,44.03296,34.1
-73.46241,44.03318,34.2
-73.46248,44.03341,34.3
-73.46249,44.03364,34.3
-73.46246,44.03393,34.6
-73.46239,44.03412,36.3
-73.46201,44.03476,35.8
-73.46195,44.03493,35.4
-73.4619,44.03517,35.1
-73.46187,44.03565,32.4
-73.46184,44.03633,33.4
-73.46182,44.037,35.7
-73.46182,44.03782,37.6
-73.46181,44.03865,34.7
-73.46178,44.03892,34.0
-73.4617,44.03921,34.2
-73.46137,44.03999,36.9
-73.46104,44.04077,36.0
-73.46074,44.04161,36.6
-73.4606,44.04187,36.6
-73.46017,44.04248,36.0
-73.45989,44.04295,36.2
-73.45976,44.04325,38.6
-73.45961,44.04371,42.7
-73.45954,44.04421,45.8
-73.45955,44.04509,51.0
-73.45957,44.04596,57.0
-73.45958,44.04683,65.6
-73.4596,44.0477,72.2
-73.45961,44.04858,72.6
-73.45959,44.04879,72.4
-73.45954,44.04888,72.1
-73.45949,44.04893,71.7
-73.45899,44.04918,67.3
-73.45875,44.04934,64.8
-73.45864,44.04947,62.6
-73.45856,44.04959,61.2
-73.4585,44.04978,59.1
-73.45846,44.04996,57.3
-73.45849,44.05048,51.3
-73.45851,44.05101,44.4
-73.45848,44.05108,43.5
-73.45842,44.05116,42.5
-73.45812,44.05136,38.3
-73.45741,44.0518,33.9
-73.45669,44.05223,34.0
-73.45658,44.05235,34.0
-73.45653,44.05244,34.0
-73.45651,44.05253,34.1
-73.45651,44.05269,34.3
-73.45666,44.05337,37.1
-73.45666,44.05348,37.2
-73.45662,44.05371,40.1
-73.45647,44.05397,43.6
-73.45638,44.05407,45.1
-73.45625,44.05419,47.0
-73.4561,44.05429,48.8
-73.45545,44.05465,56.3
-73.4548,44.055,56.2
-73.45473,44.05505,56.2
-73.45461,44.05518,56.2
-73.45452,44.05535,56.3
-73.45448,44.0555,56.8
-73.45445,44.0561,57.8
-73.4544,44.05638,57.7
-73.45414,44.05714,56.9
-73.454,44.05758,56.3
-73.45395,44.05788,61.4
-73.45393,44.05821,65.0
-73.45394,44.05845,66.7
-73.45414,44.05915,71.1
-73.45435,44.05975,72.4
-73.4544,44.06,73.4
-73.45446,44.06058,77.0
-73.45446,44.0614,83.8
-73.45436,44.06191,88.8
-73.45432,44.06228,91.0
-73.45433,44.06289,94.0
-73.45435,44.06306,95.5
-73.45447,44.06353,99.6
-73.45457,44.06381,101.1
-73.45472,44.0641,102.2
-73.45509,44.06465,105.0
-73.45546,44.06519,107.7
-73.45565,44.06559,110.5
-73.45571,44.06578,112.1
-73.45584,44.06641,117.4
-73.45596,44.06704,119.3
-73.45609,44.06767,123.7
-73.45612,44.06796,124.8
-73.45611,44.06836,122.4
-73.45606,44.069,120.7
-73.456,44.06965,120.5
-73.45598,44.0702,120.0
-73.45603,44.07088,120.3
-73.45613,44.07141,121.2
-73.45623,44.07195,119.8
-73.4563,44.07259,120.1
-73.45638,44.07324,124.8
-73.4565,44.07387,122.2
-73.45663,44.07441,120.2
-73.45677,44.07496,115.7
-73.45681,44.07524,114.3
-73.4568,44.07552,111.5
-73.45677,44.07579,109.5
-73.45669,44.0761,109.6
-73.45644,44.07676,115.1
-73.45618,44.07742,121.3
-73.45606,44.07781,123.5
-73.45603,44.07804,125.2
-73.45604,44.0784,127.3
-73.45615,44.07913,132.0
-73.45627,44.07978,136.8
-73.45635,44.07998,137.9
-73.45655,44.08033,140.7
-73.45674,44.08054,143.3
-73.45698,44.08074,144.3
-73.45751,44.08112,145.0
-73.45773,44.0813,145.7
-73.45791,44.0815,148.3
-73.45806,44.08172,148.4
-73.45818,44.08197,148.3
-73.45825,44.08216,148.0
-73.45834,44.08253,148.3
-73.45837,44.0829,150.1
-73.45838,44.08335,150.5
-73.45835,44.08403,148.9
-73.45832,44.0847,148.1
-73.45822,44.08517,145.7
-73.45814,44.08538,145.1
-73.45803,44.08559,144.7
-73.45755,44.08622,142.6
-73.45712,44.08671,143.0
-73.4567,44.08719,144.4
-73.45632,44.08765,147.9
-73.45594,44.08811,144.6
-73.45549,44.08862,138.8
-73.45516,44.08894,136.5
-73.45457,44.08938,133.1
-73.45403,44.08973,130.3
-73.45342,44.09008,127.1
-73.45245,44.09052,121.3
-73.45207,44.09072,117.9
-73.45176,44.09091,114.8
-73.45147,44.09116,111.6
-73.45096,44.09168,105.1
-73.45028,44.0924,99.7
-73.44961,44.09313,100.5
-73.44898,44.09388,93.4
-73.44835,44.09463,85.7
-73.44773,44.09539,78.4
-73.44762,44.09555,77.5
-73.44747,44.09585,75.3
-73.4474,44.09604,72.9
-73.44735,44.09626,70.3
-73.44731,44.09658,66.2
-73.44735,44.09698,62.4
-73.44755,44.09765,57.8
-73.44776,44.09832,54.3
-73.44788,44.09889,48.7
-73.44795,44.09934,43.5
-73.44802,44.09979,38.6
-73.44811,44.1001,37.2
-73.4484,44.1006,34.9
-73.44869,44.1011,32.0
-73.44882,44.10138,32.0
-73.44902,44.10186,34.0
-73.44906,44.10207,35.9
-73.44907,44.10231,37.6
-73.44905,44.10254,38.3
-73.44892,44.1029,41.7
-73.44878,44.10319,44.1
-73.44869,44.10332,45.2
-73.44846,44.10361,46.2
-73.44804,44.10407,48.1
-73.44763,44.10452,52.9
-73.44752,44.10466,54.6
-73.447,44.10544,60.3
-73.44664,44.10584,64.6
-73.44649,44.106,65.6
-73.44621,44.10623,65.8
-73.44605,44.10635,65.8
-73.44582,44.10646,65.7
-73.44559,44.10655,66.3
-73.44525,44.10663,68.6
-73.44477,44.10668,72.0
-73.44353,44.10674,76.5
-73.44308,44.10678,77.0
-73.44222,44.10688,76.9
-73.44136,44.10698,76.0
-73.44058,44.10714,71.8
-73.44002,44.10733,67.3
-73.43945,44.10759,63.7
-73.43915,44.10777,63.4
-73.43845,44.10822,61.7
-73.43778,44.1087,60.2
-73.43719,44.10918,54.2
-73.43677,44.10954,52.5
-73.4363,44.10996,49.1
-73.43584,44.11038,47.0
-73.43533,44.11082,44.1
-73.43482,44.11126,42.1
-73.43431,44.11177,40.5
-73.43399,44.11214,35.8
-73.43344,44.11292,35.7
-73.43304,44.11364,38.7
-73.43275,44.11432,42.5
-73.4326,44.11476,44.5
-73.43247,44.11536,45.5
-73.43234,44.11596,47.1
-73.43225,44.11662,48.6
-73.43219,44.11751,48.6
-73.43212,44.11839,47.8
-73.43206,44.11928,48.2
-73.432,44.12017,49.7
-73.43193,44.12105,53.6
-73.43187,44.12194,57.7
-73.4318,44.12282,60.5
-73.43174,44.12371,61.8
-73.43168,44.1246,61.4
-73.43161,44.12548,66.1
-73.43156,44.12638,66.6
-73.4315,44.12728,68.2
-73.43144,44.12817,75.5
-73.43138,44.12907,80.6
-73.43135,44.12986,80.6
-73.43132,44.13066,80.9
-73.43129,44.13145,80.1
-73.43126,44.13225,80.8
-73.43123,44.13275,80.7
-73.4312,44.13326,80.2
-73.43116,44.13413,77.2
-73.43112,44.135,72.6
-73.4311,44.13573,68.5
-73.43108,44.13647,65.8
-73.43103,44.13721,63.1
-73.43099,44.13764,62.7
-73.43088,44.13838,62.1
-73.43072,44.13926,61.2
-73.43056,44.14014,61.8
-73.43041,44.14102,62.5
-73.43025,44.14183,61.7
-73.4301,44.14263,55.4
-73.42995,44.14344,61.9
-73.4298,44.14424,63.7
-73.42975,44.14478,63.7
-73.42969,44.14532,65.3
-73.42963,44.14621,65.5
-73.42957,44.1471,65.4
-73.4295,44.148,65.8
-73.42944,44.14889,67.0
-73.42938,44.14978,65.9
-73.42931,44.15067,67.7
-73.42925,44.15157,64.6
-73.42919,44.15227,71.4
-73.42913,44.15298,75.7
-73.42908,44.15368,78.4
-73.42902,44.15439,80.3
-73.42895,44.15518,80.7
-73.42888,44.15597,80.7
-73.42881,44.15676,79.2
-73.42874,44.15724,77.3
-73.42864,44.15773,77.8
-73.4285,44.15821,79.1
-73.42821,44.15891,80.0
-73.42776,44.15972,81.1
-73.42732,44.16054,81.1
-73.42688,44.16135,80.8
-73.42644,44.16216,80.3
-73.42599,44.16298,80.0
-73.42555,44.16379,80.0
-73.42511,44.16461,79.1
-73.42467,44.16542,77.5
-73.42445,44.16589,76.3
-73.42424,44.16636,75.3
-73.42406,44.16702,71.8
-73.42391,44.1677,70.0
-73.42377,44.16838,68.9
-73.42363,44.16906,66.0
-73.42349,44.16974,62.6
-73.42345,44.17005,60.4
-73.42345,44.17035,60.0
-73.42354,44.17077,57.4
-73.42364,44.17106,59.9
-73.42369,44.17116,60.3
-73.42385,44.17142,60.4
-73.42408,44.17172,60.5
-73.42442,44.17207,60.9
-73.42514,44.17276,65.1
-73.42585,44.17345,69.7
-73.42649,44.17402,67.7
-73.42717,44.17449,66.4
-73.42784,44.17496,62.9
-73.42851,44.17543,63.2
-73.42912,44.17588,63.6
-73.42935,44.17609,63.2
-73.42954,44.17629,63.0
-73.42979,44.17663,62.4
-73.43028,44.17745,56.4
-73.43077,44.17827,53.5
-73.43124,44.17909,52.8
-73.43172,44.17992,52.8
-73.4322,44.18075,51.8
-73.43268,44.18157,51.4
-73.43316,44.1824,51.1
-73.43338,44.18291,48.5
-73.43361,44.18323,47.3
-73.43379,44.1834,45.3
-73.43415,44.18363,37.8
-73.43506,44.18407,41.7
-73.43519,44.18422,43.9
-73.43542,44.18462,46.3
-73.435433,44.184647,46.5
-73.43544,44.18464,46.5
-73.43552,44.18481,47.3
-73.43559,44.18497,47.7
-73.43566,44.1851,47.8
-73.43574,44.18531,47.1
-73.43579,44.18544,46.2
-73.4358,44.18548,45.8
-73.43582,44.18554,45.2
-73.43584,44.18565,44.0
-73.43585,44.18572,43.4
-73.43585,44.1858,42.7
-73.43585,44.18602,41.5
-73.43584,44.18647,40.8
-73.43586,44.18725,37.6
-73.43577,44.18796,36.5
-73.43575,44.18814,36.0
-73.43574,44.18819,35.8
-73.43572,44.18832,35.5
-73.43571,44.18835,35.4
-73.43566,44.1885,34.8
-73.4356,44.18867,33.3
-73.43549,44.18901,32.6
-73.43541,44.18917,32.4
-73.43535,44.18932,32.0
-73.43534,44.18933,32.0
-73.43529,44.18944,31.5
-73.43528,44.1895,31.3
-73.43525,44.18965,31.8
-73.43525,44.18967,31.9
-73.43525,44.18968,32.0
-73.43525,44.18984,33.3
-73.43528,44.18998,33.9
-73.4353,44.19004,34.2
-73.43542,44.19038,37.4
-73.43546,44.19048,38.3
-73.43567,44.19088,40.7
-73.43571,44.19093,40.9
-73.43581,44.19109,41.4
-73.43606,44.19147,42.7
-73.43614,44.19158,43.3
-73.43638,44.1919,44.0
-73.43658,44.19219,46.1
-73.4367,44.19235,47.9
-73.4367,44.19237,48.2
-73.43678,44.19248,49.0
-73.43681,44.19251,49.3
-73.43703,44.19284,52.5
-73.4371,44.19294,53.8
-73.43714,44.193,54.5
-73.43733,44.19333,57.0
-73.43741,44.19347,57.6
-73.43743,44.19349,57.6
-73.43749,44.19363,58.2
-73.43761,44.19387,60.3
-73.43773,44.19418,63.5
-73.43777,44.19432,64.6
-73.43778,44.19436,65.0
-73.43781,44.19449,66.9
-73.43782,44.19453,67.3
-73.43784,44.19467,67.7
-73.43784,44.19472,67.8
-73.43786,44.1949,70.2
-73.43787,44.19498,71.5
-73.43789,44.19525,75.6
-73.4379,44.19529,76.1
-73.43794,44.19543,77.8
-73.43795,44.19547,78.3
-73.438,44.19556,78.7
-73.43801,44.1956,78.9
-73.43802,44.19561,79.0
-73.4381,44.19572,79.6
-73.43813,44.19576,80.0
-73.43819,44.19584,80.8
-73.43822,44.19588,81.3
-73.43826,44.19592,81.7
-73.43836,44.19603,82.7
-73.43839,44.19607,83.1
-73.43849,44.19618,83.7
-73.43853,44.19622,83.8
-73.43856,44.19625,83.9
-73.43863,44.19633,84.0
-73.43867,44.19637,83.9
-73.43906,44.19678,83.3
-73.43922,44.19697,84.2
-73.43932,44.19709,84.9
-73.43935,44.19712,85.1
-73.4398,44.19762,86.5
-73.44008,44.19793,88.1
-73.44021,44.19808,89.1
-73.44043,44.19827,90.8
-73.44054,44.19835,91.8
-73.44065,44.19843,92.7
-73.44073,44.19847,93.1
-73.44081,44.19852,93.4
-73.44092,44.19858,93.7
-73.44112,44.19869,94.0
-73.44156,44.19893,95.4
-73.44192,44.19912,95.7
-73.44213,44.19923,97.1
-73.44293,44.19966,98.8
-73.44313,44.19976,98.7
-73.44323,44.19981,98.5
-73.44333,44.19987,98.2
-73.44335,44.19988,98.2
-73.44354,44.20001,98.0
-73.44368,44.2001,97.9
-73.44398,44.20036,97.5
-73.44412,44.20052,96.6
-73.44421,44.20063,96.5
-73.44426,44.20069,96.6
-73.44475,44.20132,99.4
-73.44487,44.20148,99.5
-73.44511,44.20178,98.6
-73.44525,44.20194,97.3
-73.44534,44.20204,97.2
-73.44539,44.20209,97.0
-73.44547,44.20217,97.3
-73.44554,44.20224,98.3
-73.4457,44.20238,99.9
-73.44616,44.2028,102.9
-73.44632,44.20294,102.7
-73.44635,44.20296,102.6
-73.44647,44.20309,102.2
-73.44661,44.20323,101.7
-73.44667,44.20329,101.5
-73.44688,44.20354,101.5
-73.4469,44.20357,101.5
-73.44699,44.2037,101.5
-73.4471,44.20386,101.5
-73.44723,44.20406,101.6
-73.44742,44.20442,102.9
-73.44757,44.20469,103.6
-73.44767,44.20486,103.6
-73.44776,44.20503,103.6
-73.44785,44.20519,103.4
-73.44798,44.20543,102.8
-73.44803,44.20556,102.8
-73.44813,44.20588,103.0
-73.44815,44.20594,103.0
-73.44819,44.20606,102.7
-73.44829,44.20647,99.3
-73.44844,44.20675,98.0
-73.44853,44.20692,97.4
-73.4486,44.20707,97.1
-73.44861,44.20709,97.1
-73.44871,44.20726,96.7
-73.44898,44.20776,94.4
-73.44907,44.20793,93.9
-73.44925,44.20826,93.1
-73.44935,44.20843,92.8
-73.44944,44.2086,92.6
-73.44953,44.20876,92.3
-73.44962,44.20893,92.0
-73.44971,44.2091,91.8
-73.4498,44.20927,91.9
-73.44989,44.20943,92.4
-73.45008,44.20977,93.4
-73.45009,44.2098,93.4
-73.45016,44.20994,93.7
-73.45035,44.2103,95.7
-73.45043,44.21056,95.2
-73.45055,44.21134,96.5
-73.45058,44.21152,96.5
-73.45061,44.2117,96.0
-73.45063,44.21183,95.6
-73.45075,44.21229,95.5
-73.45085,44.21258,95.5
-73.4509,44.21273,95.5
-73.45091,44.21276,95.5
-73.451,44.21293,95.6
-73.45106,44.21305,95.2
-73.45109,44.21309,94.9
-73.45116,44.21318,93.6
-73.45132,44.21333,91.5
-73.45156,44.21351,89.9
-73.45191,44.21376,87.9
-73.45227,44.21402,90.5
-73.45264,44.21428,94.5
-73.45288,44.21446,94.5
-73.45297,44.21454,94.5
-73.45313,44.21467,94.2
-73.45323,44.21476,94.6
-73.45375,44.21522,95.9
-73.4545,44.21591,97.4
-73.45453,44.21594,97.5
-73.45475,44.21619,98.0
-73.45479,44.21625,98.1
-73.45513,44.21673,99.0
-73.45647,44.21856,102.2
-73.45691,44.21923,102.1
-73.45696,44.2193,102.4
-73.45705,44.21946,102.9
-73.45715,44.21963,103.7
-73.45754,44.22028,108.3
-73.45764,44.22046,109.5
-73.45773,44.22062,110.1
-73.45782,44.22079,109.9
-73.45791,44.22096,109.5
-73.45795,44.22102,109.4
-73.45809,44.2213,108.8
-73.45832,44.22177,108.0
-73.45883,44.22279,107.7
-73.45888,44.2229,107.9
-73.45891,44.22296,108.0
-73.45908,44.2233,108.3
-73.45922,44.22357,107.7
-73.45933,44.2238,106.8
-73.45958,44.22432,103.7
-73.45963,44.22442,103.4
-73.45985,44.22491,101.3
-73.45996,44.22517,99.0
-73.46,44.22528,98.4
-73.46002,44.22535,98.3
-73.46009,44.22552,97.9
-73.46012,44.2256,97.4
-73.46014,44.22563,97.1
-73.46017,44.22569,96.3
-73.46021,44.22576,95.5
-73.4603,44.22584,95.5
-73.46037,44.22591,95.9
-73.4604,44.22593,96.2
-73.46047,44.22597,96.5
-73.46058,44.22604,97.5
-73.46088,44.22618,100.8
-73.46089,44.22618,100.9
-73.46103,44.22623,101.0
-73.46104,44.22623,101.0
-73.46111,44.22625,100.6
-73.46117,44.22626,100.3
-73.46118,44.22626,100.3
-73.46127,44.22628,99.9
-73.46128,44.22628,99.9
-73.46136,44.22628,99.8
-73.46152,44.22628,97.9
-73.46195,44.22629,96.2
-73.46202,44.22631,96.0
-73.4621,44.22633,95.9
-73.46212,44.22633,96.1
-73.46228,44.22641,95.9
-73.46243,44.22652,95.6
-73.46248,44.22657,95.0
-73.46256,44.22665,93.1
-73.46259,44.22672,92.3
-73.46264,44.22682,91.9
-73.46266,44.22689,91.6
-73.46267,44.22692,91.5
-73.46271,44.22707,89.9
-73.46271,44.22708,89.6
-73.46274,44.22722,87.2
-73.46274,44.22725,87.2
-73.46274,44.22726,87.2
-73.46275,44.22734,88.0
-73.46274,44.22743,90.1
-73.46274,44.22744,90.4
-73.46273,44.22749,91.8
-73.46268,44.22759,91.8
-73.46267,44.2276,91.7
-73.46267,44.22761,91.7
-73.46255,44.22776,91.8
-73.46251,44.22782,92.1
-73.46243,44.22791,92.5
-73.46242,44.22792,92.5
-73.46229,44.22807,94.5
-73.46217,44.22821,96.3
-73.46216,44.22822,96.3
-73.46204,44.22838,96.7
-73.46192,44.22853,96.9
-73.46191,44.22853,96.8
-73.46191,44.22854,96.9
-73.46175,44.22879,96.6
-73.46171,44.22886,96.2
-73.46168,44.22892,96.3
-73.46155,44.2292,96.6
-73.46154,44.22921,96.6
-73.46136,44.22962,98.3
-73.46132,44.22968,98.3
-73.46125,44.22975,97.8
-73.4611,44.22984,96.2
-73.46096,44.22988,97.0
-73.46085,44.2299,97.7
-73.46072,44.22992,98.5
-73.46054,44.22993,99.5
-73.46013,44.22995,101.9
-73.4593,44.23002,106.8
-73.45855,44.23005,108.7
-73.4583,44.23006,108.7
-73.45819,44.23006,108.7
-73.45804,44.23006,108.7
-73.45779,44.23007,108.7
-73.45754,44.23007,108.3
-73.45729,44.23007,107.6
-73.45704,44.23008,106.2
-73.45699,44.23008,105.6
-73.45679,44.2301,104.2
-73.45661,44.23014,103.9
-73.4565,44.23018,103.9
-73.45634,44.23024,103.5
-73.45603,44.23043,103.0
-73.45596,44.23048,102.8
-73.45578,44.2306,101.9
-73.45577,44.23061,101.9
-73.4556,44.23073,100.2
-73.45542,44.23086,98.8
-73.45537,44.23089,98.7
-73.45524,44.23098,98.4
-73.45483,44.23127,94.8
-73.45471,44.23136,93.8
-73.45453,44.23149,91.7
-73.45436,44.23162,89.4
-73.45419,44.23175,88.2
-73.45413,44.23179,87.8
-73.45387,44.23199,87.9
-73.45359,44.23227,88.6
-73.45344,44.23242,88.6
-73.45315,44.23271,91.2
-73.45285,44.233,94.2
-73.4527,44.23315,96.2
-73.45213,44.23372,106.5
-73.45152,44.23431,113.0
-73.45149,44.23433,113.2
-73.45135,44.23444,114.7
-73.45119,44.23458,116.0
-73.45109,44.23466,116.8
-73.45102,44.23471,117.3
-73.45052,44.23512,122.3
-73.45005,44.23547,126.9
-73.45003,44.23548,126.9
-73.44988,44.2356,127.9
-73.44983,44.23564,128.3
-73.44972,44.23574,128.9
-73.44967,44.23578,129.0
-73.44957,44.23588,128.9
-73.44941,44.23602,128.9
-73.44936,44.23606,128.9
-73.44926,44.23616,128.8
-73.4491,44.2363,128.4
-73.44905,44.23634,128.3
-73.44894,44.23644,128.1
-73.4489,44.23648,128.0
-73.44879,44.23658,127.8
-73.44863,44.23672,127.4
-73.44848,44.23686,127.5
-73.44817,44.23715,127.6
-73.44816,44.23715,127.5
-73.44801,44.23729,127.2
-73.448,44.23729,127.1
-73.44789,44.2374,125.9
-73.44785,44.23742,125.4
-73.44783,44.23743,125.1
-73.44777,44.23748,124.2
-73.44755,44.23761,123.4
-73.44746,44.23765,123.2
-73.4469,44.23793,120.4
-73.44681,44.23798,119.4
-73.44678,44.238,119.2
-73.44675,44.23802,118.9
-73.44673,44.23803,118.7
-73.44667,44.23809,118.4
-73.44646,44.23833,117.6
-73.44627,44.23854,117.2
-73.44619,44.23863,116.9
-73.44613,44.23869,116.7
-73.44603,44.23877,116.2
-73.44601,44.23879,116.1
-73.44591,44.23886,115.6
-73.44582,44.23892,115.3
-73.44569,44.23899,115.2
-73.44558,44.23904,115.2
-73.44522,44.23919,115.4
-73.44466,44.23941,116.8
-73.44456,44.23945,117.4
-73.44434,44.23954,118.5
-73.4439,44.23971,119.6
-73.4437,44.23979,121.3
-73.44368,44.2398,121.4
-73.44346,44.23988,122.6
-73.44329,44.23995,122.6
-73.44324,44.23997,122.4
-73.44306,44.24005,122.0
-73.44302,44.24006,121.9
-73.44285,44.24013,120.7
-73.44259,44.24024,118.6
-73.44237,44.24033,117.5
-73.44198,44.24049,116.4
-73.44087,44.24091,110.1
-73.44082,44.24093,110.0
-73.4406,44.24101,109.5
-73.44038,44.24109,109.2
-73.44016,44.24118,108.8
-73.44011,44.2412,108.8
-73.43971,44.24135,108.5
-73.43949,44.24143,108.4
-73.43945,44.24145,108.4
-73.43944,44.24145,108.4
-73.43905,44.2416,108.3
-73.43882,44.24168,108.4
-73.43877,44.2417,108.4
-73.438,44.24199,109.9
-73.43722,44.24229,110.9
-73.43664,44.24252,111.3
-73.43554,44.24295,108.3
-73.43532,44.24303,107.8
-73.43509,44.24312,107.3
-73.43487,44.24321,107.0
-73.43461,44.24331,106.5
-73.43421,44.24347,105.8
-73.434,44.24355,105.5
-73.43378,44.24364,105.6
-73.43334,44.24382,105.6
-73.43289,44.24399,105.6
-73.43252,44.24414,105.4
-73.43223,44.24424,105.4
-73.43178,44.24439,106.7
-73.43109,44.24461,108.5
-73.4304,44.24483,111.6
-73.43032,44.24485,111.6
-73.43017,44.24491,112.0
-73.43009,44.24493,112.0
-73.42995,44.24499,112.5
-73.42976,44.24507,112.8
-73.42973,44.24508,112.7
-73.42956,44.24516,111.7
-73.42952,44.24518,111.3
-73.4294,44.24525,109.7
-73.42933,44.24529,109.0
-73.42918,44.24539,107.9
-73.42914,44.24541,107.6
-73.42896,44.24554,106.0
-73.42879,44.24567,103.9
-73.42861,44.2458,101.6
-73.42844,44.24593,99.4
-73.42795,44.24628,95.7
-73.42736,44.24668,91.4
-73.42704,44.2469,89.5
-73.42686,44.24703,88.0
-73.42668,44.24715,87.8
-73.4265,44.24728,87.8
-73.42643,44.24733,87.9
-73.42634,44.2474,88.7
-73.42632,44.24741,88.9
-73.42625,44.24747,90.5
-73.42618,44.24754,91.6
-73.42617,44.24755,91.7
-73.42612,44.2476,91.9
-73.42604,44.24768,91.8
-73.42599,44.24775,91.9
-73.42591,44.24785,92.0
-73.42579,44.24801,92.1
-73.42566,44.24818,92.2
-73.42557,44.24829,92.1
-73.42549,44.24838,92.1
-73.42539,44.24848,92.2
-73.4253,44.24856,92.4
-73.42524,44.24861,92.6
-73.42508,44.24875,93.3
-73.42475,44.24903,94.4
-73.42425,44.24946,98.7
-73.42411,44.24958,99.2
-73.42394,44.24971,99.4
-73.42378,44.24985,99.3
-73.42362,44.24999,99.0
-73.42359,44.25001,98.9
-73.42345,44.25012,98.5
-73.42328,44.25026,98.1
-73.42312,44.25039,97.8
-73.42295,44.25052,97.8
-73.42271,44.25072,97.2
-73.42261,44.25079,96.1
-73.42228,44.25106,94.3
-73.42211,44.25119,93.6
-73.42188,44.25137,92.4
-73.42177,44.25145,91.7
-73.42167,44.25152,90.9
-73.42159,44.25157,90.0
-73.42158,44.25158,89.9
-73.42151,44.25161,89.4
-73.42143,44.25165,88.8
-73.42137,44.25167,88.5
-73.42135,44.25168,88.4
-73.42128,44.2517,88.2
-73.42119,44.25173,88.0
-73.42103,44.25177,87.7
-73.42088,44.25179,87.3
-73.42083,44.25179,87.1
-73.42078,44.25179,86.9
-73.42071,44.2518,86.9
-73.42062,44.25179,86.7
-73.42054,44.25179,86.5
-73.42044,44.25178,86.2
-73.42032,44.25176,85.9
-73.42029,44.25175,85.8
-73.42005,44.25171,85.5
-73.41884,44.25147,86.2
-73.41859,44.25142,86.4
-73.41835,44.25138,86.4
-73.41794,44.2513,86.6
-73.41781,44.25127,86.4
-73.41768,44.25126,86.2
-73.41762,44.25126,86.1
-73.41753,44.25126,86.0
-73.4174,44.25126,85.7
-73.41725,44.25127,85.1
-73.41712,44.25129,84.6
-73.41699,44.25132,84.4
-73.41683,44.25135,84.1
-73.41665,44.25142,83.9
-73.41663,44.25143,83.8
-73.41648,44.2515,83.3
-73.41639,44.25155,82.6
-73.41626,44.25165,80.9
-73.41611,44.25179,79.8
-73.41606,44.25183,79.8
-73.41595,44.25193,79.8
-73.4158,44.25207,79.9
-73.41578,44.25209,79.9
-73.41565,44.25221,80.0
-73.41534,44.2525,81.9
-73.41504,44.25278,83.3
-73.41478,44.25302,83.7
-73.41458,44.25321,83.7
-73.41395,44.2538,82.3
-73.41368,44.25404,80.8
-73.41363,44.25408,80.8
-73.41316,44.2545,84.3
-73.41305,44.2546,84.9
-73.41304,44.25461,84.9
-73.41301,44.25464,84.9
-73.41273,44.25488,84.7
-73.41268,44.25492,84.4
-73.41252,44.25506,83.8
-73.41225,44.25529,83.3
-73.4122,44.25533,83.4
-73.4121,44.25542,83.6
-73.41208,44.25543,83.7
-73.41204,44.25547,83.8
-73.41164,44.25577,84.9
-73.41156,44.25582,84.9
-73.41152,44.25586,85.0
-73.41121,44.25608,85.1
-73.41117,44.25611,85.2
-73.41083,44.25636,85.1
-73.41081,44.25637,85.1
-73.41069,44.25647,85.1
-73.41065,44.25651,85.1
-73.41031,44.25677,85.0
-73.41025,44.25683,85.0
-73.41003,44.25701,84.6
-73.40998,44.25705,84.6
-73.40982,44.25718,84.3
-73.40953,44.25742,82.6
-73.40949,44.25745,82.5
-73.40939,44.25753,82.4
-73.40933,44.25759,82.6
-73.40924,44.25768,83.1
-73.40922,44.2577,83.3
-73.40918,44.25773,83.5
-73.40912,44.25779,83.9
-73.40905,44.25786,84.2
-73.40893,44.25798,84.8
-73.40809,44.25889,88.4
-73.40805,44.25893,88.6
-73.40792,44.25908,89.2
-73.40769,44.25932,90.1
-73.40768,44.25934,90.1
-73.40764,44.25938,90.1
-73.4075,44.25953,90.3
-73.40694,44.26013,90.9
-73.40684,44.26024,90.9
-73.40639,44.26073,90.7
-73.4059,44.26125,90.7
-73.40587,44.26128,90.7
-73.40583,44.26132,90.6
-73.40555,44.26162,90.7
-73.40485,44.26237,90.1
-73.40471,44.26252,90.1
-73.40425,44.26301,90.5
-73.40388,44.26342,90.7
-73.40378,44.26353,90.4
-73.40375,44.26357,90.2
-73.40351,44.26384,88.6
-73.40348,44.26388,88.4
-73.40306,44.26434,86.7
-73.40283,44.26457,84.6
-73.40246,44.26491,82.7
-73.40147,44.26587,77.3
-73.40111,44.26629,75.0
-73.40098,44.26646,74.2
-73.40096,44.26649,74.2
-73.40091,44.26655,74.7
-73.40081,44.26672,76.2
-73.40069,44.26695,77.0
-73.40058,44.26717,77.7
-73.40047,44.26741,78.0
-73.40034,44.26776,76.6
-73.40033,44.26782,75.9
-73.40031,44.26792,74.9
-73.40027,44.26809,76.0
-73.40025,44.26826,77.8
-73.40023,44.26872,78.3
-73.40022,44.26876,78.3
-73.40015,44.26944,78.5
-73.40013,44.26962,78.7
-73.40012,44.2698,80.0
-73.40011,44.26986,81.1
-73.40003,44.27066,82.9
-73.39997,44.27123,83.5
-73.39991,44.27177,84.0
-73.39987,44.27213,84.3
-73.39985,44.27231,84.4
-73.39983,44.27248,84.4
-73.39983,44.27249,84.4
-73.39981,44.27267,84.4
-73.39966,44.27428,82.9
-73.39963,44.27448,82.9
-73.3996,44.27461,82.9
-73.39958,44.27472,82.8
-73.39955,44.27489,82.7
-73.39951,44.27502,82.9
-73.39948,44.27513,83.0
-73.39946,44.27519,83.2
-73.39945,44.27524,83.2
-73.39938,44.27543,83.2
-73.39933,44.27556,82.8
-73.39927,44.27568,82.8
-73.39926,44.27571,82.8
-73.39893,44.27634,83.6
-73.39881,44.27654,83.6
-73.39869,44.27671,84.0
-73.39857,44.27686,84.5
-73.39853,44.27693,84.4
-73.39845,44.27702,84.4
-73.39833,44.27718,84.4
-73.3982,44.27733,84.5
-73.39774,44.27791,84.6
-73.39754,44.27819,85.3
-73.39744,44.27835,85.3
-73.39738,44.27845,85.1
-73.39738,44.27846,85.1
-73.39732,44.27856,84.9
-73.39726,44.27869,84.9
-73.39722,44.27881,84.9
-73.3972,44.27888,85.1
-73.39718,44.27896,85.4
-73.39715,44.27912,85.7
-73.39713,44.27932,85.8
-73.39712,44.27942,85.9
-73.39712,44.27956,85.7
-73.39713,44.27969,85.4
-73.39714,44.27981,85.1
-73.39718,44.27993,85.1
-73.39721,44.28004,85.1
-73.39721,44.28005,85.1
-73.39724,44.28015,85.2
-73.39726,44.28021,85.3
-73.3973,44.28029,85.4
-73.3974,44.28056,85.5
-73.39747,44.28073,84.9
-73.39748,44.28074,84.9
-73.39789,44.28172,80.9
-73.39805,44.28211,79.4
-73.39812,44.28228,78.7
-73.39828,44.28268,77.3
-73.39848,44.2832,79.1
-73.39861,44.2835,79.9
-73.39874,44.28384,80.1
-73.39876,44.28389,80.2
-73.39884,44.28407,80.3
-73.39893,44.28426,80.6
-73.39908,44.28454,80.6
-73.39909,44.28457,80.6
-73.39919,44.28473,80.5
-73.39926,44.28487,80.4
-73.39928,44.2849,80.4
-73.39969,44.28556,80.2
-73.40006,44.28606,80.3
-73.40029,44.28635,79.6
-73.40041,44.28651,78.6
-73.40053,44.28666,74.4
-73.40065,44.28682,76.4
-73.40078,44.28698,79.0
-73.40081,44.28702,79.2
-73.40091,44.28715,79.6
-73.40103,44.28729,79.8
-73.40129,44.28759,81.6
-73.4013,44.2876,81.6
-73.40154,44.28791,82.0
-73.40157,44.28794,82.0
-73.40177,44.28823,82.0
-73.40182,44.2883,82.0
-73.40188,44.28839,82.1
-73.40199,44.28855,82.3
-73.40209,44.28871,82.6
-73.40209,44.28872,82.7
-73.40218,44.28887,82.9
-73.40218,44.28888,82.9
-73.40225,44.28904,83.2
-73.40228,44.2891,83.4
-73.40232,44.28918,83.8
-73.40234,44.28922,84.1
-73.40237,44.2893,84.6
-73.4024,44.2894,84.9
-73.40243,44.28949,84.9
-73.40252,44.28985,85.0
-73.40257,44.29011,85.7
-73.40259,44.29017,85.8
-73.4026,44.29029,86.0
-73.40261,44.29033,86.0
-73.40263,44.29046,86.2
-73.40264,44.29059,86.4
-73.40264,44.2907,86.5
-73.40263,44.29136,88.0
-73.40262,44.29183,88.9
-73.40262,44.29208,89.4
-73.4026,44.29253,90.6
-73.40258,44.29298,91.2
-73.40257,44.29316,91.4
-73.40256,44.29334,91.7
-73.40256,44.29335,91.7
-73.40253,44.29355,91.8
-73.40248,44.29378,92.1
-73.40246,44.29388,92.1
-73.40234,44.29441,93.1
-73.40227,44.29473,94.3
-73.40223,44.29494,94.8
-73.40208,44.29565,95.9
-73.40204,44.29584,96.1
-73.40197,44.29621,96.2
-73.40195,44.2964,96.4
-73.40194,44.29655,96.5
-73.40193,44.29673,96.7
-73.40193,44.29678,96.7
-73.40193,44.29691,96.8
-73.40193,44.29707,96.9
-73.40193,44.29709,96.9
-73.40195,44.29739,96.7
-73.402,44.29816,96.1
-73.40201,44.29834,96.0
-73.40209,44.2996,96.3
-73.4021,44.29969,96.1
-73.4021,44.29978,96.1
-73.40212,44.29996,95.8
-73.40218,44.30104,93.9
-73.4022,44.30122,93.9
-73.40222,44.30158,94.0
-73.40223,44.30176,94.0
-73.40231,44.30284,92.4
-73.40233,44.3032,92.7
-73.40234,44.30337,92.8
-73.40235,44.30345,92.8
-73.40235,44.30359,92.8
-73.40235,44.30369,92.7
-73.40235,44.30373,92.6
-73.40235,44.30377,92.6
-73.40234,44.30384,92.6
-73.40232,44.30389,92.7
-73.4023,44.30395,92.7
-73.40227,44.304,92.9
-73.4022,44.3041,93.1
-73.40205,44.3042,93.8
-73.40194,44.30425,94.3
-73.40133,44.30445,98.1
-73.40098,44.30457,99.6
-73.40088,44.3046,100.0
-73.40042,44.30475,101.4
-73.40019,44.30482,101.6
-73.4001,44.30485,101.6
-73.39996,44.30489,101.5
-73.39974,44.30495,101.4
-73.39972,44.30496,101.4
-73.39949,44.30502,100.6
-73.39944,44.30503,100.4
-73.39925,44.30507,99.7
-73.39901,44.30513,98.9
-73.39877,44.30519,97.6
-73.39861,44.30523,96.3
-73.39853,44.30525,95.6
-73.39758,44.30546,90.2
-73.3971,44.30556,87.6
-73.39709,44.30556,87.6
-73.39684,44.3056,86.4
-73.39663,44.30563,85.7
-73.3966,44.30564,85.6
-73.3961,44.30569,84.7
-73.39585,44.30572,84.2
-73.39536,44.30577,83.4
-73.39511,44.3058,83.0
-73.39486,44.30583,82.6
-73.39461,44.30586,82.3
-73.39436,44.30589,82.0
-73.39362,44.30597,81.0
-73.39337,44.306,80.6
-73.39312,44.30602,80.3
-73.39287,44.30605,79.9
-73.39227,44.30612,80.3
-73.39085,44.30622,82.4
-73.39018,44.30627,83.4
-73.39004,44.30628,83.6
-73.38954,44.30632,84.4
-73.38929,44.30634,84.7
-73.38879,44.30638,88.3
-73.38821,44.30643,92.0
-73.38804,44.30644,93.0
-73.38754,44.30649,96.1
-73.38715,44.30652,98.5
-73.38704,44.30653,99.1
-73.38629,44.30661,102.6
-73.38555,44.30668,104.4
-73.38528,44.30671,104.5
-73.38505,44.30673,104.4
-73.3848,44.30675,104.1
-73.38403,44.30683,103.4
-73.3833,44.3069,104.0
-73.3831,44.30692,104.4
-73.38231,44.30699,105.1
-73.38156,44.30706,104.9
-73.38081,44.30713,103.5
-73.38052,44.30715,103.3
-73.38033,44.30716,102.1
-73.38031,44.30716,101.8
-73.38022,44.30716,100.8
-73.38006,44.30717,99.7
-73.37987,44.30717,98.5
-73.37964,44.30717,96.8
-73.37956,44.30717,96.3
-73.37949,44.30717,95.8
-73.37931,44.30717,94.3
-73.379,44.30717,91.6
-73.3788,44.30716,90.5
-73.37855,44.30716,88.2
-73.37827,44.30716,86.1
-73.37742,44.30715,78.7
-73.37704,44.30715,76.3
-73.37686,44.30715,75.5
-73.37679,44.30716,75.1
-73.37654,44.30717,72.7
-73.37627,44.30719,70.8
-73.37604,44.30721,69.2
-73.37601,44.30721,69.0
-73.37579,44.30723,66.5
-73.37554,44.30725,65.5
-73.3753,44.30728,64.7
-73.37503,44.30731,63.3
-73.37435,44.30739,61.5
-73.3732,44.30754,60.6
-73.37304,44.30756,60.5
-73.37248,44.30766,60.0
-73.37247,44.30766,59.9
-73.3724,44.30767,59.9
-73.37222,44.3077,59.6
-73.37076,44.30796,58.6
-73.3707,44.30797,58.6
-73.37067,44.30798,58.6
-73.37052,44.30801,58.5
-73.37031,44.30804,58.3
-73.37003,44.30809,58.2
-73.36989,44.30811,58.1
-73.36923,44.3082,57.6
-73.36848,44.30829,56.8
-73.36845,44.3083,56.7
-73.3683,44.30832,56.6
-73.36805,44.30835,56.2
-73.36804,44.30835,56.2
-73.3678,44.30837,55.9
-73.36758,44.30839,55.7
-73.36691,44.30844,54.8
-73.36624,44.30849,54.5
-73.36621,44.30849,54.5
-73.36605,44.30851,54.4
-73.36594,44.30851,54.5
-73.36399,44.30869,53.6
-73.3638,44.3087,53.6
-73.36374,44.30871,53.6
-73.36371,44.30871,53.6
-73.36297,44.30877,53.9
-73.36256,44.30881,54.1
-73.36249,44.30882,54.1
-73.36247,44.30882,54.1
-73.36246,44.30882,54.1
-73.36218,44.30884,54.1
-73.36206,44.30886,54.1
-73.36148,44.30891,54.1
-73.36085,44.30897,54.0
-73.36081,44.30897,53.9
-73.36063,44.30899,53.8
-73.3601,44.30904,53.6
-73.35982,44.30907,53.4
-73.3596,44.30909,53.1
-73.35941,44.30911,52.8
-73.35932,44.30912,52.6
-73.35909,44.30914,52.1
-73.35907,44.30915,52.0
-73.35881,44.30919,51.1
-73.35848,44.30924,50.2
-73.35798,44.30932,49.1
-73.35794,44.30933,49.0
-73.35784,44.30935,48.6
-73.35763,44.30938,47.7
-73.35744,44.30942,46.6
-73.35736,44.30943,46.2
-73.35711,44.30947,45.8
-73.35708,44.30947,45.9
-73.35682,44.30951,46.8
-73.35661,44.30953,48.1
-73.35654,44.30953,48.1
-73.35636,44.30955,47.0
-73.35633,44.30955,47.0
-73.35601,44.30956,44.9
-73.3559,44.30957,44.5
-73.35557,44.30957,43.6
-73.35536,44.30958,42.6
-73.35511,44.30958,40.8
-73.35476,44.30958,40.9
-73.35437,44.3096,41.9
-73.35411,44.30961,42.1
-73.35385,44.30963,42.0
-73.3538,44.30964,41.9
-73.35356,44.30966,41.8
-73.35311,44.30971,41.1
-73.35171,44.30984,35.6
-73.351708,44.309854,35.5
-73.35171,44.30986,35.5
-73.35188,44.31065,30.4
-73.35183,44.31104,30.5
-73.35172,44.31125,31.8
-73.35149,44.31155,35.2
-73.35096,44.31219,35.0
-73.35043,44.31282,30.9
-73.35016,44.31319,30.7
-73.3498,44.31387,33.2
-73.34959,44.31438,34.8
-73.34943,44.31488,36.8
-73.34929,44.31541,39.8
-73.34925,44.31587,44.0
-73.3492,44.31633,45.3
-73.34916,44.31697,45.2
-73.34913,44.31761,45.4
-73.34909,44.31825,47.9
-73.34907,44.31914,50.4
-73.34909,44.31933,50.5
-73.34915,44.31966,50.6
-73.34935,44.32022,50.9
-73.34966,44.32078,50.8
-73.34993,44.3212,50.5
-73.3502,44.32161,50.0
-73.35069,44.32233,48.3
-73.35117,44.32305,48.8
-73.35153,44.32353,50.7
-73.35199,44.32423,55.4
-73.35246,44.32493,56.5
-73.35292,44.32562,57.4
-73.35339,44.32632,57.3
-73.35372,44.32687,57.4
-73.35406,44.32741,58.1
-73.3544,44.32796,58.7
-73.35468,44.32844,58.2
-73.35495,44.32893,57.0
-73.35535,44.32971,57.0
-73.35575,44.3305,55.9
-73.35615,44.33129,54.7
-73.35656,44.33208,49.8
-73.35696,44.33287,48.2
-73.35737,44.33369,47.4
-73.35779,44.33452,48.2
-73.3582,44.33534,47.5
-73.35862,44.33617,46.9
-73.35903,44.337,47.0
-73.35945,44.33782,45.7
-73.35986,44.33865,46.3
-73.36028,44.33947,48.6
-73.36069,44.3403,50.7
-73.36111,44.34113,54.6
-73.36128,44.34155,55.7
-73.36147,44.34221,56.5
-73.36166,44.34286,58.3
-73.36184,44.34361,60.1
-73.36193,44.34413,60.3
-73.36201,44.34494,60.7
-73.36209,44.34574,61.3
-73.36217,44.34654,61.7
-73.36225,44.34735,61.3
-73.36232,44.3477,60.9
-73.36245,44.34816,60.2
-73.3627,44.34891,57.8
-73.36295,44.34966,56.4
-73.36311,44.35002,55.6
-73.36355,44.3507,53.2
-73.36385,44.35102,51.9
-73.36426,44.35137,50.8
-73.36493,44.35183,50.1
-73.36543,44.35208,50.8
-73.36654,44.35249,51.2
-73.36733,44.35276,51.3
-73.36813,44.35302,51.0
-73.36892,44.35329,51.1
-73.36977,44.35348,50.9
-73.37093,44.35368,51.2
-73.37209,44.35389,51.5
-73.37325,44.3541,51.9
-73.37426,44.35428,51.9
-73.37528,44.35447,51.6
-73.37629,44.35465,51.9
-73.3773,44.35484,52.7
-73.37832,44.35503,54.1
-73.37897,44.35514,53.7
-73.37962,44.35526,52.8
-73.38067,44.35545,55.1
-73.38171,44.35564,58.9
-73.38276,44.35583,61.0
-73.3838,44.35602,62.5
-73.38485,44.35621,64.6
-73.38567,44.3564,65.8
-73.3863,44.35658,65.0
-73.38693,44.35676,66.8
-73.38798,44.35707,70.1
-73.38903,44.35739,70.4
-73.39007,44.3577,70.4
-73.39112,44.35802,67.3
-73.39132,44.35831,65.7
-73.39137,44.35842,65.1
-73.39152,44.35916,58.3
-73.39161,44.35976,54.7
-73.39163,44.36011,53.9
-73.39159,44.36041,53.6
-73.39147,44.36078,53.3
-73.39109,44.36151,49.2
-73.39072,44.36225,47.8
-73.39048,44.3628,47.2
-73.39033,44.36326,46.1
-73.39027,44.36359,45.8
-73.39027,44.36369,45.8
-73.39034,44.36381,46.1
-73.39041,44.36385,46.3
-73.39052,44.36388,46.5
-73.39065,44.36388,46.8
-73.39114,44.36386,47.7
-73.39203,44.36376,49.5
-73.39223,44.36376,51.2
-73.39233,44.36378,52.3
-73.3925,44.36385,54.2
-73.39271,44.364,56.0
-73.39327,44.36461,61.0
-73.39367,44.36509,65.7
-73.39408,44.36556,70.1
-73.39433,44.36591,70.1
-73.39442,44.36608,70.1
-73.39452,44.36635,68.5
-73.39455,44.36656,65.8
-73.39447,44.36743,65.3
-73.39448,44.36763,65.4
-73.39458,44.36787,65.7
-73.39496,44.36847,66.2
-73.39534,44.36907,66.5
-73.39573,44.36966,66.4
-73.39604,44.3701,67.6
-73.39639,44.37044,69.1
-73.39658,44.37057,69.8
-73.39689,44.37074,70.2
-73.39712,44.37085,70.3
-73.39789,44.37111,70.7
-73.39866,44.37138,70.5
-73.39966,44.37167,66.2
-73.40067,44.37196,63.3
-73.40167,44.37225,65.2
-73.40268,44.37254,67.0
-73.40369,44.37283,69.7
-73.40463,44.37313,70.9
-73.40558,44.37343,69.7
-73.40653,44.37373,67.2
-73.40743,44.37404,64.1
-73.40804,44.3742,64.9
-73.40918,44.37456,64.3
-73.40989,44.37479,66.4
-73.41061,44.37502,71.5
-73.41092,44.37514,73.3
-73.41126,44.37529,76.5
-73.41164,44.37551,80.8
-73.41208,44.37583,83.2
-73.41253,44.37622,87.1
-73.41299,44.37661,92.1
-73.41332,44.37685,95.0
-73.41363,44.37702,97.2
-73.41413,44.37726,100.0
-73.41501,44.37764,106.7
-73.41588,44.37802,111.9
-73.41659,44.37828,116.2
-73.41721,44.37845,119.0
-73.41775,44.37855,122.7
-73.41881,44.37869,128.2
-73.41988,44.37884,132.7
-73.42032,44.37891,135.4
-73.42059,44.37896,136.6
-73.42108,44.37913,138.2
-73.4213,44.37922,138.6
-73.42151,44.37934,138.6
-73.42187,44.37958,140.2
-73.42229,44.37996,143.8
-73.42272,44.38034,147.3
-73.42322,44.38072,152.2
-73.42367,44.38098,155.0
-73.42412,44.38121,158.7
-73.4251,44.38164,164.5
-73.42543,44.38176,165.3
-73.42567,44.38183,166.4
-73.42601,44.38189,168.6
-73.4263,44.38192,169.1
-73.42724,44.38196,170.9
-73.42794,44.38197,172.6
-73.42863,44.38198,173.0
-73.42934,44.38196,173.7
-73.43044,44.38187,173.3
-73.43121,44.3819,173.5
-73.43151,44.38195,173.7
-73.43187,44.38204,173.7
-73.43226,44.38218,173.7
-73.43275,44.38243,173.3
-73.43307,44.38263,173.5
-73.43356,44.3829,175.6
-73.43378,44.383,177.0
-73.43416,44.38312,179.9
-73.43464,44.38321,181.3
-73.43484,44.38324,181.6
-73.43529,44.38326,184.5
-73.43604,44.38323,186.6
-73.43679,44.3832,185.7
-73.43727,44.3832,189.2
-73.43783,44.38327,189.8
-73.43822,44.38336,189.7
-73.43854,44.38347,188.1
-73.43882,44.38361,187.2
-73.43935,44.38396,191.3
-73.44007,44.38449,197.9
-73.44078,44.38503,196.2
-73.4415,44.38556,196.4
-73.44208,44.38601,192.6
-73.44273,44.38657,188.1
-73.44318,44.38693,188.0
-73.44363,44.38728,187.6
-73.44434,44.38787,186.9
-73.44504,44.38846,184.1
-73.44574,44.38904,184.6
-73.44639,44.38965,188.5
-73.4469,44.39018,192.5
-73.44742,44.39072,192.1
-73.44793,44.39117,188.4
-73.44867,44.39178,188.5
-73.44887,44.39198,188.4
-73.44902,44.39218,188.6
-73.44924,44.39264,192.8
-73.4493,44.3929,193.0
-73.4493,44.39332,193.5
-73.44927,44.39381,193.7
-73.44924,44.3943,192.6
-73.44918,44.3949,188.1
-73.44913,44.39551,187.9
-73.44918,44.3961,185.5
-73.44923,44.39633,187.4
-73.44943,44.39683,188.1
-73.4498,44.39735,188.2
-73.45046,44.39806,188.0
-73.45113,44.39877,187.2
-73.45152,44.39922,188.8
-73.452,44.39985,190.7
-73.45248,44.40048,190.2
-73.45295,44.40112,185.5
-73.45343,44.40167,181.1
-73.45376,44.40194,179.7
-73.45399,44.40208,180.7
-73.4543,44.40223,181.8
-73.45457,44.40233,182.4
-73.45506,44.40246,183.3
-73.45542,44.40251,183.9
-73.45624,44.40255,185.4
-73.45706,44.40259,185.4
-73.45745,44.40264,185.4
-73.45824,44.40278,185.6
-73.45866,44.40289,186.1
-73.45971,44.4032,189.2
-73.46025,44.40331,190.9
-73.4606,44.40335,193.0
-73.46088,44.40337,194.8
-73.46133,44.40336,195.9
-73.46164,44.40334,196.3
-73.46238,44.40322,197.1
-73.46266,44.40314,197.5
-73.46347,44.40284,199.8
-73.46378,44.40276,202.8
-73.464,44.40272,205.2
-73.46437,44.40273,210.7
-73.46463,44.40276,212.9
-73.4649,44.40283,215.1
-73.46509,44.40291,216.0
-73.46531,44.40304,216.4
-73.46541,44.40311,215.6
-73.46555,44.40326,214.1
-73.46574,44.40352,216.5
-73.46607,44.40431,219.0
-73.46629,44.40501,221.3
-73.46652,44.40571,220.5
-73.46674,44.40641,221.3
-73.46688,44.40669,222.2
-73.46709,44.40694,224.4
-73.46742,44.40725,226.8
-73.4681,44.4078,230.0
-73.46888,44.40843,230.9
-73.46967,44.40906,234.5
-73.47045,44.40969,237.0
-73.47112,44.41036,236.3
-73.47161,44.41091,238.0
-73.47209,44.41147,240.3
-73.4723,44.41167,240.7
-73.47293,44.41221,240.5
-73.47357,44.41276,240.1
-73.47433,44.41346,238.6
-73.47468,44.41381,238.0
-73.47482,44.41397,238.0
-73.47508,44.4144,239.0
-73.47527,44.41487,242.3
-73.47546,44.41535,243.2
-73.47571,44.41609,243.9
-73.47583,44.41656,247.4
-73.47595,44.41702,247.6
-73.47599,44.41769,249.2
-73.476,44.4183,256.3
-73.47601,44.4189,262.3
-73.47607,44.41979,268.5
-73.47613,44.42018,270.8
-73.47625,44.42079,272.2
-73.47638,44.4214,276.7
-73.47646,44.42218,281.8
-73.47646,44.42295,284.5
-73.47645,44.42371,289.9
-73.47647,44.42433,293.8
-73.47648,44.42495,298.3
-73.47651,44.42559,301.3
-73.47654,44.42623,301.8
-73.47656,44.42687,298.6
-73.47662,44.42745,295.7
-73.47675,44.42798,292.6
-73.47688,44.42852,290.4
-73.47706,44.42916,287.3
-73.47724,44.42979,287.4
-73.47741,44.43043,286.5
-73.47765,44.43113,281.4
-73.47789,44.43183,273.6
-73.47812,44.43253,270.3
-73.47836,44.43323,265.9
-73.4786,44.43403,262.5
-73.47874,44.43474,259.9
-73.47887,44.43545,257.0
-73.47901,44.43616,249.7
-73.47907,44.43636,249.6
-73.47919,44.43662,254.7
-73.4793,44.4368,255.7
-73.47972,44.43738,258.4
-73.48024,44.43803,261.4
-73.48065,44.43845,262.7
-73.48112,44.43891,264.0
-73.4816,44.43937,266.7
-73.48199,44.43978,267.3
-73.48252,44.44043,266.5
-73.48305,44.44108,263.8
-73.48326,44.44131,262.6
-73.48355,44.44158,261.2
-73.48383,44.44181,259.3
-73.48431,44.44215,257.7
-73.48486,44.44247,254.5
-73.48537,44.44271,251.4
-73.48579,44.44289,249.8
-73.4866,44.44315,244.4
-73.48699,44.44325,240.1
-73.48798,44.44346,234.9
-73.48898,44.44367,231.5
-73.48868,44.4444,234.1
-73.48838,44.44514,235.0
-73.48808,44.44587,235.8
-73.48779,44.44664,237.1
-73.48766,44.44717,237.6
-73.48759,44.4479,237.1
-73.48759,44.44838,234.8
-73.48761,44.44925,235.6
-73.48764,44.45011,235.6
-73.48766,44.45098,235.7
-73.48768,44.45184,235.3
-73.48771,44.45271,231.3
-73.48769,44.45319,230.5
-73.48766,44.45346,229.8
-73.48757,44.45385,226.8
-73.48748,44.45415,226.2
-73.48734,44.45446,226.0
-73.48713,44.45487,225.9
-73.48698,44.45511,226.0
-73.48662,44.45558,225.7
-73.48619,44.45605,222.3
-73.48559,44.45668,219.9
-73.48498,44.45731,215.5
-73.48456,44.45778,215.1
-73.48426,44.45821,211.7
-73.48399,44.45869,210.3
-73.48387,44.45898,210.0
-73.48368,44.45963,205.6
-73.48361,44.46035,203.8
-73.48363,44.46074,201.5
-73.48369,44.46126,199.8
-73.4838,44.46193,196.9
-73.48391,44.4626,195.0
-73.48403,44.46327,191.2
-73.48419,44.46416,187.6
-73.48435,44.46504,184.3
-73.48452,44.46592,179.7
-73.48468,44.46681,175.6
-73.48483,44.46769,175.0
-73.48499,44.46857,173.0
-73.48514,44.46945,171.3
-73.48529,44.47034,170.2
-73.48544,44.47122,170.0
-73.48557,44.47192,169.3
-73.4857,44.47263,168.7
-73.48582,44.47333,166.9
-73.486,44.47418,165.0
-73.48617,44.47502,160.4
-73.48634,44.47586,157.2
-73.48652,44.4767,153.3
-73.48669,44.47754,149.8
-73.48686,44.47838,149.8
-73.48688,44.47847,149.8
-73.48705,44.47925,149.8
-73.48716,44.47989,151.2
-73.48721,44.4805,151.6
-73.48719,44.48105,151.3
-73.48709,44.48192,151.3
-73.48699,44.48279,150.9
-73.48685,44.48354,150.9
-73.48662,44.48427,152.5
-73.48639,44.48501,154.6
-73.48617,44.48575,156.4
-73.48591,44.48654,157.7
-73.48566,44.48734,159.8
-73.4854,44.48814,160.0
-73.48515,44.48893,158.9
-73.48489,44.48973,158.2
-73.48461,44.49057,157.4
-73.48434,44.49142,156.7
-73.48406,44.49227,155.6
-73.48378,44.49312,154.9
-73.48351,44.49397,155.6
-73.48323,44.49481,155.1
-73.48295,44.49566,152.8
-73.48267,44.49651,150.0
-73.48241,44.49733,156.3
-73.48216,44.49815,156.9
-73.48195,44.49887,157.1
-73.48175,44.49973,155.6
-73.48167,44.50022,153.6
-73.48159,44.50071,153.2
-73.48143,44.50146,145.3
-73.48118,44.5023,137.8
-73.48099,44.5028,132.6
-73.4808,44.5033,130.0
-73.48053,44.50395,128.6
-73.48027,44.50461,127.1
-73.48,44.50527,126.4
-73.47981,44.50555,125.4
-73.47938,44.50608,125.2
-73.47929,44.50622,124.8
-73.47925,44.50635,123.5
-73.47925,44.50664,123.4
-73.47939,44.50742,123.4
-73.47947,44.50801,123.4
-73.47889,44.50823,122.5
-73.4781,44.50847,122.3
-73.47731,44.50871,121.0
-73.47691,44.50884,120.4
-73.47649,44.50904,120.0
-73.47622,44.50918,119.9
-73.47568,44.50957,119.7
-73.47527,44.50991,118.5
-73.47486,44.51025,118.1
-73.47438,44.51069,117.6
-73.4739,44.51114,117.0
-73.47362,44.51143,116.5
-73.47346,44.51162,116.2
-73.47324,44.51199,115.6
-73.47294,44.51268,114.5
-73.47264,44.51337,113.8
-73.47234,44.51406,115.7
-73.47211,44.51442,116.0
-73.4717,44.51482,116.6
-73.47128,44.51514,118.8
-73.47056,44.51563,122.5
-73.47005,44.516,123.1
-73.46972,44.51629,123.4
-73.46941,44.5166,123.5
-73.46905,44.51701,125.0
-73.46871,44.51746,125.4
-73.46837,44.51791,125.0
-73.46804,44.51831,124.3
-73.4674,44.51895,119.5
-73.46676,44.5196,116.8
-73.46626,44.5202,116.7
-73.46591,44.5207,117.1
-73.46557,44.5212,116.5
-73.46539,44.52152,115.0
-73.46526,44.52185,114.5
-73.46503,44.5226,113.1
-73.46481,44.52306,110.6
-73.46459,44.52337,108.1
-73.46417,44.5238,105.5
-73.46338,44.52449,105.2
-73.46288,44.52496,105.1
-73.46238,44.52543,104.9
-73.46192,44.52588,104.8
-73.46141,44.52634,104.8
-73.4609,44.52681,105.7
-73.46034,44.52738,107.9
-73.45979,44.52794,108.7
-73.45918,44.52865,112.2
-73.45857,44.52936,110.0
-73.45796,44.53007,109.6
-73.45735,44.53078,109.6
-73.45674,44.53149,107.4
-73.45613,44.5322,105.8
-73.45552,44.53291,102.0
-73.45491,44.53362,96.0
-73.4543,44.53433,90.6
-73.45369,44.53504,84.9
-73.45308,44.53575,81.4
-73.4525,44.5364,76.0
-73.45192,44.53706,71.6
-73.45134,44.53772,67.0
-73.45077,44.53838,63.9
-73.45019,44.53903,63.1
-73.44961,44.53969,62.7
-73.44922,44.54014,62.6
-73.44883,44.5406,62.4
-73.44868,44.54079,62.5
-73.44839,44.54126,63.1
-73.44822,44.54162,63.6
-73.44803,44.54214,63.5
-73.44787,44.54291,61.9
-73.44772,44.54368,61.2
-73.44756,44.54445,60.8
-73.44741,44.54523,58.2
-73.44725,44.546,60.8
-73.44719,44.5464,60.9
-73.44715,44.54685,61.8
-73.44715,44.54722,61.3
-73.44723,44.54794,69.6
-73.44731,44.54865,66.8
-73.44739,44.54937,66.1
-73.44747,44.55009,63.9
-73.44755,44.5508,61.8
-73.44764,44.55163,56.5
-73.44774,44.55246,50.3
-73.44783,44.55329,44.1
-73.44793,44.55411,36.5
-73.44802,44.55483,33.5
-73.44811,44.55554,33.4
-73.44823,44.55626,33.5
-73.44834,44.55698,33.4
-73.44848,44.55771,33.5
-73.44861,44.55845,33.7
-73.44875,44.55927,34.0
-73.44888,44.56005,34.3
-73.449,44.56084,35.2
-73.44909,44.5617,35.1
-73.44917,44.56257,34.6
-73.44926,44.56344,34.6
-73.44934,44.56431,35.2
-73.44942,44.56518,36.5
-73.44951,44.56604,37.4
-73.44959,44.56691,38.8
-73.44968,44.56778,39.6
-73.44976,44.56865,39.5
-73.44984,44.56952,37.7
-73.44993,44.57038,37.0
-73.45001,44.57125,37.2
-73.4501,44.57212,36.9
-73.45018,44.57299,36.9
-73.45026,44.57386,39.6
-73.45028,44.57431,39.7
-73.45024,44.57475,39.6
-73.45013,44.57514,36.2
-73.45,44.57547,39.7
-73.44976,44.57584,40.2
-73.44951,44.57616,39.2
-73.4492,44.57646,38.5
-73.44899,44.57663,37.6
-73.44858,44.57692,35.5
-73.44822,44.57712,34.2
-73.4476,44.5774,34.4
-73.44721,44.57756,34.6
-73.44624,44.57793,35.1
-73.44527,44.57831,36.2
-73.4443,44.57869,36.5
-73.44333,44.57906,37.0
-73.44236,44.57944,34.9
-73.44206,44.57957,34.4
-73.44146,44.5799,34.1
-73.4412,44.58008,33.9
-73.44064,44.58061,31.6
-73.44036,44.58098,31.3
-73.44022,44.58121,31.2
-73.44,44.5817,31.2
-73.43977,44.58244,31.3
-73.43968,44.58288,31.2
-73.43961,44.58346,31.1
-73.43957,44.58431,31.2
-73.43954,44.58516,31.6
-73.4395,44.58601,33.7
-73.43947,44.58686,33.8
-73.43947,44.58735,33.9
-73.43948,44.5876,33.9
-73.43957,44.58843,33.8
-73.43963,44.58874,33.7
-73.4398,44.58938,36.5
-73.44007,44.5902,37.0
-73.44019,44.59085,37.2
-73.44025,44.5916,37.1
-73.44022,44.59219,37.0
-73.44012,44.59282,37.0
-73.44002,44.59323,37.0
-73.43991,44.59354,36.9
-73.43976,44.59394,36.9
-73.4396,44.59429,35.7
-73.4393,44.59485,34.7
-73.439,44.59541,34.4
-73.4388,44.59594,34.2
-73.43875,44.59614,34.2
-73.43871,44.59653,34.1
-73.43866,44.59728,33.6
-73.43861,44.59804,34.2
-73.43856,44.59879,34.2
-73.4385,44.59955,34.1
-73.43845,44.6003,34.1
-73.43849,44.60082,34.3
-73.43854,44.60106,34.9
-73.43871,44.60151,37.3
-73.43909,44.6022,39.9
-73.43946,44.60289,41.6
-73.43984,44.60359,43.0
-73.44022,44.60428,41.2
-73.44059,44.60498,39.8
-73.44076,44.60531,38.2
-73.44094,44.60578,36.7
-73.44112,44.6065,36.8
-73.4413,44.60722,37.3
-73.44148,44.60794,38.9
-73.44165,44.60866,40.2
-73.44183,44.60949,41.3
-73.44202,44.61031,42.8
-73.4422,44.61113,44.2
-73.44238,44.61196,46.3
-73.44256,44.61278,48.5
-73.44274,44.6136,51.3
-73.44289,44.61408,51.6
-73.44313,44.61455,51.0
-73.4436,44.61529,50.3
-73.44408,44.61603,48.3
-73.44455,44.61676,45.3
-73.44503,44.6175,42.3
-73.4455,44.61824,40.2
-73.44597,44.61898,39.0
-73.44645,44.61971,38.1
-73.44692,44.62045,37.5
-73.4474,44.62119,34.1
-73.44752,44.62143,37.4
-73.44763,44.62177,38.1
-73.44767,44.62208,38.5
-73.44769,44.62295,39.9
-73.44768,44.62379,39.8
-73.44768,44.62463,37.1
-73.44768,44.62547,37.2
-73.44767,44.62632,37.3
-73.4476,44.62708,36.8
-73.44753,44.62784,37.0
-73.44751,44.62806,37.1
-73.44747,44.62844,37.3
-73.44747,44.62873,39.6
-73.44753,44.62919,40.1
-73.44763,44.62954,40.8
-73.44791,44.63031,41.9
-73.4482,44.63108,43.4
-73.44848,44.63185,43.3
-73.44877,44.63262,43.0
-73.44905,44.6334,42.9
-73.44914,44.63377,42.8
-73.44919,44.63437,43.3
-73.44917,44.6346,43.7
-73.449,44.63517,44.7
-73.44868,44.63581,44.3
-73.44837,44.63645,44.6
-73.44805,44.63709,44.7
-73.44785,44.63755,44.5
-73.44754,44.63836,44.9
-73.44723,44.63917,44.2
-73.44692,44.63998,42.6
-73.44679,44.6404,38.9
-73.4467,44.64082,42.0
-73.44669,44.64137,42.4
-73.4468,44.6421,42.8
-73.44691,44.64283,43.6
-73.44702,44.64356,44.8
-73.44714,44.64429,46.1
-73.44716,44.64456,46.4
-73.44715,44.64506,48.3
-73.44712,44.6454,49.4
-73.44706,44.64573,49.2
-73.44693,44.64618,49.4
-73.44673,44.64681,50.1
-73.44652,44.64744,51.3
-73.44631,44.64808,53.1
-73.44611,44.64874,53.1
-73.4459,44.6494,51.6
-73.4457,44.65006,50.8
-73.44549,44.65073,49.2
-73.44525,44.65119,48.5
-73.44492,44.65165,47.7
-73.44452,44.65214,45.1
-73.44423,44.65252,44.7
-73.444,44.65288,42.7
-73.44381,44.65327,37.8
-73.44361,44.65381,39.7
-73.44341,44.65435,40.3
-73.44316,44.65487,40.4
-73.443,44.65548,40.5
-73.44284,44.65608,40.7
-73.4428,44.65644,40.7
-73.4428,44.65676,40.6
-73.44295,44.65755,40.7
-73.44313,44.65834,40.5
-73.44332,44.65913,40.4
-73.4435,44.65992,40.1
-73.44368,44.6607,39.3
-73.44386,44.66132,38.7
-73.44404,44.66194,36.4
-73.44421,44.66255,36.1
-73.44442,44.66334,36.3
-73.44463,44.66413,38.8
-73.44484,44.66491,39.7
-73.44505,44.6657,39.9
-73.44526,44.66649,40.2
-73.4454,44.66712,40.0
-73.44559,44.66786,40.7
-73.44577,44.66859,40.9
-73.44595,44.66933,42.7
-73.44614,44.67007,43.1
-73.44618,44.67034,43.4
-73.44618,44.67063,44.0
-73.44613,44.67089,44.3
-73.445968,44.671347,44.1
-73.445079,44.671308,41.4
-73.444131,44.671181,38.1
-73.44406,44.67138,38.1
-73.444093,44.671871,38.9
-73.444011,44.672044,39.3
-73.443744,44.672086,39.3
-73.442936,44.672161,36.9
-73.442772,44.672238,36.3
-73.442797,44.672422,38.4
-73.442603,44.672488,36.6
-73.442569,44.672748,38.2
-73.44251,44.67348,36.9
-73.44245,44.67422,37.3
-73.44238,44.67487,38.1
-73.44231,44.67553,38.0
-73.44224,44.67618,38.1
-73.44217,44.67675,40.9
-73.4421,44.67732,40.9
-73.44205,44.67788,40.3
-73.442,44.67843,40.2
-73.44203,44.67899,40.0
-73.44213,44.67946,40.5
-73.44227,44.67988,41.4
-73.44239,44.68017,41.7
-73.44264,44.68061,41.6
-73.44273,44.68079,41.6
-73.4431,44.68147,41.6
-73.44348,44.68215,38.6
-73.44373,44.68249,39.9
-73.44398,44.68295,39.0
-73.44422,44.68341,39.8
-73.44459,44.68404,41.4
-73.44481,44.68459,41.2
-73.44493,44.68511,40.9
-73.445,44.68583,39.7
-73.445,44.68658,39.9
-73.44499,44.68732,40.5
-73.44498,44.68807,40.8
-73.44497,44.68881,41.5
-73.44496,44.68956,41.1
-73.445,44.69003,40.7
-73.44504,44.6905,39.6
-73.44512,44.69091,39.6
-73.44513,44.69111,39.5
-73.44511,44.69155,39.0
-73.44508,44.69184,38.3
-73.44497,44.6923,37.2
-73.44483,44.69265,37.0
-73.44462,44.69305,34.6
-73.44434,44.69344,33.2
-73.44432,44.69352,33.3
-73.44505,44.69361,38.1
-73.44514,44.69364,38.3
-73.44524,44.69373,38.7
-73.44526,44.69378,39.0
-73.44512,44.69377,38.2
-73.44505,44.69379,37.9
-73.4449,44.69389,37.1
-73.44467,44.69409,36.4
-73.44422,44.69468,36.4
-73.44418,44.69482,36.1
-73.44413,44.69562,35.7
-73.44416,44.69573,35.7
-73.44421,44.69578,35.6
-73.44525,44.69613,35.8
-73.44629,44.69648,36.7
-73.44734,44.69683,36.6
-73.44838,44.69718,37.0
-73.44862,44.69724,37.1
-73.44955,44.69736,36.8
-73.45039,44.69747,37.5
-73.45115,44.69759,38.2
-73.45221,44.69775,39.2
-73.45197,44.69828,40.8
-73.45172,44.69881,40.5
-73.45142,44.69939,39.5
-73.4512,44.69959,37.6
-73.45108,44.69967,37.6
-73.45078,44.69978,38.2
-73.45019,44.69996,39.4
-73.44966,44.70014,40.6
-73.44939,44.70018,39.6
-73.44861,44.70023,33.1
-73.44784,44.70027,36.3
-73.44767,44.7003,36.8
-73.44753,44.70035,36.9
-73.44733,44.70046,36.9
-73.44716,44.70063,36.8
-73.44688,44.70108,37.0
-73.44661,44.70153,37.2
-73.44652,44.70177,37.3
-73.44648,44.70197,37.5
-73.44648,44.70218,37.7
-73.44651,44.70299,38.2
-73.44654,44.70379,38.4
-73.44656,44.70459,38.2
-73.44659,44.7054,37.6
-73.44663,44.70626,36.5
-73.44666,44.70651,36.1
-73.44673,44.70677,35.7
-73.44685,44.70705,34.9
-73.447,44.70727,34.0
-73.44714,44.70742,33.9
-73.44757,44.7078,34.1
-73.44793,44.70807,34.2
-73.44828,44.7083,34.0
-73.44902,44.70876,34.0
-73.44916,44.70887,34.0
-73.44938,44.70909,33.8
-73.44966,44.70949,33.6
-73.44975,44.70954,33.7
-73.44988,44.70956,33.8
-73.45069,44.70948,34.0
-73.45139,44.70943,34.2
-73.45097,44.70996,33.3
-73.45055,44.7105,32.9
-73.45026,44.71083,32.4
-73.45007,44.71102,32.1
-73.44941,44.71161,31.4
-73.44875,44.7122,31.1
-73.44809,44.71278,30.9
-73.44744,44.71341,30.7
-73.44679,44.71403,30.7
-73.44614,44.71465,30.7
-73.44548,44.71528,30.8
-73.44483,44.7159,30.9
-73.44418,44.71652,30.9
-73.44353,44.71715,31.0
-73.44308,44.71761,30.9
-73.44286,44.71786,30.8
-73.44231,44.71845,30.8
-73.44173,44.71918,30.7
-73.44114,44.71992,30.4
-73.44055,44.72066,30.4
-73.43997,44.72139,30.4
-73.43938,44.72213,31.0
-73.43879,44.72286,31.0
-73.43829,44.72344,31.0
-73.43779,44.72402,31.4
-73.4373,44.72461,32.1
-73.43667,44.72535,32.6
-73.43604,44.72609,33.1
-73.43541,44.72684,33.2
-73.43478,44.72758,34.2
-73.43415,44.72833,35.4
-73.43352,44.72907,36.8
-73.43299,44.72972,37.5
-73.43246,44.73036,38.0
-73.43192,44.73101,39.3
-73.43139,44.73166,40.1
-73.43086,44.73231,41.7
-73.43032,44.73296,42.2
-73.42968,44.73372,44.2
-73.42905,44.73449,45.9
-73.42841,44.73526,47.2
-73.42804,44.73574,47.2
-73.42768,44.73623,47.0
-73.42738,44.73665,46.7
-73.42707,44.73708,44.9
-73.42672,44.73757,46.0
-73.42637,44.73807,45.9
-73.42614,44.73844,45.9
-73.42595,44.73884,45.9
-73.4258,44.73922,45.8
-73.42562,44.73984,45.9
-73.42544,44.74046,46.0
-73.42526,44.74108,46.1
-73.42505,44.74189,46.3
-73.42484,44.7427,46.6
-73.42463,44.74352,46.3
-73.42442,44.74433,48.1
-73.42421,44.74515,47.5
-73.424,44.74596,46.4
-73.42379,44.74678,48.1
-73.42357,44.74736,48.2
-73.42329,44.74799,48.7
-73.42304,44.74844,49.0
-73.42279,44.74888,49.1
-73.42235,44.74962,49.6
-73.42191,44.75036,50.1
-73.42148,44.7511,49.7
-73.42109,44.7519,48.1
-73.42071,44.7527,45.7
-73.42033,44.75351,46.3
-73.41995,44.75431,46.9
-73.41956,44.75512,47.6
-73.41918,44.75592,47.7
-73.41899,44.75657,47.7
-73.41894,44.75706,47.9
-73.41896,44.75741,48.0
-73.41907,44.75821,49.0
-73.41918,44.75902,48.0
-73.41929,44.75983,47.3
-73.4194,44.76063,47.0
-73.41952,44.76144,46.9
-73.41963,44.76225,47.2
-73.41974,44.76305,48.3
-73.41986,44.76378,51.1
-73.41997,44.76452,53.1
-73.42008,44.76497,54.1
-73.42018,44.76541,55.4
-73.42045,44.76627,53.7
-73.42078,44.7671,52.1
-73.42112,44.76794,50.4
-73.42145,44.76877,50.7
-73.42178,44.7696,52.0
-73.42211,44.77044,53.3
-73.42237,44.7711,54.8
-73.42263,44.77177,57.0
-73.42289,44.77243,57.2
-73.42316,44.7732,53.1
-73.42342,44.77396,52.4
-73.42369,44.77472,51.5
-73.42396,44.77548,50.8
-73.42424,44.77629,50.3
-73.42452,44.77711,49.5
-73.42479,44.77792,49.2
-73.42507,44.77874,48.7
-73.42535,44.77955,48.0
-73.42563,44.78036,47.2
-73.42591,44.78118,46.6
-73.42619,44.78199,46.0
-73.42646,44.78281,45.4
-73.42672,44.78359,45.3
-73.42698,44.78437,44.7
-73.42723,44.78515,43.3
-73.42747,44.78591,42.5
-73.42771,44.78667,40.6
-73.42795,44.78743,39.2
-73.42819,44.78819,37.9
-73.42843,44.78895,37.3
-73.42862,44.78958,36.9
-73.42882,44.7902,36.5
-73.42901,44.79083,37.1
-73.42924,44.79169,37.8
-73.42948,44.79256,38.4
-73.42972,44.79343,39.1
-73.42995,44.79423,39.6
-73.43018,44.79504,40.9
-73.43041,44.79585,42.6
-73.43061,44.79659,42.6
-73.43081,44.79734,42.6
-73.43101,44.79809,42.6
-73.43121,44.79883,42.6
-73.43142,44.79967,42.8
-73.43163,44.80051,43.9
-73.43184,44.80135,44.3
-73.43204,44.8022,45.0
-73.43225,44.80304,45.5
-73.43246,44.80388,45.7
-73.43264,44.80465,46.1
-73.43282,44.80543,46.3
-73.433,44.8062,46.7
-73.43318,44.80697,48.5
-73.43324,44.80763,49.8
-73.43322,44.80813,50.4
-73.4332,44.80864,50.8
-73.43315,44.80953,48.8
-73.43309,44.81042,48.2
-73.43304,44.81131,45.8
-73.43299,44.8122,46.9
-73.43294,44.81309,48.7
-73.43288,44.81399,49.3
-73.43283,44.81488,49.8
-73.43278,44.81577,50.4
-73.43273,44.81666,51.3
-73.43267,44.81755,52.6
-73.43268,44.81808,54.7
-73.43273,44.81853,55.3
-73.4328,44.81886,55.3
-73.433,44.8196,55.7
-73.4332,44.82034,55.9
-73.4334,44.82108,55.5
-73.43352,44.8218,54.8
-73.43355,44.82227,53.4
-73.43355,44.82299,51.8
-73.43355,44.82371,49.0
-73.43355,44.82444,48.7
-73.43351,44.82502,48.7
-73.43343,44.82537,48.7
-73.4332,44.826,48.6
-73.43297,44.82664,48.5
-73.43266,44.82746,47.8
-73.43234,44.82829,47.9
-73.43204,44.82902,48.3
-73.43181,44.82952,48.4
-73.43159,44.83001,48.3
-73.43134,44.83046,48.3
-73.43086,44.83125,48.4
-73.43039,44.83204,47.7
-73.42992,44.83283,46.4
-73.42944,44.83362,46.1
-73.42941,44.83368,46.1
-73.42908,44.83423,46.0
-73.42875,44.83478,46.2
-73.42851,44.83525,46.3
-73.42821,44.83604,46.3
-73.42791,44.83682,46.4
-73.42762,44.83761,45.8
-73.42732,44.83839,46.1
-73.42702,44.83918,46.3
-73.42673,44.83997,47.0
-73.4265,44.84079,47.9
-73.42627,44.84162,48.3
-73.42604,44.84244,48.9
-73.42582,44.84327,51.6
-73.42566,44.84389,52.8
-73.4255,44.84451,54.1
-73.42535,44.84513,54.4
-73.42516,44.84575,54.6
-73.42486,44.84659,54.9
-73.42457,44.84744,55.8
-73.42427,44.84828,58.1
-73.42397,44.84913,59.5
-73.42378,44.84972,60.2
-73.42351,44.85049,56.8
-73.42323,44.85127,55.5
-73.42296,44.85205,55.5
-73.42269,44.85276,54.1
-73.42242,44.85347,53.1
-73.42225,44.85396,52.5
-73.42208,44.85445,51.6
-73.42191,44.85494,50.8
-73.42175,44.85543,51.8
-73.42158,44.85598,52.7
-73.42149,44.85639,52.9
-73.42141,44.85724,53.7
-73.42132,44.85809,54.4
-73.42124,44.85894,55.2
-73.42115,44.85979,55.2
-73.42107,44.86064,55.9
-73.42099,44.86149,57.5
-73.4209,44.86234,58.7
-73.42082,44.86319,60.0
-73.42073,44.86404,60.8
-73.42065,44.86489,62.0
-73.42057,44.86574,62.7
-73.42057,44.86604,62.7
-73.4206,44.86628,62.7
-73.4207,44.8666,62.6
-73.42102,44.86719,62.4
-73.42141,44.86783,62.2
-73.42181,44.86846,61.9
-73.4222,44.8691,61.4
-73.42251,44.86958,61.0
-73.42282,44.87006,60.6
-73.42327,44.87072,59.8
-73.42371,44.87138,58.5
-73.42416,44.87204,57.3
-73.42451,44.87255,56.9
-73.42486,44.87305,56.5
-73.42539,44.87378,56.2
-73.42592,44.87451,55.9
-73.42646,44.87523,55.8
-73.42701,44.87597,55.4
-73.42755,44.87665,55.4
-73.42808,44.87732,54.9
-73.42861,44.878,53.3
-73.42914,44.87867,52.7
-73.42958,44.87931,52.6
-73.42998,44.8799,52.2
-73.43037,44.88049,51.9
-73.43077,44.88109,51.4
-73.43096,44.88132,50.6
-73.43143,44.88184,49.6
-73.43205,44.88246,49.4
-73.43268,44.88309,49.3
-73.4333,44.88372,49.1
-73.43392,44.88435,48.9
-73.43455,44.88497,49.4
-73.43517,44.8856,49.7
-73.43584,44.88614,50.7
-73.43596,44.88629,50.8
-73.43625,44.88678,50.6
-73.43654,44.88727,50.6
-73.43667,44.88755,50.3
-73.43688,44.8882,48.6
-73.43709,44.88886,48.3
-73.4373,44.88951,47.4
-73.43737,44.88986,46.9
-73.43734,44.89057,46.0
-73.43724,44.89143,46.0
-73.43714,44.8923,44.1
-73.43703,44.89317,43.6
-73.43693,44.89404,45.4
-73.43683,44.8949,47.3
-73.43672,44.89577,47.8
-73.43662,44.89664,49.4
-73.43655,44.89745,50.6
-73.43648,44.89827,51.7
-73.43641,44.89908,54.4
-73.43637,44.89979,54.6
-73.43633,44.90049,54.6
-73.43631,44.90113,54.3
-73.43639,44.90182,53.7
-73.43652,44.90268,52.8
-73.43665,44.90353,52.3
-73.43678,44.90439,51.9
-73.43691,44.90524,51.0
-73.43704,44.9061,49.6
-73.43717,44.90695,49.4
-73.43731,44.90781,49.1
-73.43744,44.90866,48.8
-73.43757,44.90952,48.3
-73.43768,44.91034,47.4
-73.43779,44.91117,46.4
-73.4379,44.91199,45.9
-73.43799,44.91237,45.6
-73.43805,44.91256,45.6
-73.43808,44.91265,45.7
-73.43839,44.91352,46.1
-73.43869,44.91439,46.7
-73.439,44.91525,47.0
-73.4393,44.91612,47.6
-73.43938,44.91639,47.8
-73.43946,44.91684,48.1
-73.43948,44.91729,48.7
-73.43944,44.91811,49.9
-73.43939,44.91893,51.7
-73.43935,44.91976,52.0
-73.43931,44.92058,52.6
-73.43932,44.9214,54.7
-73.43933,44.92222,54.9
-73.43934,44.92304,57.2
-73.43932,44.92356,57.8
-73.43929,44.92408,57.4
-73.43923,44.92489,58.0
-73.43917,44.92571,59.4
-73.4391,44.92653,60.0
-73.43904,44.92735,60.3
-73.43898,44.92817,60.4
-73.43898,44.92866,60.3
-73.43899,44.92916,60.3
-73.43903,44.92993,60.2
-73.43907,44.9307,59.3
-73.43911,44.93147,58.5
-73.43915,44.93225,58.2
-73.438,44.93237,56.8
-73.43685,44.93249,54.9
-73.4357,44.93261,54.1
-73.43456,44.93273,51.9
-73.43341,44.93285,49.6
-73.43226,44.93297,48.7
-73.43111,44.93309,46.9
-73.43049,44.93319,45.7
-73.4299,44.93331,45.6
-73.42943,44.93344,45.5
-73.429,44.93359,44.5
-73.42834,44.93386,42.8
-73.42779,44.93413,42.5
-73.42687,44.9347,42.9
-73.42595,44.93527,43.1
-73.42503,44.93584,42.6
-73.42411,44.93641,40.0
-73.42319,44.93698,40.3
-73.42227,44.93755,39.7
-73.42136,44.93804,39.7
-73.42056,44.93841,39.9
-73.41975,44.93878,39.7
-73.41895,44.93916,39.8
-73.41822,44.93945,36.5
-73.41748,44.93971,36.8
-73.41638,44.94004,37.0
-73.41529,44.94036,36.6
-73.41419,44.94069,36.5
-73.41309,44.94102,34.7
-73.41201,44.94136,34.0
-73.41092,44.9417,33.6
-73.40984,44.94203,33.9
-73.40903,44.94237,33.4
-73.40864,44.94255,33.2
-73.40763,44.94299,32.7
-73.40726,44.94312,33.5
-73.40702,44.94319,33.7
-73.40669,44.94326,33.8
-73.40622,44.9433,34.0
-73.40589,44.94331,34.4
-73.40539,44.94327,35.5
-73.40521,44.94324,35.9
-73.4046,44.94307,36.5
-73.40372,44.94273,39.8
-73.40285,44.94239,39.5
-73.40222,44.94217,39.4
-73.40114,44.94176,39.2
-73.40005,44.94135,33.2
-73.39934,44.94112,33.7
-73.39911,44.94106,34.0
-73.39859,44.94096,35.0
-73.39777,44.94088,36.4
-73.39718,44.94088,36.7
-73.39681,44.9409,36.5
-73.39568,44.94102,37.0
-73.39455,44.94114,36.8
-73.39342,44.94126,38.6
-73.39229,44.94138,39.4
-73.39116,44.9415,39.8
-73.3904,44.94157,40.2
-73.38965,44.94164,41.1
-73.38892,44.94169,41.3
-73.38818,44.94172,40.6
-73.38705,44.94175,39.0
-73.38592,44.94178,37.2
-73.38544,44.94185,35.9
-73.38509,44.94194,34.8
-73.38482,44.94204,34.1
-73.3845,44.94218,33.9
-73.3842,44.94235,33.7
-73.38384,44.94263,33.5
-73.38352,44.94298,32.7
-73.38312,44.94351,32.3
-73.38272,44.94404,32.6
-73.38243,44.94451,33.4
-73.38215,44.94499,33.3
-73.38176,44.9457,33.4
-73.38138,44.94641,32.1
-73.38095,44.9471,33.5
-73.38042,44.94787,33.4
-73.37989,44.94864,33.4
-73.37936,44.9494,33.5
-73.37883,44.95017,33.7
-73.37831,44.95094,33.2
-73.37778,44.95171,34.2
-73.37725,44.95247,34.2
-73.37672,44.95324,34.4
-73.37619,44.95401,34.6
-73.37568,44.95476,35.0
-73.37517,44.95551,34.2
-73.37466,44.95627,35.2
-73.37415,44.95702,36.0
-73.37363,44.95777,35.9
-73.37312,44.95852,35.4
-73.37261,44.95927,35.0
-73.37219,44.95995,34.7
-73.37181,44.96074,33.3
-73.37143,44.96153,34.1
-73.37105,44.96231,34.2
-73.37067,44.9631,34.1
-73.37028,44.96389,34.2
-73.3699,44.96468,34.2
-73.36952,44.96547,33.9
-73.36914,44.96626,33.8
-73.36876,44.96705,33.7
-73.36838,44.96784,33.7
-73.368,44.96863,33.7
-73.36762,44.96942,33.7
-73.36724,44.97021,33.8
-73.36708,44.97047,33.6
-73.3667,44.97092,33.0
-73.36619,44.97148,32.5
-73.36568,44.97204,32.6
-73.36517,44.9726,32.6
-73.36485,44.97298,31.9
-73.36465,44.97332,31.1
-73.36437,44.97399,31.2
-73.3641,44.97466,31.0
-73.36383,44.97533,30.7
-73.36361,44.97593,30.2
-73.36351,44.97635,30.1
-73.36347,44.97662,30.4
-73.36342,44.97724,29.6
-73.36337,44.97787,29.7
-73.36333,44.97874,29.6
-73.36328,44.97939,30.3
-73.36322,44.98005,30.5
-73.36316,44.9807,29.6
-73.36306,44.98127,30.3
-73.36296,44.98183,30.5
-73.36292,44.98232,30.7
-73.36289,44.982798,30.6
-73.36291,44.9828,30.7
-73.36291,44.98298,30.7
-73.36291,44.98304,30.7
-73.36292,44.9831,30.7
-73.36294,44.98317,30.7
-73.36295,44.98321,30.7
-73.36297,44.98325,30.7
-73.36299,44.98329,30.7
-73.36302,44.98334,30.7
-73.36305,44.9834,30.7
-73.3631,44.98346,30.6
-73.36317,44.98356,30.6
-73.36336,44.9838,30.4
-73.36348,44.98397,30.1
-73.36355,44.98406,30.1
-73.36358,44.98413,30.0
-73.36361,44.98421,30.1
-73.36362,44.98425,30.2
-73.36364,44.98435,30.2
-73.36365,44.98438,30.3
-73.36365,44.9844,30.3
-73.36366,44.98443,30.4
-73.36366,44.98449,30.4
-73.36366,44.98452,30.5
-73.36365,44.98464,30.5
-73.36364,44.98473,30.6
-73.36361,44.98482,30.7
-73.3635,44.98512,30.7
-73.36341,44.98532,30.6
-73.36339,44.9854,30.7
-73.36337,44.98546,30.7
-73.36334,44.98554,30.7
-73.36333,44.98562,30.7
-73.36332,44.98574,30.7
-73.36332,44.98587,30.7
-73.36334,44.98594,30.7
-73.36335,44.986,30.5
-73.36337,44.98608,30.2
-73.3634,44.98615,29.9
-73.36342,44.98624,29.6
-73.36346,44.98634,29.5
-73.36349,44.98644,29.7
-73.36351,44.98655,29.8
-73.36353,44.98665,30.0
-73.36354,44.98679,30.1
-73.36363,44.98778,30.2
-73.36365,44.98796,30.3
-73.36367,44.98826,30.5
-73.36367,44.98839,30.5
-73.36368,44.9886,30.6
-73.3637,44.98908,30.6
-73.36372,44.98963,30.3
-73.36376,44.98991,30.2
-73.36382,44.99004,30.1
-73.36386,44.99015,30.1
-73.36397,44.99035,30.5
-73.36398,44.99038,30.6
-73.36408,44.99053,30.9
-73.36424,44.99077,31.3
-73.3643,44.99084,31.5
-73.36433,44.99089,31.6
-73.36437,44.99095,31.7
-73.36439,44.99099,31.7
-73.36442,44.99106,31.8
-73.36442,44.99108,31.8
-73.36444,44.99117,31.8
-73.36445,44.99125,31.9
-73.36445,44.99135,32.0
-73.36443,44.99142,31.9
-73.36441,44.99153,31.9
-73.36435,44.99172,31.9
-73.36431,44.99183,31.8
-73.3643,44.99187,31.8
-73.36428,44.99194,31.8
-73.36426,44.99203,31.8
-73.36426,44.99206,31.8
-73.36425,44.99211,31.8
-73.36424,44.99222,31.8
-73.36424,44.99239,31.8
-73.36425,44.99247,31.9
-73.36427,44.99259,31.9
-73.3643,44.99274,32.1
-73.36437,44.99296,32.4
-73.36445,44.99318,32.8
-73.3645,44.99334,32.9
-73.36467,44.99387,33.6
-73.36485,44.99439,33.7
-73.36488,44.99448,33.7
-73.36494,44.99467,33.7
-73.365,44.99483,33.8
-73.36512,44.99518,33.9
-73.36518,44.99535,33.9
-73.3653,44.9957,33.9
-73.36537,44.99591,33.9
-73.36541,44.99603,33.9
-73.36545,44.99613,33.9
-73.36551,44.99633,33.8
</coordinates>
      </LineString>
    </Placemark>
  </Document>
</kml>
