<?xml version="1.0" encoding="UTF-8"?>
<kml xmlns="http://www.opengis.net/kml/2.2">
  <Document>
    <description>A Route recorded by Empire State Trail: NYS Parks on Aug 28, 24 -- View in full at http://ridewithgps.com/routes/48206176</description>
    <name>Hudson Valley EST</name>
    <Style id="default_style">
      <LineStyle>
        <color>ff0000ff</color>
        <width>2</width>
      </LineStyle>
    </Style>
    <Placemark>
      <description>Route of Hudson Valley section of the EST heading from NYC to Albany. Updated 8/4/25  -- View in full at http://ridewithgps.com/routes/48206176</description>
      <name>Hudson Valley EST</name>
      <visibility>1</visibility>
      <flyToView>1</flyToView>
      <styleUrl>#default_style</styleUrl>
      <LineString>
        <extrude>1</extrude>
        <tessellate>1</tessellate>
        <altitudeMode>clampedToGround</altitudeMode>
        <coordinates>
-74.01696,40.70464,0.3
-74.01696,40.70464,0.3
-74.01705,40.70466,0.4
-74.01709,40.7047,0.4
-74.01706,40.70479,0.5
-74.01701,40.7049,0.6
-74.01699,40.70497,0.7
-74.01673,40.70566,1.1
-74.01646,40.70635,1.2
-74.01642,40.70652,1.2
-74.01626,40.70699,1.3
-74.01607,40.70734,1.3
-74.01594,40.70767,1.3
-74.01592,40.70773,1.3
-74.01587,40.70786,1.4
-74.01586,40.70789,1.4
-74.01561,40.70858,1.4
-74.01536,40.70927,1.4
-74.01524,40.70973,1.4
-74.01523,40.70979,1.4
-74.01518,40.70991,1.4
-74.01518,40.70998,1.4
-74.01517,40.71019,1.4
-74.0151,40.7104,1.3
-74.01508,40.71048,1.3
-74.015,40.71072,1.3
-74.01489,40.71094,1.3
-74.01483,40.71108,1.3
-74.0148,40.71126,1.3
-74.01477,40.71138,1.3
-74.01469,40.71174,1.3
-74.01469,40.7119,1.2
-74.01466,40.71202,1.3
-74.01465,40.71209,1.2
-74.01455,40.71246,1.3
-74.01454,40.71249,1.3
-74.0145,40.71264,1.3
-74.01449,40.71267,1.3
-74.01437,40.7131,1.2
-74.01434,40.7132,1.2
-74.01418,40.71353,1.4
-74.01414,40.71372,1.4
-74.01412,40.7138,1.4
-74.01408,40.71391,1.4
-74.01404,40.71404,1.4
-74.014,40.71421,1.4
-74.01405,40.71432,1.3
-74.01404,40.7144,1.4
-74.01402,40.71448,1.4
-74.01394,40.71478,1.3
-74.01392,40.71485,1.3
-74.01389,40.71494,1.4
-74.01378,40.71503,1.4
-74.01375,40.71514,1.4
-74.01371,40.71524,1.4
-74.01366,40.71538,1.5
-74.01364,40.71545,1.5
-74.01352,40.71595,1.5
-74.01339,40.71645,1.6
-74.01337,40.71652,1.5
-74.01334,40.71663,1.5
-74.01333,40.71669,1.5
-74.0132,40.71719,1.4
-74.01318,40.71726,1.3
-74.01315,40.71738,1.2
-74.01314,40.71745,1.1
-74.013,40.718,0.3
-74.01287,40.71855,0.3
-74.01279,40.71872,0.4
-74.01267,40.71921,0.4
-74.0126,40.71972,0.6
-74.01246,40.72035,0.6
-74.01231,40.72099,0.6
-74.01223,40.72116,0.5
-74.01208,40.72193,0.4
-74.01192,40.7227,0.3
-74.01176,40.72346,0.3
-74.0116,40.72423,0.4
-74.01145,40.72508,0.3
-74.01131,40.72592,0.3
-74.01118,40.7268,0.3
-74.01106,40.72768,0.3
-74.011,40.7282,0.6
-74.01094,40.72872,1.3
-74.01097,40.72887,1.4
-74.01092,40.72943,1.6
-74.01086,40.72963,1.6
-74.01081,40.73011,0.9
-74.01075,40.7306,0.6
-74.01071,40.7311,0.7
-74.01067,40.7316,0.5
-74.01068,40.73191,0.5
-74.01061,40.7326,0.5
-74.01056,40.73289,0.7
-74.01051,40.73336,0.7
-74.01045,40.73383,0.8
-74.0104,40.73455,0.7
-74.01041,40.73488,0.7
-74.01036,40.73543,0.6
-74.01028,40.73588,0.8
-74.01022,40.73668,0.5
-74.01016,40.73748,0.5
-74.01021,40.738,0.4
-74.01025,40.73852,0.3
-74.01026,40.73892,0.3
-74.01017,40.73937,0.6
-74.00993,40.73994,1.0
-74.00979,40.74019,0.8
-74.00947,40.74065,0.4
-74.00942,40.74074,0.5
-74.00929,40.74134,0.5
-74.00916,40.74194,0.7
-74.00899,40.74245,1.1
-74.00887,40.74313,1.1
-74.00875,40.74381,1.0
-74.0087,40.74396,1.0
-74.00873,40.74405,0.9
-74.00878,40.74412,0.7
-74.00877,40.74423,0.6
-74.0087,40.74448,0.4
-74.00859,40.74473,0.5
-74.00853,40.74489,0.7
-74.00838,40.74573,1.0
-74.00823,40.74656,1.1
-74.00808,40.74739,0.9
-74.00793,40.74822,0.8
-74.00793,40.74839,0.9
-74.00802,40.74847,0.9
-74.0082,40.74852,0.8
-74.00829,40.7486,0.9
-74.00839,40.74882,0.8
-74.00853,40.749,0.6
-74.00858,40.74909,0.6
-74.00859,40.7492,0.6
-74.00852,40.74937,0.5
-74.0085,40.74947,0.5
-74.00851,40.74957,0.5
-74.00859,40.7498,0.4
-74.00863,40.75024,0.5
-74.00861,40.75051,0.4
-74.00854,40.75082,0.5
-74.00822,40.75168,0.7
-74.00794,40.75241,2.8
-74.00766,40.75314,3.1
-74.00738,40.75387,3.0
-74.0072,40.75427,3.0
-74.00705,40.75451,3.3
-74.00652,40.75523,2.9
-74.006,40.75596,3.0
-74.00547,40.75668,3.0
-74.00494,40.7574,3.2
-74.00442,40.75813,3.0
-74.00389,40.75885,3.0
-74.00336,40.75958,3.2
-74.00284,40.7603,3.5
-74.00261,40.76062,3.4
-74.0025,40.76083,3.5
-74.00204,40.76144,4.0
-74.00197,40.7615,3.9
-74.00153,40.76204,4.9
-74.0013,40.76224,4.2
-74.00055,40.76281,3.5
-73.99975,40.76333,1.9
-73.99957,40.76349,1.2
-73.99926,40.7639,2.1
-73.99895,40.76431,2.6
-73.99875,40.76449,2.8
-73.99822,40.76522,2.7
-73.99769,40.76595,2.8
-73.99716,40.76668,2.8
-73.99662,40.76741,2.9
-73.99609,40.76814,2.9
-73.99594,40.76837,2.9
-73.99587,40.76852,2.9
-73.99554,40.76897,2.8
-73.99522,40.76942,2.9
-73.99531,40.76959,2.8
-73.99522,40.76973,3.0
-73.9951,40.76999,3.2
-73.99505,40.77014,3.2
-73.99498,40.77067,3.0
-73.99492,40.77121,2.8
-73.99487,40.77136,2.3
-73.99482,40.7715,2.6
-73.9947,40.77168,2.7
-73.99454,40.77187,2.8
-73.9941,40.77247,0.2
-73.99367,40.77307,-0.3
-73.9936,40.77315,0.0
-73.99341,40.77325,0.2
-73.99337,40.77326,0.2
-73.9933,40.77323,0.3
-73.99271,40.77399,0.7
-73.99213,40.77474,0.6
-73.99166,40.77539,1.4
-73.9912,40.77605,2.0
-73.99074,40.7767,1.6
-73.99028,40.77735,1.1
-73.98983,40.77794,0.9
-73.98937,40.77854,0.7
-73.98885,40.77928,0.6
-73.98832,40.78002,0.9
-73.98827,40.78016,0.9
-73.9878,40.78075,1.9
-73.98779,40.78083,2.2
-73.98784,40.78097,2.7
-73.98809,40.78117,1.8
-73.98813,40.78123,0.8
-73.98814,40.7813,0.2
-73.98794,40.78176,0.0
-73.98786,40.78179,1.0
-73.98754,40.78175,4.3
-73.98741,40.78177,4.8
-73.98707,40.78195,6.0
-73.98683,40.7822,6.9
-73.98644,40.78272,11.4
-73.98609,40.78308,11.9
-73.98594,40.78326,12.7
-73.98558,40.78407,8.2
-73.98524,40.7846,9.4
-73.98516,40.78483,8.2
-73.9851,40.78514,5.6
-73.98498,40.78532,6.8
-73.98494,40.7855,8.3
-73.98495,40.78565,9.6
-73.98489,40.78578,9.4
-73.98475,40.78598,9.6
-73.98466,40.78609,9.1
-73.98461,40.78613,8.5
-73.9845,40.78617,7.3
-73.98437,40.78625,7.1
-73.98389,40.78666,9.2
-73.98357,40.7871,9.9
-73.98351,40.7872,9.9
-73.98346,40.7874,8.7
-73.98345,40.78782,5.7
-73.98342,40.78802,4.5
-73.98332,40.78822,3.9
-73.98324,40.78835,3.8
-73.98328,40.78847,1.4
-73.98283,40.78912,1.3
-73.98238,40.78977,1.0
-73.98192,40.79041,1.1
-73.98166,40.79085,1.1
-73.9815,40.79115,1.1
-73.98112,40.79169,1.1
-73.98074,40.79223,1.1
-73.98056,40.79246,1.1
-73.98043,40.79258,1.1
-73.98024,40.79279,1.1
-73.97969,40.79357,1.3
-73.97914,40.79435,0.5
-73.97858,40.79512,1.2
-73.97803,40.7959,0.4
-73.97748,40.79667,0.2
-73.97693,40.79745,0.6
-73.97638,40.79822,1.7
-73.97582,40.799,1.1
-73.97538,40.79959,1.4
-73.97483,40.80038,2.0
-73.97428,40.80118,2.3
-73.97373,40.80197,2.4
-73.97318,40.80276,2.3
-73.97263,40.80355,2.5
-73.97234,40.80391,2.6
-73.97224,40.80409,2.4
-73.97189,40.80454,2.9
-73.97175,40.80467,3.2
-73.97166,40.80482,3.0
-73.97129,40.8053,3.3
-73.97121,40.80547,3.1
-73.97088,40.80586,3.3
-73.97045,40.80642,3.2
-73.97003,40.80699,3.2
-73.96988,40.80712,3.5
-73.9698,40.8073,3.3
-73.96945,40.80773,3.4
-73.96896,40.80847,3.2
-73.96875,40.80871,3.3
-73.96851,40.80902,3.1
-73.96846,40.80909,3.1
-73.96839,40.8093,2.6
-73.96812,40.80967,3.0
-73.96796,40.80994,2.8
-73.96784,40.81009,3.0
-73.9676,40.81048,3.0
-73.96738,40.81087,2.7
-73.96698,40.81145,2.8
-73.96658,40.81203,3.1
-73.96617,40.81261,3.2
-73.96603,40.81275,3.7
-73.96599,40.81289,3.1
-73.96589,40.81305,2.9
-73.96579,40.81317,3.2
-73.96544,40.8135,4.3
-73.96541,40.81355,4.3
-73.96541,40.81367,3.3
-73.96539,40.81371,3.2
-73.96512,40.81403,4.1
-73.96498,40.81434,3.8
-73.96485,40.81455,3.6
-73.96433,40.81535,3.8
-73.96406,40.81571,5.6
-73.96371,40.81613,6.3
-73.96335,40.81656,6.3
-73.96289,40.81707,5.9
-73.96238,40.81757,5.8
-73.96186,40.81808,1.5
-73.96177,40.81813,2.4
-73.96133,40.81853,2.8
-73.961,40.81888,2.9
-73.96037,40.81959,3.0
-73.95974,40.8203,3.1
-73.95973,40.82036,3.0
-73.95966,40.82046,2.9
-73.95923,40.82098,2.2
-73.9588,40.8215,0.9
-73.95868,40.82158,1.3
-73.95859,40.82161,1.7
-73.95831,40.82162,3.1
-73.95822,40.82168,3.8
-73.95764,40.82244,4.9
-73.95741,40.82268,5.1
-73.95714,40.82287,5.5
-73.95646,40.82351,6.2
-73.95604,40.82397,6.1
-73.95553,40.8245,6.5
-73.95502,40.82502,6.7
-73.95448,40.82555,7.2
-73.95429,40.82572,6.7
-73.95369,40.82637,12.3
-73.95306,40.8271,12.6
-73.95296,40.82726,12.5
-73.95295,40.82738,12.0
-73.95301,40.82748,11.2
-73.95339,40.82768,8.4
-73.95367,40.82806,5.8
-73.95373,40.82833,4.2
-73.95372,40.82848,3.8
-73.95366,40.82862,3.9
-73.95317,40.82931,3.7
-73.95274,40.82994,3.6
-73.95231,40.83057,3.6
-73.95189,40.83121,3.6
-73.95168,40.83153,3.7
-73.95138,40.83188,4.0
-73.95136,40.83193,4.0
-73.95139,40.83216,3.3
-73.95133,40.83226,3.2
-73.95089,40.8327,4.4
-73.95081,40.83281,4.6
-73.95078,40.83289,4.6
-73.95078,40.83318,3.7
-73.95073,40.83331,3.6
-73.95063,40.83347,3.6
-73.95018,40.83409,3.2
-73.94998,40.8344,2.5
-73.95003,40.83451,1.7
-73.95,40.83456,1.9
-73.9498,40.83518,1.2
-73.9496,40.8358,0.5
-73.9494,40.83643,3.4
-73.94925,40.83678,14.4
-73.94912,40.83714,12.6
-73.94902,40.83736,12.1
-73.94898,40.83754,9.5
-73.94898,40.8378,4.6
-73.94891,40.83792,4.8
-73.94879,40.83802,6.3
-73.94871,40.83841,6.9
-73.94871,40.83872,3.1
-73.94868,40.83882,3.0
-73.94861,40.83892,4.0
-73.94835,40.83918,7.7
-73.94828,40.83931,7.7
-73.94823,40.83953,7.1
-73.9481,40.83956,7.1
-73.94781,40.83953,5.2
-73.94745,40.83997,5.6
-73.947,40.84072,5.1
-73.94655,40.84146,5.1
-73.94633,40.84189,5.0
-73.94612,40.84244,5.0
-73.94603,40.84275,4.8
-73.94601,40.84284,4.7
-73.94604,40.84293,4.5
-73.94604,40.8432,3.9
-73.94608,40.84368,2.7
-73.94599,40.84442,2.7
-73.94598,40.84463,2.7
-73.94603,40.84508,2.4
-73.94601,40.8454,2.9
-73.94599,40.84623,4.1
-73.94604,40.84661,4.5
-73.94608,40.84673,4.5
-73.94632,40.84694,3.9
-73.94631,40.84704,3.9
-73.94634,40.84724,4.0
-73.94651,40.84737,3.5
-73.94653,40.84746,3.5
-73.94652,40.84824,3.3
-73.9465,40.84901,3.6
-73.94645,40.84928,5.1
-73.94637,40.84952,8.2
-73.94626,40.84977,11.0
-73.94603,40.85018,14.9
-73.94579,40.85052,16.8
-73.94565,40.85069,17.5
-73.94522,40.85115,16.3
-73.94516,40.8512,16.3
-73.94508,40.85125,16.0
-73.94493,40.8513,15.5
-73.94455,40.85136,12.0
-73.9441,40.85148,15.4
-73.94382,40.85154,17.4
-73.94358,40.85155,20.2
-73.94351,40.85154,21.0
-73.94345,40.85151,21.8
-73.94332,40.85139,24.2
-73.94331,40.8513,25.5
-73.94334,40.85123,26.6
-73.94347,40.85108,29.4
-73.94357,40.85102,28.4
-73.94369,40.85098,26.8
-73.94376,40.85091,27.0
-73.94376,40.85083,28.0
-73.94372,40.8508,28.4
-73.94368,40.85078,28.7
-73.94354,40.8508,29.6
-73.94327,40.85092,33.4
-73.94309,40.85105,35.2
-73.94292,40.85122,35.3
-73.94272,40.85148,34.1
-73.94227,40.8519,34.7
-73.94182,40.85231,36.4
-73.94161,40.85254,36.6
-73.94128,40.85304,35.2
-73.94094,40.8535,35.7
-73.94059,40.85397,38.3
-73.94035,40.85447,38.0
-73.94012,40.85498,36.2
-73.93983,40.85535,36.4
-73.93946,40.85578,36.5
-73.9391,40.85622,36.0
-73.93853,40.8569,37.4
-73.93795,40.85757,39.8
-73.93738,40.85825,41.4
-73.93735,40.85831,41.3
-73.93734,40.85844,39.8
-73.93726,40.85856,38.7
-73.93712,40.85872,39.7
-73.93701,40.85881,41.2
-73.93663,40.85924,41.2
-73.93647,40.85936,40.4
-73.93577,40.85974,40.6
-73.93551,40.85997,40.5
-73.93538,40.86016,40.4
-73.93533,40.86031,40.4
-73.93525,40.86097,39.6
-73.93518,40.86123,39.0
-73.93468,40.86202,35.7
-73.93417,40.8628,33.8
-73.93374,40.8635,24.6
-73.93367,40.86368,24.4
-73.93346,40.86429,22.5
-73.93326,40.86489,20.9
-73.93313,40.86516,20.7
-73.93286,40.86562,18.5
-73.9326,40.86608,17.6
-73.93219,40.86664,18.0
-73.93203,40.86692,18.2
-73.932,40.86696,18.2
-73.93193,40.86709,18.3
-73.93166,40.86754,18.7
-73.93139,40.868,20.0
-73.9314,40.86802,19.7
-73.93141,40.86802,19.4
-73.93145,40.86799,19.0
-73.93194,40.86741,14.8
-73.93197,40.8674,14.0
-73.93198,40.86742,13.2
-73.93181,40.8677,13.4
-73.93155,40.86822,11.7
-73.93128,40.86874,4.0
-73.93117,40.86876,4.0
-73.93039,40.86811,4.8
-73.92961,40.86747,5.3
-73.92883,40.86682,5.4
-73.92805,40.86618,8.4
-73.92799,40.86626,8.5
-73.92741,40.86666,11.3
-73.92684,40.86706,15.3
-73.92638,40.86742,16.9
-73.92592,40.86777,18.9
-73.9258,40.86784,19.0
-73.92488,40.86817,18.1
-73.92397,40.86849,16.5
-73.92306,40.86882,16.8
-73.92215,40.86915,16.0
-73.92154,40.86943,14.9
-73.9209,40.86988,16.0
-73.92008,40.87042,18.2
-73.91926,40.87097,20.1
-73.91856,40.87148,20.1
-73.91787,40.87199,18.2
-73.91718,40.8725,12.2
-73.91616,40.87207,17.8
-73.91514,40.87164,14.4
-73.91412,40.87122,10.7
-73.91398,40.87116,10.5
-73.91334,40.87167,10.7
-73.91269,40.87218,11.0
-73.91205,40.87269,10.7
-73.91183,40.87294,10.0
-73.91155,40.87319,9.6
-73.91098,40.87363,8.8
-73.91041,40.87406,8.1
-73.90963,40.87455,7.2
-73.90894,40.8751,5.3
-73.90825,40.87564,4.6
-73.90839,40.87579,4.5
-73.90846,40.87629,5.6
-73.90854,40.87678,8.6
-73.90863,40.87692,8.9
-73.90897,40.87717,10.0
-73.90906,40.87722,10.3
-73.90854,40.87776,6.7
-73.90802,40.8783,8.0
-73.90852,40.87864,6.2
-73.90903,40.87898,5.8
-73.90968,40.87952,5.3
-73.90901,40.88021,6.1
-73.90833,40.8809,5.8
-73.90766,40.88159,5.8
-73.90725,40.88198,5.8
-73.90653,40.88261,5.8
-73.9058,40.88323,5.8
-73.90508,40.88386,5.8
-73.90435,40.88449,6.0
-73.90362,40.88511,5.9
-73.9029,40.88574,6.6
-73.90217,40.88637,7.0
-73.90145,40.88699,7.1
-73.90237,40.88725,9.8
-73.90248,40.88744,11.7
-73.90254,40.88774,14.2
-73.90272,40.88841,16.8
-73.90279,40.88879,21.6
-73.90278,40.88896,22.3
-73.90274,40.88912,22.6
-73.90265,40.88911,22.3
-73.902,40.88916,20.3
-73.90186,40.88916,20.3
-73.9017,40.88912,20.3
-73.90126,40.88893,16.8
-73.90109,40.8889,16.0
-73.90093,40.88891,15.2
-73.9008,40.88895,14.6
-73.90069,40.889,14.0
-73.90014,40.88945,12.7
-73.89988,40.88956,12.2
-73.89966,40.8896,11.1
-73.89936,40.88961,9.8
-73.89877,40.88953,6.3
-73.89819,40.88945,6.1
-73.89807,40.8895,6.2
-73.89805,40.88954,6.1
-73.89781,40.88947,6.8
-73.89731,40.88938,6.5
-73.89697,40.88935,6.1
-73.89675,40.8893,6.1
-73.89659,40.88925,6.0
-73.89611,40.88902,6.4
-73.89583,40.88891,6.4
-73.89553,40.88882,6.2
-73.89523,40.88876,6.0
-73.89477,40.88872,6.0
-73.89443,40.88879,6.0
-73.89419,40.88863,6.0
-73.89397,40.88867,6.0
-73.8938,40.88883,6.0
-73.89356,40.88899,6.0
-73.89339,40.88906,6.0
-73.89331,40.88906,6.0
-73.89344,40.88922,6.0
-73.89342,40.88927,6.0
-73.89318,40.88944,6.2
-73.89307,40.88951,6.3
-73.89261,40.88985,6.8
-73.89216,40.89015,8.0
-73.89171,40.89045,8.0
-73.89108,40.89093,7.3
-73.89043,40.89152,6.0
-73.89001,40.89199,6.0
-73.88981,40.89236,6.0
-73.88974,40.89249,6.0
-73.88937,40.89307,6.0
-73.88907,40.8936,6.0
-73.88877,40.89414,6.0
-73.88851,40.89466,6.0
-73.88826,40.89518,6.0
-73.88802,40.89573,6.0
-73.88783,40.89626,6.0
-73.88771,40.89673,6.0
-73.88749,40.8975,6.0
-73.88726,40.89827,6.2
-73.88703,40.89904,6.7
-73.88679,40.89973,6.6
-73.88654,40.90043,6.6
-73.88644,40.90088,7.5
-73.88634,40.90134,8.2
-73.88611,40.90211,7.8
-73.88588,40.90287,8.3
-73.88565,40.90363,8.4
-73.88542,40.90439,8.5
-73.88529,40.90482,8.6
-73.88516,40.90528,8.7
-73.88503,40.90575,8.7
-73.885,40.90586,8.7
-73.88495,40.90604,8.7
-73.88489,40.90665,8.7
-73.88484,40.90726,8.7
-73.88478,40.90787,10.1
-73.88477,40.9084,10.3
-73.88475,40.90894,9.8
-73.88471,40.9095,10.0
-73.88467,40.91006,10.0
-73.88457,40.91058,9.9
-73.88437,40.91139,9.4
-73.88416,40.91219,10.6
-73.88395,40.913,10.5
-73.88374,40.91381,10.6
-73.88353,40.91461,11.5
-73.88332,40.91542,11.6
-73.88316,40.91617,11.6
-73.88301,40.91692,11.6
-73.88285,40.91767,13.8
-73.88269,40.91842,14.6
-73.88251,40.91893,14.5
-73.88228,40.91949,14.5
-73.88192,40.92027,16.3
-73.88156,40.92104,18.5
-73.8812,40.92181,21.6
-73.88084,40.92258,24.3
-73.88062,40.92316,24.1
-73.88053,40.92382,26.5
-73.88044,40.92448,25.3
-73.88035,40.92514,26.6
-73.88029,40.92536,27.1
-73.88005,40.92596,28.5
-73.87995,40.92614,29.2
-73.8796,40.92663,29.2
-73.87927,40.92703,32.0
-73.87894,40.92744,32.2
-73.87878,40.92768,32.3
-73.8785,40.92828,35.2
-73.87837,40.9287,36.0
-73.87821,40.92945,38.1
-73.87804,40.93016,37.9
-73.87792,40.93044,36.5
-73.87782,40.93059,36.3
-73.87752,40.93095,34.4
-73.87733,40.93115,31.5
-73.87709,40.93137,30.7
-73.87681,40.93158,32.4
-73.8762,40.93197,36.0
-73.87546,40.93243,40.3
-73.87487,40.93276,42.4
-73.87427,40.93309,44.0
-73.87388,40.93328,45.1
-73.87341,40.9335,46.4
-73.87295,40.93379,46.2
-73.87255,40.93411,46.4
-73.87229,40.93434,46.3
-73.87205,40.93459,46.3
-73.87168,40.93503,46.3
-73.87157,40.9352,46.4
-73.87134,40.93563,47.3
-73.87089,40.9364,49.6
-73.87044,40.93718,51.4
-73.86999,40.93796,52.2
-73.86954,40.93873,55.4
-73.86916,40.93939,55.9
-73.86868,40.94013,58.4
-73.8682,40.94086,59.2
-73.86758,40.94153,61.7
-73.86726,40.94181,61.9
-73.86686,40.94209,62.1
-73.86636,40.94233,62.2
-73.86592,40.94247,62.3
-73.86513,40.94259,63.7
-73.86469,40.9426,65.3
-73.86441,40.94258,65.8
-73.86373,40.94245,65.8
-73.86305,40.94232,65.7
-73.86225,40.94227,66.1
-73.86173,40.94231,68.5
-73.86128,40.94241,68.4
-73.86092,40.94251,68.1
-73.86031,40.9427,68.6
-73.85975,40.94298,68.3
-73.8592,40.94333,69.7
-73.85872,40.94373,69.7
-73.85826,40.9442,69.7
-73.85781,40.94468,69.7
-73.85753,40.94498,74.4
-73.85735,40.94521,75.3
-73.85708,40.94541,74.3
-73.85658,40.94593,71.7
-73.85607,40.94646,71.4
-73.85564,40.94687,71.5
-73.85533,40.94723,70.9
-73.85517,40.94747,70.1
-73.85504,40.94779,68.0
-73.85499,40.94805,66.8
-73.85496,40.94835,63.5
-73.85499,40.94859,61.6
-73.85511,40.94889,60.7
-73.85525,40.94912,60.8
-73.85542,40.94932,60.7
-73.85561,40.9495,60.9
-73.85591,40.9497,61.8
-73.85632,40.94993,63.6
-73.85676,40.95013,64.3
-73.85758,40.95045,61.9
-73.85839,40.95077,59.5
-73.85921,40.9511,57.0
-73.85952,40.95125,57.9
-73.85973,40.95138,58.3
-73.85991,40.95151,58.3
-73.86051,40.95221,54.3
-73.86111,40.9529,58.5
-73.86129,40.95307,58.1
-73.86174,40.95333,57.6
-73.8621,40.95348,54.9
-73.86237,40.95356,53.4
-73.86265,40.95361,52.9
-73.86329,40.95369,50.3
-73.86393,40.95378,47.3
-73.86434,40.95386,45.6
-73.86468,40.95397,45.1
-73.86506,40.95412,44.9
-73.86541,40.95429,46.5
-73.86567,40.95445,47.2
-73.86591,40.95463,47.8
-73.86624,40.95495,48.4
-73.86654,40.95531,51.1
-73.86676,40.9558,51.1
-73.86688,40.95619,50.0
-73.8673,40.95668,47.9
-73.86755,40.9571,47.2
-73.86779,40.95752,46.9
-73.86809,40.95822,46.5
-73.86839,40.95891,44.9
-73.86851,40.95912,44.3
-73.86886,40.95994,42.9
-73.86904,40.96042,42.5
-73.86927,40.9609,41.7
-73.8695,40.96137,40.9
-73.86961,40.96166,39.6
-73.86976,40.96224,38.7
-73.86991,40.96278,37.9
-73.87005,40.96332,37.0
-73.87021,40.96384,36.3
-73.87037,40.96437,33.8
-73.87049,40.96504,34.2
-73.87062,40.96571,34.7
-73.87072,40.96621,33.8
-73.87083,40.96671,34.3
-73.87083,40.96702,34.3
-73.87081,40.96741,34.2
-73.87069,40.96782,34.3
-73.87046,40.96844,34.3
-73.87008,40.9691,34.5
-73.86969,40.96977,34.4
-73.86931,40.97043,34.3
-73.86892,40.97109,34.2
-73.86854,40.97176,34.4
-73.86824,40.97246,34.5
-73.86796,40.97324,34.9
-73.86779,40.97391,35.1
-73.86775,40.97421,35.2
-73.8677,40.9749,35.2
-73.86765,40.97558,35.2
-73.8676,40.97627,35.3
-73.86756,40.97702,35.2
-73.86751,40.97776,35.1
-73.86747,40.97851,35.1
-73.86743,40.97925,35.4
-73.86735,40.97973,35.2
-73.86728,40.98021,34.8
-73.86702,40.98093,34.3
-73.86676,40.98166,34.3
-73.86672,40.9818,34.4
-73.86648,40.98249,34.5
-73.86624,40.98318,34.9
-73.86596,40.98404,35.2
-73.86567,40.9849,35.5
-73.86539,40.98575,35.7
-73.86511,40.98661,36.0
-73.86482,40.98747,36.1
-73.86461,40.98816,36.1
-73.86444,40.9886,36.1
-73.86428,40.98904,36.1
-73.86403,40.98952,36.2
-73.86379,40.98999,36.4
-73.86331,40.99072,36.3
-73.86284,40.99145,36.3
-73.86237,40.99218,36.4
-73.86189,40.99291,38.7
-73.86142,40.99363,38.5
-73.86095,40.99436,38.6
-73.86048,40.99509,38.5
-73.86,40.99582,37.8
-73.85953,40.99655,37.1
-73.85906,40.99727,37.1
-73.8586,40.99799,37.2
-73.85814,40.99871,36.9
-73.85768,40.99944,36.7
-73.85757,40.99961,36.6
-73.85715,41.00027,36.5
-73.85673,41.00093,36.3
-73.85631,41.00159,36.4
-73.85579,41.00227,36.6
-73.8554,41.00283,36.8
-73.85501,41.00339,37.3
-73.85465,41.00415,38.8
-73.85421,41.0048,37.7
-73.85377,41.00545,38.4
-73.85365,41.00561,38.6
-73.85344,41.00603,39.1
-73.85331,41.00639,39.0
-73.85305,41.00716,39.0
-73.85284,41.00795,39.9
-73.85265,41.00851,39.7
-73.85227,41.00934,39.8
-73.85219,41.00951,39.8
-73.85204,41.00982,39.9
-73.85169,41.01033,40.5
-73.85114,41.01095,42.6
-73.85059,41.01158,42.9
-73.85004,41.01221,43.0
-73.8495,41.01283,43.0
-73.84895,41.01346,44.9
-73.84863,41.01389,45.4
-73.84832,41.01432,44.7
-73.84811,41.0149,44.3
-73.8479,41.01549,43.8
-73.84776,41.01611,43.8
-73.84762,41.01673,43.8
-73.84749,41.01743,44.0
-73.84735,41.01812,45.3
-73.84721,41.01882,46.6
-73.84707,41.01942,48.1
-73.84693,41.02002,48.9
-73.8468,41.02062,50.7
-73.84651,41.02138,48.5
-73.84622,41.02214,46.2
-73.84594,41.02252,46.5
-73.84572,41.02277,45.5
-73.84549,41.02296,46.0
-73.84535,41.02308,46.4
-73.84492,41.02348,47.6
-73.84448,41.02389,51.3
-73.84446,41.02394,51.3
-73.84449,41.02411,50.8
-73.84428,41.02477,50.5
-73.84392,41.02546,50.1
-73.84377,41.0261,50.4
-73.84362,41.02674,51.5
-73.84362,41.02736,51.3
-73.84355,41.02755,51.2
-73.84338,41.02822,50.5
-73.84322,41.02834,50.9
-73.84296,41.02847,52.3
-73.84265,41.02929,51.8
-73.84234,41.03001,51.7
-73.84203,41.03072,52.0
-73.84172,41.03144,51.6
-73.84141,41.03215,51.5
-73.8411,41.03287,51.2
-73.84079,41.03358,51.1
-73.84058,41.0341,51.0
-73.84037,41.03462,50.9
-73.84032,41.03473,50.8
-73.84008,41.03531,50.8
-73.83984,41.03589,51.4
-73.83938,41.03637,50.8
-73.83892,41.03684,50.8
-73.83832,41.0375,50.8
-73.83808,41.03793,50.9
-73.83785,41.03836,51.5
-73.8376,41.03908,52.9
-73.83749,41.03976,54.0
-73.83738,41.04029,55.9
-73.83726,41.04082,55.1
-73.83699,41.04139,53.1
-73.83645,41.04217,52.9
-73.83611,41.04254,53.4
-73.83577,41.04291,55.1
-73.83521,41.04335,53.7
-73.83508,41.04344,53.4
-73.83483,41.04364,52.8
-73.8347,41.04385,52.8
-73.83434,41.04418,53.1
-73.83412,41.04424,53.5
-73.83382,41.04429,54.1
-73.83372,41.04432,54.4
-73.83333,41.04466,54.2
-73.83293,41.04501,53.7
-73.83219,41.0454,53.5
-73.83144,41.0458,53.7
-73.83131,41.04586,53.8
-73.83063,41.04623,54.1
-73.82995,41.0466,54.6
-73.82925,41.04692,54.4
-73.82856,41.04724,54.4
-73.82787,41.04755,54.5
-73.82702,41.04805,54.4
-73.82618,41.04855,54.4
-73.82559,41.04898,54.1
-73.825,41.0494,53.7
-73.82441,41.04983,52.9
-73.82373,41.05041,52.8
-73.82361,41.05052,52.8
-73.82301,41.05113,52.8
-73.8225,41.05186,52.8
-73.82198,41.05259,52.8
-73.82147,41.05333,52.8
-73.82096,41.05406,52.8
-73.82065,41.05463,53.1
-73.82046,41.05505,53.2
-73.82041,41.05516,53.1
-73.82064,41.05526,53.0
-73.82083,41.05535,52.9
-73.82078,41.05545,52.9
-73.82062,41.05605,52.8
-73.82061,41.05636,52.8
-73.82063,41.05661,52.8
-73.8208,41.05701,52.8
-73.82102,41.05731,52.8
-73.82122,41.05745,52.8
-73.82133,41.05761,52.8
-73.82138,41.05778,52.8
-73.82116,41.05833,52.8
-73.82113,41.05888,52.8
-73.82109,41.05904,52.8
-73.82081,41.05942,52.8
-73.82028,41.0597,52.8
-73.81975,41.05999,52.8
-73.81964,41.06065,52.8
-73.81953,41.06131,53.8
-73.81943,41.06197,56.0
-73.81928,41.06255,57.2
-73.81913,41.06313,57.4
-73.8191,41.06365,57.4
-73.81916,41.06417,57.6
-73.81923,41.06444,57.6
-73.81931,41.06465,57.6
-73.81944,41.06489,58.2
-73.81962,41.06517,58.3
-73.8198,41.06539,58.1
-73.82001,41.06559,57.9
-73.82025,41.06578,57.5
-73.82057,41.066,58.0
-73.82144,41.06651,59.0
-73.82231,41.06701,60.3
-73.82318,41.06752,60.7
-73.82343,41.06771,60.8
-73.82362,41.0679,60.8
-73.82413,41.0685,61.1
-73.82434,41.0688,61.3
-73.82467,41.06935,63.6
-73.82487,41.06963,63.9
-73.82511,41.0699,64.2
-73.82543,41.07019,63.8
-73.82573,41.07043,63.9
-73.82605,41.07066,64.3
-73.82672,41.07101,63.5
-73.82706,41.07116,63.6
-73.82786,41.07142,64.2
-73.82823,41.07151,64.8
-73.8287,41.07158,66.4
-73.82972,41.0717,67.3
-73.83073,41.07182,67.6
-73.83109,41.0719,67.3
-73.83141,41.072,66.8
-73.83166,41.07211,65.7
-73.83192,41.07227,63.2
-73.83215,41.07245,64.5
-73.83238,41.07267,65.9
-73.83255,41.07291,65.1
-73.83279,41.07347,65.4
-73.83304,41.07432,68.7
-73.83329,41.07516,67.3
-73.83354,41.07601,68.7
-73.83358,41.07628,67.9
-73.83357,41.07658,68.0
-73.83351,41.07686,70.1
-73.8334,41.07715,71.0
-73.83325,41.07739,71.3
-73.83301,41.0777,71.3
-73.83275,41.07793,71.4
-73.8324,41.07819,72.2
-73.83163,41.07868,70.9
-73.83086,41.07917,71.1
-73.83009,41.07967,74.8
-73.82957,41.08006,73.1
-73.82907,41.08049,70.3
-73.82888,41.08069,68.5
-73.82869,41.08093,67.9
-73.82858,41.08107,67.6
-73.82845,41.08122,67.2
-73.82787,41.08186,70.0
-73.82754,41.08225,71.6
-73.82697,41.08291,74.5
-73.8264,41.08357,74.8
-73.82583,41.08422,75.7
-73.82526,41.08488,75.5
-73.82469,41.08554,79.3
-73.82412,41.0862,79.4
-73.82355,41.08685,78.4
-73.82309,41.08736,78.3
-73.82263,41.08787,77.9
-73.82231,41.08827,76.1
-73.82192,41.08887,73.7
-73.82153,41.08948,72.8
-73.82114,41.09027,74.2
-73.82075,41.09107,74.9
-73.82035,41.09186,70.0
-73.81996,41.09266,71.3
-73.81972,41.09302,72.0
-73.8194,41.0934,72.2
-73.81913,41.09366,72.0
-73.81881,41.09393,72.3
-73.81842,41.09418,72.0
-73.81799,41.09442,72.3
-73.8171,41.09483,72.1
-73.81621,41.09524,72.3
-73.81531,41.09564,73.6
-73.81442,41.09605,70.9
-73.81353,41.09646,69.8
-73.81309,41.0967,69.8
-73.81282,41.09689,69.9
-73.81257,41.09714,70.7
-73.81237,41.0974,73.1
-73.81221,41.09766,74.0
-73.81213,41.09794,75.6
-73.81208,41.09822,75.8
-73.81208,41.09852,75.9
-73.81219,41.09913,75.3
-73.8123,41.09975,73.6
-73.81242,41.10036,72.9
-73.81247,41.10085,76.1
-73.81252,41.10134,76.9
-73.8125,41.10175,76.8
-73.81246,41.1021,76.3
-73.81239,41.1025,76.6
-73.81221,41.10333,77.2
-73.81206,41.10372,76.2
-73.81187,41.10413,78.7
-73.81165,41.10456,80.4
-73.81143,41.10499,81.2
-73.81116,41.10536,81.5
-73.81086,41.10574,82.8
-73.81045,41.1062,83.3
-73.80982,41.10682,81.8
-73.8092,41.10744,82.0
-73.80858,41.10805,82.1
-73.80796,41.10867,84.4
-73.80733,41.10928,85.0
-73.80671,41.1099,84.5
-73.80609,41.11051,88.3
-73.80589,41.11074,88.1
-73.80575,41.11101,87.3
-73.80565,41.11129,86.1
-73.80563,41.11155,85.3
-73.80565,41.11186,84.2
-73.8059,41.11244,82.8
-73.80602,41.11265,82.4
-73.80641,41.11315,83.6
-73.80679,41.11364,86.1
-73.80688,41.11381,86.2
-73.807,41.11412,86.0
-73.8071,41.11463,85.6
-73.80713,41.11516,85.0
-73.80716,41.1157,85.5
-73.80721,41.11612,86.1
-73.80729,41.11667,87.8
-73.80738,41.11723,89.0
-73.80752,41.11758,88.3
-73.80781,41.11803,87.6
-73.80796,41.11832,86.8
-73.80812,41.11867,85.3
-73.80822,41.119,85.7
-73.80836,41.11932,86.1
-73.80877,41.12005,85.0
-73.80919,41.12078,85.6
-73.8096,41.12151,85.2
-73.80986,41.12201,85.4
-73.81035,41.12281,85.0
-73.81049,41.12299,85.3
-73.8106,41.1231,85.6
-73.81067,41.12322,85.8
-73.81072,41.12336,86.8
-73.8108,41.12378,85.6
-73.81095,41.12418,84.7
-73.81106,41.12435,84.0
-73.81117,41.12448,83.6
-73.81143,41.12494,81.2
-73.81157,41.12514,81.2
-73.81194,41.12584,79.0
-73.81213,41.1261,78.7
-73.81268,41.12673,78.6
-73.81323,41.12735,78.2
-73.81347,41.12758,78.2
-73.81388,41.12792,78.3
-73.81429,41.12827,77.6
-73.81504,41.12881,76.2
-73.81578,41.12935,73.5
-73.81617,41.12966,73.0
-73.81651,41.12995,73.0
-73.8168,41.13026,72.9
-73.81701,41.13058,69.5
-73.81719,41.13092,70.0
-73.81754,41.13167,70.1
-73.81789,41.13243,69.9
-73.8183,41.13316,69.7
-73.8184,41.13332,69.7
-73.81851,41.13352,69.7
-73.81885,41.13427,69.8
-73.81919,41.13512,69.8
-73.8195,41.13581,70.0
-73.8198,41.1365,69.9
-73.82011,41.13719,70.1
-73.82041,41.13788,69.9
-73.82066,41.1385,69.9
-73.82097,41.13918,69.9
-73.82129,41.13987,69.9
-73.8216,41.14056,69.8
-73.82192,41.14124,70.1
-73.82215,41.14183,70.0
-73.82238,41.14241,71.4
-73.82261,41.14299,72.1
-73.82281,41.14342,72.2
-73.82301,41.14385,73.5
-73.82326,41.14428,74.3
-73.8235,41.14471,75.1
-73.82364,41.14502,75.7
-73.82384,41.14565,76.2
-73.82405,41.14627,75.2
-73.82425,41.1469,73.6
-73.82448,41.14739,72.9
-73.8247,41.14788,72.9
-73.82478,41.14803,72.9
-73.8251,41.14855,72.9
-73.8255,41.14938,74.2
-73.82579,41.15011,74.4
-73.82586,41.15056,74.7
-73.82594,41.15102,75.7
-73.82608,41.15106,73.4
-73.82601,41.15124,74.7
-73.82598,41.15164,75.6
-73.82591,41.1519,75.7
-73.82587,41.15204,75.8
-73.82569,41.15266,76.3
-73.82544,41.15334,79.4
-73.82518,41.15402,79.7
-73.82492,41.15471,83.4
-73.82467,41.15539,90.0
-73.82451,41.15535,82.0
-73.82397,41.15613,80.0
-73.82351,41.15668,80.7
-73.82305,41.15723,80.2
-73.82246,41.15792,81.2
-73.82186,41.15861,80.9
-73.82127,41.15931,81.4
-73.8207,41.15993,82.0
-73.82007,41.16068,82.0
-73.81943,41.16143,82.3
-73.81879,41.16218,83.9
-73.81837,41.16265,84.8
-73.81818,41.16291,86.5
-73.81797,41.16334,86.2
-73.81788,41.1635,86.1
-73.81774,41.16365,86.2
-73.81721,41.16403,87.1
-73.81686,41.16442,86.9
-73.81668,41.16467,86.9
-73.81633,41.16532,88.0
-73.81617,41.16556,88.6
-73.81576,41.16637,86.9
-73.81538,41.16717,87.8
-73.815,41.16798,87.1
-73.81462,41.16879,87.1
-73.81424,41.16959,87.6
-73.81386,41.1704,87.9
-73.81348,41.17121,89.6
-73.8131,41.17201,93.1
-73.81272,41.17282,93.5
-73.81234,41.17363,93.5
-73.81219,41.17407,96.1
-73.81205,41.17452,98.2
-73.81175,41.17485,94.6
-73.81148,41.17531,96.2
-73.81148,41.17541,97.1
-73.81154,41.17555,100.1
-73.81185,41.17579,103.8
-73.81188,41.17582,103.2
-73.81189,41.1759,102.8
-73.81182,41.1766,98.7
-73.81174,41.17731,96.1
-73.81167,41.17801,96.0
-73.8116,41.17872,99.4
-73.81155,41.17893,99.3
-73.81144,41.17928,100.7
-73.81129,41.1796,102.6
-73.81116,41.17985,103.9
-73.81098,41.1801,103.7
-73.81042,41.18087,106.7
-73.80985,41.18164,106.4
-73.80929,41.18241,106.5
-73.80873,41.18319,107.2
-73.80827,41.1838,106.3
-73.8077,41.18446,106.2
-73.80726,41.18488,106.2
-73.8065,41.18555,104.7
-73.80603,41.18593,104.7
-73.80556,41.18631,104.7
-73.80531,41.18615,104.7
-73.80495,41.18594,104.7
-73.80477,41.18592,104.7
-73.80469,41.18593,104.7
-73.80448,41.18597,104.7
-73.80402,41.18627,104.7
-73.80356,41.18657,104.7
-73.80328,41.1868,104.7
-73.80303,41.18695,104.7
-73.80291,41.18697,104.7
-73.8028,41.18696,104.7
-73.80222,41.18683,104.7
-73.80198,41.18681,104.7
-73.80162,41.18682,104.7
-73.80106,41.18688,104.7
-73.80074,41.18695,104.7
-73.80066,41.18695,104.7
-73.80054,41.1869,104.7
-73.80003,41.18733,104.7
-73.79952,41.18777,104.7
-73.79908,41.188,104.7
-73.79886,41.18817,104.7
-73.79876,41.18831,104.7
-73.7987,41.18841,104.7
-73.79829,41.18875,104.7
-73.79781,41.18907,104.7
-73.79726,41.18947,105.0
-73.79671,41.18986,104.5
-73.79666,41.18996,104.3
-73.79627,41.19032,103.4
-73.79608,41.19054,103.3
-73.7957,41.19078,101.0
-73.79488,41.19141,100.6
-73.79418,41.19193,100.7
-73.79349,41.19244,99.8
-73.79285,41.19299,99.6
-73.79221,41.19354,97.6
-73.79191,41.19408,96.3
-73.79161,41.19461,95.0
-73.79144,41.19542,91.3
-73.79127,41.19623,91.2
-73.7911,41.19704,93.8
-73.79078,41.19779,92.9
-73.79046,41.19854,93.6
-73.79018,41.19923,94.7
-73.7899,41.19992,97.6
-73.78962,41.20061,95.7
-73.78934,41.20128,93.8
-73.78905,41.20196,90.6
-73.78872,41.20267,88.4
-73.78839,41.2035,87.9
-73.78806,41.20432,89.5
-73.78774,41.20504,88.1
-73.78741,41.20545,86.9
-73.78708,41.20587,86.1
-73.78656,41.20661,85.3
-73.78658,41.20679,83.5
-73.78633,41.20715,81.0
-73.78629,41.20724,80.4
-73.78618,41.20764,76.2
-73.78613,41.20799,72.5
-73.78613,41.20835,68.9
-73.78618,41.20883,74.5
-73.78622,41.20931,76.0
-73.78618,41.20981,72.9
-73.78614,41.21031,73.3
-73.78607,41.21077,72.7
-73.78596,41.21123,69.9
-73.78585,41.21157,69.9
-73.78569,41.2119,67.5
-73.78553,41.21213,66.9
-73.78502,41.2128,68.4
-73.78465,41.21322,68.5
-73.78429,41.21364,68.0
-73.7842,41.21376,67.9
-73.78409,41.21406,68.1
-73.78404,41.21428,67.8
-73.78392,41.21441,67.6
-73.78375,41.21464,67.3
-73.78368,41.21476,67.1
-73.78365,41.21532,66.5
-73.78362,41.21548,66.6
-73.78355,41.21565,66.2
-73.78336,41.21606,63.8
-73.78323,41.21629,63.2
-73.78303,41.21657,62.0
-73.78274,41.21693,61.7
-73.78266,41.21704,61.6
-73.78208,41.21779,61.2
-73.7815,41.21854,64.5
-73.78095,41.21917,68.4
-73.78044,41.21966,69.7
-73.77974,41.22023,70.2
-73.77904,41.22079,70.0
-73.77855,41.22127,72.2
-73.77821,41.22167,72.6
-73.77803,41.22192,72.7
-73.77772,41.22246,75.2
-73.77761,41.22273,75.0
-73.77741,41.22335,72.9
-73.77731,41.22404,69.8
-73.77722,41.22474,69.4
-73.77713,41.22543,60.8
-73.77703,41.22613,61.6
-73.77693,41.22689,62.6
-73.77684,41.22765,63.5
-73.77678,41.22824,64.3
-73.77678,41.22847,66.1
-73.77687,41.22887,68.4
-73.77704,41.22929,70.9
-73.77708,41.22936,71.3
-73.77722,41.2295,72.1
-73.77756,41.22963,73.6
-73.77774,41.22973,73.9
-73.778,41.22993,74.1
-73.77815,41.23009,74.4
-73.77801,41.23022,76.8
-73.77803,41.23029,78.0
-73.77825,41.23049,78.1
-73.77843,41.23069,79.2
-73.77895,41.23129,78.1
-73.77909,41.23153,78.3
-73.77925,41.23202,80.0
-73.77953,41.23264,82.6
-73.77969,41.23289,82.6
-73.78004,41.23327,80.7
-73.78033,41.23349,78.6
-73.78057,41.23365,76.8
-73.78088,41.23381,74.9
-73.78137,41.23399,76.6
-73.78179,41.23409,80.2
-73.7828,41.23423,89.3
-73.78345,41.23436,90.4
-73.78382,41.23449,90.5
-73.78408,41.2346,90.3
-73.78438,41.23476,90.4
-73.78474,41.23501,90.9
-73.7852,41.23543,91.8
-73.78583,41.23605,95.8
-73.78645,41.23668,97.0
-73.7867,41.23695,97.0
-73.78707,41.23743,97.7
-73.78726,41.2378,99.4
-73.78738,41.23811,99.5
-73.78749,41.23849,99.2
-73.78753,41.23893,99.4
-73.7875,41.2397,101.8
-73.78742,41.24054,102.9
-73.7874,41.24099,102.3
-73.78739,41.24135,103.2
-73.78743,41.24181,104.8
-73.78752,41.24226,107.8
-73.78761,41.24271,110.0
-73.78776,41.24332,109.4
-73.78791,41.24393,110.6
-73.788,41.2444,111.0
-73.78808,41.24503,112.1
-73.78815,41.24586,113.3
-73.78823,41.24669,114.4
-73.78825,41.24683,114.5
-73.78833,41.24766,115.7
-73.78841,41.2485,117.9
-73.78849,41.24934,118.1
-73.78857,41.25017,118.5
-73.7886,41.25064,119.4
-73.78862,41.25111,120.9
-73.7886,41.25138,121.4
-73.78848,41.25214,122.2
-73.78833,41.25289,123.9
-73.78817,41.25364,123.0
-73.78808,41.25392,123.1
-73.78788,41.25441,124.1
-73.78757,41.25503,125.0
-73.78726,41.25566,126.7
-73.78695,41.25629,127.1
-73.78671,41.25669,127.0
-73.78639,41.25715,129.8
-73.78586,41.25784,130.1
-73.78534,41.25854,131.8
-73.78481,41.25924,132.9
-73.78433,41.25971,132.8
-73.78423,41.25981,132.8
-73.78411,41.25996,132.8
-73.78347,41.26059,132.8
-73.78284,41.26122,132.8
-73.7822,41.26185,132.8
-73.7818,41.2624,132.8
-73.78153,41.26295,132.8
-73.78136,41.26352,132.8
-73.78123,41.26429,132.8
-73.7811,41.26507,132.8
-73.78097,41.26584,132.8
-73.78085,41.26662,132.8
-73.78072,41.26739,132.8
-73.78077,41.26785,132.8
-73.78076,41.26814,132.8
-73.78066,41.26848,132.8
-73.78046,41.26886,132.8
-73.78039,41.26946,132.9
-73.78027,41.27006,133.5
-73.78015,41.27065,134.1
-73.78021,41.27083,134.3
-73.78007,41.27131,133.8
-73.77998,41.27203,133.8
-73.77989,41.27276,133.8
-73.77978,41.27321,133.8
-73.77967,41.27365,133.8
-73.77961,41.27378,133.8
-73.77932,41.27422,133.9
-73.77903,41.27466,133.7
-73.77829,41.27537,131.2
-73.77756,41.27574,128.1
-73.77684,41.27611,123.4
-73.77612,41.27649,123.0
-73.77598,41.27656,123.0
-73.77565,41.27674,122.9
-73.77513,41.2771,125.7
-73.7748,41.27739,126.1
-73.77458,41.27766,125.0
-73.77432,41.27801,124.6
-73.77428,41.27817,124.3
-73.77415,41.27846,124.2
-73.77391,41.27924,123.6
-73.77389,41.28003,122.9
-73.77387,41.28083,123.6
-73.77389,41.28101,123.2
-73.77386,41.28127,122.7
-73.77377,41.28161,121.8
-73.77364,41.28195,121.6
-73.77341,41.28242,121.5
-73.77333,41.28255,121.3
-73.77278,41.2832,120.7
-73.77223,41.28386,115.5
-73.77168,41.28452,116.2
-73.77157,41.28464,116.4
-73.77114,41.28515,117.0
-73.77071,41.28566,116.6
-73.77028,41.28616,116.0
-73.76998,41.28654,115.6
-73.76983,41.28676,115.7
-73.76958,41.28724,115.5
-73.76947,41.28754,115.4
-73.76938,41.28792,116.3
-73.76933,41.28852,121.2
-73.76937,41.28902,125.5
-73.76954,41.28959,125.3
-73.76967,41.28987,127.3
-73.7699,41.2903,128.9
-73.77014,41.29072,127.9
-73.7703,41.29121,127.4
-73.77038,41.29164,127.9
-73.77039,41.29187,129.2
-73.7704,41.29205,129.6
-73.77036,41.29249,129.2
-73.77013,41.29323,131.0
-73.76983,41.29399,130.8
-73.76953,41.29475,130.9
-73.76924,41.29551,131.6
-73.76894,41.29627,132.6
-73.76864,41.29703,133.9
-73.76847,41.29751,136.8
-73.76829,41.29799,137.3
-73.76818,41.29837,139.0
-73.76807,41.29885,140.1
-73.76797,41.29948,140.7
-73.76787,41.30012,140.1
-73.76777,41.30075,144.0
-73.76763,41.30153,144.5
-73.76749,41.3023,145.3
-73.76735,41.30307,146.6
-73.76722,41.30385,148.3
-73.76712,41.30416,148.5
-73.76697,41.30447,149.1
-73.76678,41.30479,149.8
-73.76656,41.30507,150.6
-73.76607,41.30557,151.3
-73.76534,41.30618,153.2
-73.76495,41.30655,157.8
-73.76466,41.30691,157.2
-73.76434,41.30743,155.2
-73.76417,41.30782,154.6
-73.76392,41.30862,153.0
-73.76367,41.30942,152.9
-73.76342,41.31023,154.6
-73.76321,41.31094,155.0
-73.763,41.31164,155.7
-73.76279,41.31235,155.3
-73.76264,41.31282,157.0
-73.76249,41.3133,159.4
-73.76232,41.31388,161.7
-73.76216,41.31446,162.4
-73.76193,41.31487,161.7
-73.76159,41.31533,160.1
-73.76133,41.31577,158.3
-73.76106,41.31622,158.1
-73.76078,41.31667,157.6
-73.7605,41.31711,157.1
-73.76002,41.31787,156.7
-73.75953,41.31862,155.9
-73.75905,41.31938,151.7
-73.75876,41.31982,151.3
-73.75847,41.32026,149.9
-73.75804,41.32095,147.8
-73.75794,41.32116,147.4
-73.75778,41.32164,145.8
-73.75772,41.32208,145.6
-73.75771,41.3224,145.0
-73.75776,41.32291,142.1
-73.75787,41.32367,138.9
-73.75799,41.32443,145.7
-73.7581,41.32519,152.3
-73.75811,41.32554,156.3
-73.75808,41.32623,157.6
-73.75801,41.32695,156.9
-73.75794,41.32768,158.1
-73.75787,41.3284,158.0
-73.7578,41.32913,161.9
-73.75772,41.32986,162.1
-73.75758,41.33044,163.0
-73.75741,41.33084,162.9
-73.7571,41.33136,163.1
-73.7569,41.33165,164.1
-73.75657,41.33204,166.3
-73.75599,41.33265,167.3
-73.75542,41.33325,166.1
-73.75484,41.33386,167.9
-73.75431,41.33445,170.5
-73.754,41.33501,172.9
-73.75389,41.33526,173.7
-73.75373,41.33591,175.2
-73.75371,41.33635,175.9
-73.75372,41.3366,176.5
-73.75384,41.33746,176.5
-73.75395,41.33831,178.3
-73.75406,41.33898,181.7
-73.75416,41.33965,181.7
-73.75426,41.34032,181.9
-73.75436,41.34099,182.2
-73.75446,41.34171,182.6
-73.75456,41.34242,182.6
-73.75466,41.34314,182.8
-73.75476,41.34385,186.3
-73.75475,41.34447,188.3
-73.75456,41.34525,190.0
-73.75424,41.34576,192.1
-73.75393,41.34627,193.7
-73.75356,41.34681,194.7
-73.75319,41.34734,194.1
-73.75275,41.34787,194.5
-73.75215,41.34851,197.3
-73.75143,41.349,200.2
-73.75072,41.34948,199.3
-73.75007,41.34999,201.2
-73.74941,41.35049,204.3
-73.74893,41.35088,204.1
-73.74845,41.35126,204.0
-73.74775,41.35187,204.4
-73.74748,41.35217,206.0
-73.74726,41.35243,206.3
-73.74697,41.35315,205.7
-73.74691,41.35371,205.5
-73.74687,41.35456,206.1
-73.74682,41.35541,206.3
-73.74678,41.35626,207.0
-73.74671,41.35713,207.1
-73.74665,41.358,206.9
-73.74648,41.35861,206.0
-73.74633,41.35898,205.7
-73.74603,41.35949,203.9
-73.74575,41.35988,202.7
-73.74519,41.36051,200.5
-73.74497,41.36083,201.1
-73.7449,41.36098,201.5
-73.74492,41.3611,201.8
-73.74506,41.36134,202.4
-73.7451,41.36145,202.7
-73.74507,41.36164,203.0
-73.74477,41.36222,204.1
-73.74447,41.3628,206.9
-73.74433,41.36302,207.8
-73.74389,41.36358,210.1
-73.74358,41.36387,208.2
-73.74326,41.3641,207.0
-73.74274,41.36437,205.4
-73.74222,41.36463,203.9
-73.74169,41.36488,201.3
-73.74146,41.36503,201.2
-73.74122,41.36523,204.2
-73.74101,41.36555,209.4
-73.74061,41.36623,211.0
-73.74021,41.3669,212.0
-73.73996,41.36742,209.9
-73.73986,41.36756,209.3
-73.73934,41.36782,208.6
-73.73908,41.368,208.0
-73.73853,41.36843,207.8
-73.73799,41.36885,206.9
-73.73743,41.36919,207.0
-73.73662,41.36981,206.8
-73.73581,41.37043,206.5
-73.73572,41.37053,206.3
-73.73566,41.37079,205.0
-73.73559,41.37088,204.8
-73.7351,41.37127,203.8
-73.73461,41.37161,203.6
-73.7344,41.37173,203.7
-73.73397,41.3719,204.7
-73.73348,41.37207,206.0
-73.73286,41.3724,207.3
-73.73268,41.37247,207.5
-73.73214,41.37257,207.8
-73.73151,41.37265,207.0
-73.73084,41.37271,205.9
-73.73032,41.37274,204.9
-73.73008,41.3728,204.4
-73.72962,41.37282,203.6
-73.72932,41.37288,203.8
-73.72892,41.373,203.8
-73.72861,41.37315,202.3
-73.7285,41.37317,201.9
-73.72831,41.37319,201.6
-73.72819,41.37323,201.6
-73.72771,41.3736,201.5
-73.72711,41.37415,199.9
-73.72695,41.37426,200.2
-73.72671,41.37446,200.7
-73.72667,41.37456,200.6
-73.72669,41.37481,199.4
-73.72667,41.37487,199.4
-73.72614,41.37563,199.7
-73.72593,41.37604,199.0
-73.72563,41.37648,197.4
-73.72534,41.37692,196.6
-73.72527,41.37707,196.1
-73.72521,41.37737,194.6
-73.72518,41.37742,194.5
-73.72506,41.37749,194.6
-73.72504,41.37771,193.7
-73.72501,41.37776,193.6
-73.72434,41.37795,195.1
-73.7241,41.37798,195.0
-73.7238,41.378,194.1
-73.72354,41.37799,192.5
-73.72317,41.37794,190.5
-73.72301,41.37796,189.6
-73.72291,41.37873,191.1
-73.72287,41.37883,191.4
-73.72276,41.37891,190.0
-73.72186,41.37933,190.3
-73.72096,41.37974,192.4
-73.72007,41.38016,192.0
-73.71917,41.38057,188.8
-73.71827,41.38099,188.7
-73.71738,41.3814,192.0
-73.71671,41.3817,193.3
-73.71605,41.38199,194.9
-73.7154,41.38237,195.1
-73.71508,41.38253,193.9
-73.71459,41.38272,194.8
-73.71427,41.38282,193.5
-73.71383,41.38291,191.5
-73.7133,41.38299,190.0
-73.71254,41.38301,187.6
-73.7117,41.38299,183.9
-73.71052,41.38303,184.0
-73.70935,41.38307,188.4
-73.70817,41.38312,182.0
-73.70699,41.38316,179.4
-73.70581,41.3832,179.4
-73.70464,41.38325,180.3
-73.70388,41.38325,181.3
-73.70363,41.38323,181.6
-73.70333,41.38317,181.3
-73.703,41.38306,180.4
-73.70246,41.38284,175.1
-73.70228,41.38279,174.0
-73.70148,41.38264,172.0
-73.70125,41.38261,171.8
-73.70062,41.38267,171.4
-73.70016,41.38281,168.1
-73.69983,41.38293,164.4
-73.69954,41.38307,164.3
-73.69914,41.38341,165.3
-73.69873,41.38384,166.6
-73.69858,41.38421,166.6
-73.69835,41.38468,165.2
-73.69826,41.38535,164.6
-73.69816,41.38602,164.3
-73.69806,41.38668,163.4
-73.69797,41.38697,162.2
-73.6978,41.38741,158.9
-73.69763,41.38786,156.1
-73.69753,41.38826,155.1
-73.69752,41.38845,154.9
-73.69754,41.38862,154.4
-73.6977,41.38914,154.8
-73.69783,41.38935,155.0
-73.6983,41.38988,152.3
-73.69876,41.39041,151.8
-73.69896,41.39068,152.0
-73.69906,41.39088,151.0
-73.69917,41.39122,148.9
-73.69924,41.39159,148.1
-73.69926,41.39205,146.5
-73.69932,41.39254,148.0
-73.6993,41.39273,147.8
-73.69924,41.39293,147.2
-73.69906,41.39334,144.5
-73.69894,41.39355,142.9
-73.69857,41.39402,139.1
-73.69834,41.39422,137.3
-73.6978,41.39458,139.9
-73.6973,41.39486,139.6
-73.69664,41.3952,141.2
-73.69637,41.39536,140.7
-73.6961,41.39556,140.4
-73.69588,41.39574,139.9
-73.69568,41.39596,139.1
-73.69555,41.39616,139.0
-73.69535,41.39651,138.6
-73.69522,41.39684,138.9
-73.69514,41.39721,139.8
-73.69508,41.39769,139.2
-73.69511,41.39857,141.9
-73.69506,41.399,142.4
-73.69481,41.39948,142.7
-73.69461,41.39973,142.3
-73.69442,41.3999,142.7
-73.69421,41.40006,144.1
-73.69399,41.40019,144.4
-73.69369,41.40032,145.2
-73.6934,41.40041,145.8
-73.69261,41.40058,147.5
-73.69182,41.40076,148.3
-73.69153,41.40088,148.8
-73.69129,41.40101,149.8
-73.69104,41.40119,152.2
-73.69083,41.40138,152.3
-73.69062,41.40165,151.9
-73.69049,41.4019,151.8
-73.6904,41.40217,151.7
-73.69036,41.40244,151.2
-73.69047,41.4032,147.6
-73.69058,41.40397,147.6
-73.69068,41.40473,148.3
-73.69079,41.40549,148.6
-73.6909,41.40625,148.2
-73.69093,41.40658,148.1
-73.69092,41.40681,147.7
-73.69083,41.40712,146.2
-73.69073,41.40736,146.2
-73.69044,41.40783,145.3
-73.69023,41.40814,144.8
-73.68966,41.40887,143.5
-73.68946,41.40918,144.4
-73.68935,41.40941,145.8
-73.68925,41.40975,148.8
-73.68923,41.40999,149.8
-73.68925,41.41026,150.3
-73.68928,41.41043,150.5
-73.68932,41.41058,150.6
-73.68959,41.41125,152.4
-73.68971,41.41145,153.4
-73.6898,41.41167,154.3
-73.68991,41.41226,156.4
-73.68991,41.41268,157.9
-73.68986,41.41287,158.7
-73.68962,41.41335,161.0
-73.68922,41.41384,161.4
-73.68908,41.41398,161.4
-73.68888,41.41413,161.3
-73.68853,41.41433,160.8
-73.68797,41.41454,157.6
-73.68747,41.41462,156.4
-73.68719,41.41463,156.3
-73.68662,41.41463,156.6
-73.68596,41.41468,156.2
-73.68531,41.41472,156.5
-73.68487,41.4148,156.1
-73.68384,41.41504,155.6
-73.68296,41.41523,155.8
-73.68223,41.41542,156.0
-73.68176,41.41567,155.7
-73.68144,41.41593,155.6
-73.68113,41.41628,155.7
-73.6808,41.41673,156.1
-73.68053,41.41717,156.3
-73.68014,41.41791,156.4
-73.68007,41.41799,156.6
-73.67994,41.41807,157.0
-73.6797,41.41814,158.1
-73.67961,41.41821,158.7
-73.67937,41.41843,159.3
-73.67923,41.41864,160.5
-73.67908,41.41869,161.2
-73.67886,41.41872,162.2
-73.67822,41.4188,164.9
-73.67783,41.41882,167.0
-73.67744,41.41879,167.5
-73.6765,41.41865,165.9
-73.67602,41.41862,164.3
-73.67555,41.41862,162.5
-73.67507,41.41865,159.0
-73.67462,41.4187,149.5
-73.67421,41.41881,145.2
-73.67404,41.41887,143.3
-73.67378,41.41897,140.5
-73.67363,41.41901,138.9
-73.67344,41.41903,137.1
-73.67276,41.41911,137.4
-73.67208,41.41919,124.3
-73.6717,41.41928,136.8
-73.67093,41.4195,137.0
-73.67051,41.41964,139.9
-73.67036,41.41967,139.8
-73.66996,41.41971,138.8
-73.66933,41.41971,138.3
-73.66894,41.41966,137.7
-73.66857,41.41958,137.8
-73.66834,41.41951,138.7
-73.66796,41.41932,138.7
-73.66744,41.41893,137.9
-73.66734,41.41884,136.9
-73.66716,41.41858,135.0
-73.66671,41.41783,134.6
-73.66651,41.41757,135.3
-73.66597,41.41678,136.0
-73.66551,41.41601,136.5
-73.66515,41.41535,135.6
-73.66494,41.41511,136.3
-73.66482,41.41499,136.4
-73.66467,41.41489,137.5
-73.6642,41.41461,135.5
-73.66404,41.41453,133.2
-73.66374,41.41444,130.8
-73.6635,41.41439,128.5
-73.66313,41.41436,125.2
-73.66232,41.41418,124.8
-73.66152,41.414,124.8
-73.66071,41.41382,127.4
-73.66058,41.41378,128.2
-73.66026,41.41366,131.2
-73.65962,41.41348,134.6
-73.65897,41.41331,130.6
-73.65852,41.41319,127.8
-73.65754,41.41291,121.8
-73.65665,41.41255,121.5
-73.65608,41.41236,121.5
-73.65551,41.41217,123.8
-73.65523,41.41204,126.4
-73.65499,41.41187,126.1
-73.65486,41.41177,126.0
-73.65473,41.41171,125.8
-73.65466,41.41169,125.8
-73.65424,41.41163,125.5
-73.65385,41.4116,123.7
-73.65365,41.41161,122.9
-73.65319,41.41166,121.1
-73.65278,41.41178,119.0
-73.65244,41.41192,118.5
-73.65213,41.41211,118.4
-73.65172,41.41248,116.5
-73.65127,41.41305,116.5
-73.65095,41.41338,115.7
-73.65069,41.41358,115.8
-73.65038,41.41376,115.5
-73.64956,41.41417,114.7
-73.64875,41.41458,113.3
-73.64843,41.41469,112.7
-73.64808,41.41477,112.6
-73.64714,41.4149,112.5
-73.64682,41.41495,112.5
-73.64619,41.41503,112.5
-73.64585,41.41505,112.6
-73.64547,41.41504,114.6
-73.64519,41.41501,115.8
-73.64506,41.41499,116.2
-73.64464,41.41481,117.3
-73.64399,41.41463,117.6
-73.64333,41.41445,118.6
-73.64319,41.41443,118.7
-73.64307,41.41445,118.2
-73.64291,41.41441,118.2
-73.64226,41.41423,117.5
-73.64161,41.41404,117.9
-73.64126,41.41391,118.5
-73.64065,41.41359,121.6
-73.64005,41.41327,118.4
-73.6397,41.41303,118.5
-73.63923,41.41262,121.6
-73.63891,41.41223,125.3
-73.63865,41.4119,128.4
-73.63848,41.41165,130.7
-73.6384,41.41152,131.0
-73.63823,41.41107,130.0
-73.63805,41.41062,130.9
-73.63788,41.41004,132.5
-73.63771,41.40947,132.6
-73.63751,41.40888,134.2
-73.63731,41.4083,136.2
-73.63711,41.40771,136.1
-73.63697,41.40721,135.9
-73.63682,41.40672,136.3
-73.63666,41.40628,138.0
-73.6365,41.40583,138.9
-73.63634,41.40531,139.2
-73.63618,41.40479,139.4
-73.63596,41.40392,138.8
-73.63575,41.40305,137.6
-73.63553,41.40219,136.0
-73.63532,41.40156,136.0
-73.63508,41.401,135.4
-73.63486,41.40059,134.1
-73.63464,41.40025,133.7
-73.63436,41.39995,133.5
-73.63393,41.39963,132.9
-73.63367,41.39947,132.5
-73.63355,41.39943,132.2
-73.63311,41.3993,131.9
-73.63276,41.39922,133.8
-73.6324,41.39918,133.8
-73.63194,41.39917,132.8
-73.63178,41.39921,132.5
-73.63155,41.39934,130.9
-73.63143,41.39939,129.7
-73.63061,41.39962,128.5
-73.6298,41.39985,127.9
-73.62898,41.40008,127.7
-73.62879,41.40012,127.9
-73.62859,41.40014,128.1
-73.62838,41.40017,128.0
-73.62744,41.40044,127.9
-73.62651,41.40071,127.7
-73.62571,41.40092,127.6
-73.62491,41.40114,128.4
-73.62478,41.40118,129.0
-73.62453,41.40131,130.9
-73.62369,41.40157,130.3
-73.62332,41.40178,132.7
-73.62234,41.40214,131.0
-73.62178,41.40246,127.9
-73.62144,41.4027,127.0
-73.62035,41.40267,125.0
-73.62009,41.40269,124.6
-73.61983,41.40273,125.1
-73.61903,41.40287,126.6
-73.61823,41.40301,127.6
-73.61803,41.40304,129.1
-73.61787,41.40316,131.3
-73.61787,41.40323,131.5
-73.61789,41.40325,131.5
-73.61822,41.40362,132.0
-73.61823,41.40365,132.1
-73.61822,41.40373,132.5
-73.61815,41.40381,133.3
-73.61854,41.40435,134.4
-73.61892,41.40503,135.5
-73.61904,41.4053,135.7
-73.61921,41.40577,136.2
-73.61936,41.40632,136.3
-73.61946,41.40706,138.0
-73.61947,41.4078,138.0
-73.61943,41.40824,138.1
-73.61935,41.40872,138.6
-73.61923,41.40918,139.4
-73.6191,41.40957,139.7
-73.61881,41.41018,139.8
-73.61863,41.4105,139.4
-73.61844,41.41078,137.8
-73.61795,41.41142,137.6
-73.61746,41.41206,139.2
-73.61697,41.4127,139.4
-73.61645,41.41334,139.5
-73.61594,41.41397,137.1
-73.61543,41.41462,136.9
-73.61493,41.41527,136.9
-73.61442,41.41592,136.9
-73.6141,41.41639,137.0
-73.61373,41.41707,138.2
-73.61338,41.4179,137.1
-73.61319,41.41857,136.2
-73.61307,41.41926,137.9
-73.61303,41.41967,139.3
-73.61303,41.41994,139.8
-73.61306,41.42052,139.1
-73.61309,41.4211,137.4
-73.61316,41.42196,137.6
-73.61323,41.42283,137.2
-73.61331,41.42369,137.0
-73.61337,41.42412,137.3
-73.61339,41.42473,137.2
-73.61346,41.42552,139.7
-73.61352,41.42631,138.8
-73.61359,41.4271,137.2
-73.61366,41.4279,137.0
-73.61373,41.42869,137.1
-73.61379,41.42948,139.2
-73.61386,41.43027,143.0
-73.61392,41.43083,141.9
-73.61397,41.43139,145.2
-73.61407,41.4318,140.7
-73.61423,41.4322,138.4
-73.61451,41.43271,144.3
-73.615,41.43329,146.9
-73.61549,41.43387,145.2
-73.61586,41.43435,144.0
-73.61616,41.43488,142.6
-73.61629,41.43514,140.5
-73.61646,41.43571,139.9
-73.61652,41.43614,139.9
-73.61652,41.4366,139.9
-73.61648,41.43692,139.9
-73.61641,41.43727,139.9
-73.6162,41.43808,139.9
-73.616,41.4389,139.8
-73.61579,41.43972,138.4
-73.61559,41.44054,137.0
-73.61545,41.44115,136.9
-73.6153,41.44176,136.9
-73.61516,41.44237,135.4
-73.61528,41.4424,135.1
-73.61497,41.44317,135.7
-73.61479,41.44375,136.0
-73.61459,41.44454,136.5
-73.61439,41.44534,136.2
-73.61419,41.44614,136.0
-73.61399,41.44693,135.9
-73.61379,41.44773,135.8
-73.61359,41.44853,135.8
-73.61343,41.44899,136.1
-73.61314,41.44949,136.7
-73.61297,41.44971,136.8
-73.61258,41.45014,136.0
-73.6122,41.45057,134.4
-73.61213,41.45063,134.2
-73.61206,41.45059,134.1
-73.61143,41.45126,134.0
-73.61114,41.45171,134.0
-73.61097,41.45211,134.0
-73.61091,41.4524,134.7
-73.61086,41.45271,136.0
-73.61089,41.45319,136.2
-73.61096,41.45369,136.1
-73.61104,41.4542,135.9
-73.61104,41.45477,136.1
-73.61101,41.45514,136.0
-73.61087,41.45599,135.8
-73.61073,41.45684,135.9
-73.61059,41.45769,135.7
-73.61045,41.45854,135.8
-73.61031,41.45939,135.7
-73.61017,41.46024,135.8
-73.61002,41.46109,135.6
-73.60988,41.46194,134.0
-73.60974,41.46279,134.0
-73.6096,41.46364,134.0
-73.60946,41.46449,134.0
-73.60932,41.46534,134.0
-73.60918,41.46619,134.0
-73.60904,41.46704,134.0
-73.6089,41.46789,134.6
-73.60876,41.46874,134.7
-73.6086,41.46963,134.0
-73.60845,41.47052,134.0
-73.60829,41.4714,134.0
-73.60814,41.47229,134.0
-73.6081,41.47276,134.0
-73.60808,41.47328,134.0
-73.60809,41.47359,134.0
-73.60814,41.47397,136.4
-73.60822,41.47443,136.9
-73.60837,41.47502,137.0
-73.60846,41.47528,137.0
-73.6085,41.47539,137.0
-73.60858,41.47538,137.0
-73.60873,41.47573,137.0
-73.60896,41.47621,137.1
-73.60944,41.477,138.9
-73.60969,41.47731,139.4
-73.6101,41.47784,140.3
-73.61043,41.47825,141.1
-73.61077,41.47867,141.3
-73.61118,41.47917,141.4
-73.6116,41.47967,139.9
-73.61168,41.47977,139.6
-73.61211,41.48028,138.2
-73.61255,41.48074,137.3
-73.61282,41.48097,137.8
-73.61277,41.481,137.6
-73.61287,41.48109,137.6
-73.61333,41.4814,137.7
-73.61385,41.4817,137.8
-73.61427,41.48192,133.9
-73.61462,41.48206,137.6
-73.61519,41.48223,137.7
-73.61629,41.4825,138.0
-73.61714,41.4827,136.4
-73.61799,41.48289,138.0
-73.61811,41.48292,138.2
-73.61925,41.48318,140.4
-73.62039,41.48345,143.4
-73.6207,41.48354,143.6
-73.6211,41.48369,143.4
-73.62148,41.48389,142.3
-73.62171,41.48402,143.2
-73.6221,41.4843,142.4
-73.6222,41.48439,142.1
-73.62232,41.48449,141.9
-73.62265,41.48488,141.0
-73.62277,41.48505,140.4
-73.62292,41.48532,140.8
-73.62318,41.48587,140.5
-73.62343,41.48641,145.0
-73.62373,41.48706,149.2
-73.62402,41.48771,150.5
-73.62432,41.48835,152.4
-73.62461,41.489,153.5
-73.62467,41.48914,153.8
-73.62504,41.48994,155.3
-73.6254,41.49074,156.9
-73.62577,41.49155,157.2
-73.62613,41.49235,156.6
-73.6265,41.49315,159.5
-73.62672,41.4935,159.9
-73.62697,41.49385,160.2
-73.62719,41.4941,160.7
-73.6275,41.49439,161.9
-73.6282,41.49492,162.7
-73.6289,41.49544,160.2
-73.6296,41.49597,162.4
-73.63007,41.4964,165.2
-73.63044,41.49682,165.5
-73.63074,41.49728,165.9
-73.63103,41.49774,166.6
-73.63122,41.49823,169.4
-73.63137,41.4989,169.7
-73.63152,41.49977,169.4
-73.63167,41.50063,169.4
-73.63183,41.5015,172.1
-73.63198,41.50236,172.4
-73.63213,41.50325,175.5
-73.63227,41.50413,177.1
-73.63242,41.50502,177.8
-73.63255,41.50575,178.8
-73.63268,41.50648,181.3
-73.63282,41.50721,181.2
-73.63295,41.50794,181.8
-73.63311,41.50851,182.1
-73.63337,41.50907,185.0
-73.6336,41.50947,185.6
-73.63401,41.50999,185.7
-73.63462,41.51069,186.9
-73.63523,41.5114,186.7
-73.63584,41.51211,186.5
-73.63645,41.51281,189.4
-73.63706,41.51352,189.4
-73.63767,41.51422,189.3
-73.63805,41.51464,190.1
-73.63834,41.51492,191.8
-73.63868,41.51522,192.1
-73.63905,41.5155,192.5
-73.63955,41.51582,194.3
-73.64015,41.51616,195.9
-73.64107,41.51664,196.0
-73.64199,41.51712,196.3
-73.6429,41.51761,198.8
-73.64355,41.51799,199.2
-73.64409,41.51833,201.4
-73.64469,41.51882,201.1
-73.64521,41.51936,201.6
-73.64556,41.51984,202.6
-73.64592,41.52032,204.6
-73.64623,41.521,204.5
-73.64653,41.52169,204.0
-73.64684,41.52238,206.7
-73.64714,41.52306,207.7
-73.64745,41.52375,210.2
-73.64778,41.52456,210.5
-73.64811,41.52536,212.5
-73.64844,41.52616,212.5
-73.64878,41.52697,211.8
-73.64911,41.52777,212.8
-73.64944,41.52858,212.9
-73.64979,41.5294,215.2
-73.65013,41.53023,216.7
-73.65048,41.53106,218.5
-73.65083,41.53188,218.8
-73.65117,41.53271,219.6
-73.65152,41.53354,219.2
-73.65186,41.53436,218.8
-73.65221,41.53519,218.1
-73.65255,41.53602,218.1
-73.6529,41.53684,218.1
-73.65325,41.53767,218.1
-73.65359,41.5385,218.1
-73.65394,41.53932,218.2
-73.6543,41.53999,220.2
-73.65459,41.54044,221.4
-73.65487,41.54089,221.5
-73.65541,41.54169,221.2
-73.65596,41.54249,221.7
-73.65636,41.5431,217.7
-73.65676,41.54372,219.9
-73.65716,41.54434,220.1
-73.65756,41.54495,224.2
-73.65804,41.54566,230.2
-73.65851,41.54636,230.7
-73.65899,41.54707,229.5
-73.65929,41.54762,229.4
-73.65939,41.54787,228.9
-73.65947,41.54832,228.7
-73.65951,41.5488,228.3
-73.65948,41.54931,228.6
-73.65946,41.54982,228.7
-73.65946,41.55028,229.0
-73.65957,41.55096,228.4
-73.65969,41.55134,225.6
-73.65993,41.55191,225.9
-73.66025,41.55262,225.8
-73.66058,41.55332,225.7
-73.66091,41.55402,225.3
-73.66107,41.55441,225.4
-73.66122,41.55494,226.1
-73.66127,41.55523,226.0
-73.66129,41.5557,226.6
-73.66126,41.55631,225.5
-73.66118,41.55679,224.0
-73.66106,41.55714,223.6
-73.66094,41.55746,222.9
-73.66061,41.55803,221.1
-73.66022,41.55862,220.1
-73.65984,41.5592,219.4
-73.65945,41.55979,216.8
-73.65923,41.56017,216.6
-73.65908,41.56052,216.4
-73.65897,41.56087,216.2
-73.65887,41.56144,215.8
-73.65886,41.56172,215.1
-73.65895,41.56248,214.7
-73.65904,41.56323,215.9
-73.65905,41.56366,216.7
-73.65896,41.56414,219.8
-73.65881,41.56461,216.9
-73.65868,41.56489,216.6
-73.65823,41.56555,215.7
-73.65779,41.56622,215.3
-73.65735,41.56688,214.9
-73.65707,41.56739,215.1
-73.6568,41.56789,215.2
-73.65652,41.5686,215.6
-73.65623,41.5693,215.6
-73.65599,41.57006,215.0
-73.65585,41.57092,215.7
-73.65583,41.57138,215.7
-73.65585,41.5719,215.5
-73.6559,41.57258,216.8
-73.65596,41.57326,216.3
-73.65602,41.57394,213.3
-73.65607,41.57462,212.6
-73.65612,41.57538,213.2
-73.65617,41.57615,213.2
-73.65622,41.57691,215.9
-73.65622,41.57717,215.9
-73.6562,41.57741,216.0
-73.65606,41.57808,216.1
-73.65584,41.57875,213.9
-73.65562,41.57943,215.0
-73.6555,41.58,216.1
-73.65547,41.58042,216.0
-73.65547,41.58108,214.7
-73.6556,41.58184,211.6
-73.65583,41.58252,210.4
-73.65605,41.58295,210.4
-73.65627,41.58338,210.4
-73.65648,41.58369,210.4
-73.65701,41.58434,210.7
-73.65776,41.58501,210.4
-73.65831,41.58538,210.4
-73.65886,41.58576,210.4
-73.65893,41.58582,210.4
-73.659,41.58593,210.4
-73.65908,41.586,210.4
-73.65934,41.58607,210.4
-73.65956,41.58619,210.4
-73.6603,41.58666,209.9
-73.66104,41.58713,206.8
-73.6619,41.58761,206.8
-73.66243,41.58788,205.3
-73.66296,41.58814,203.6
-73.66379,41.58852,200.1
-73.66477,41.5889,203.4
-73.66521,41.58913,207.5
-73.66577,41.58949,210.1
-73.666,41.58969,209.3
-73.66625,41.58994,207.4
-73.66652,41.59032,205.9
-73.66672,41.59067,203.7
-73.66683,41.59097,203.8
-73.66692,41.59135,203.4
-73.66707,41.59214,200.7
-73.66721,41.59293,198.2
-73.66736,41.59372,198.1
-73.66749,41.59436,196.3
-73.66762,41.59499,197.8
-73.66772,41.59532,197.8
-73.66789,41.59572,197.8
-73.6682,41.59616,195.8
-73.66854,41.59649,195.4
-73.6688,41.59671,195.2
-73.66902,41.59687,195.2
-73.66972,41.59725,193.3
-73.67024,41.59751,192.6
-73.6706,41.59772,192.0
-73.67098,41.59803,191.4
-73.67118,41.59826,190.7
-73.67152,41.59881,193.1
-73.67174,41.59953,190.4
-73.67194,41.6003,186.9
-73.67214,41.60107,183.1
-73.67225,41.60128,185.4
-73.67259,41.60173,188.2
-73.67291,41.60201,190.9
-73.67318,41.60219,192.1
-73.67348,41.60233,192.9
-73.67375,41.60244,193.3
-73.67398,41.60251,192.3
-73.67456,41.60262,189.4
-73.67474,41.60263,189.2
-73.67517,41.60262,188.7
-73.67576,41.60255,188.7
-73.67629,41.60241,186.2
-73.6767,41.60222,186.1
-73.67715,41.60195,183.7
-73.67753,41.60157,183.6
-73.67767,41.60139,183.6
-73.67798,41.60089,183.8
-73.67829,41.60038,183.6
-73.67872,41.59967,182.7
-73.67914,41.59895,181.8
-73.67956,41.59823,181.6
-73.67999,41.59752,181.1
-73.68028,41.59689,181.2
-73.68039,41.5967,180.8
-73.68044,41.5965,179.3
-73.68068,41.59594,178.4
-73.68092,41.59538,178.2
-73.68113,41.5947,178.5
-73.68133,41.59403,176.7
-73.68152,41.59332,175.0
-73.68159,41.59311,174.8
-73.68182,41.5926,174.6
-73.68219,41.59184,171.8
-73.68257,41.59107,171.3
-73.68294,41.59031,171.4
-73.68332,41.58955,171.4
-73.6836,41.58906,170.9
-73.68388,41.58858,171.4
-73.68436,41.588,171.0
-73.68474,41.58764,168.6
-73.68539,41.58707,165.0
-73.68607,41.58648,165.4
-73.68676,41.5859,162.9
-73.68745,41.58532,162.0
-73.68813,41.58473,158.4
-73.68882,41.58415,157.3
-73.68951,41.58356,158.4
-73.69019,41.58298,158.1
-73.6909,41.58237,155.4
-73.6916,41.58177,154.8
-73.69231,41.58116,153.9
-73.69304,41.58046,152.0
-73.69358,41.57988,152.4
-73.69408,41.57938,153.0
-73.69459,41.57887,152.4
-73.69496,41.57847,148.9
-73.69559,41.57784,148.1
-73.69622,41.5772,147.8
-73.69684,41.57656,146.4
-73.69747,41.57593,146.1
-73.69789,41.57548,146.9
-73.6982,41.57522,147.0
-73.69884,41.5748,146.0
-73.6995,41.57448,141.9
-73.69987,41.57435,140.6
-73.70029,41.57422,141.1
-73.70058,41.57416,141.0
-73.70107,41.57407,141.8
-73.70149,41.57403,142.2
-73.70219,41.57402,142.3
-73.70262,41.57404,141.0
-73.70299,41.57409,140.2
-73.70354,41.57419,140.1
-73.70458,41.57448,140.0
-73.70562,41.57479,139.8
-73.70666,41.5751,138.3
-73.7077,41.57542,137.1
-73.70795,41.57553,137.2
-73.70809,41.57554,137.7
-73.709,41.5758,139.0
-73.7099,41.57606,136.7
-73.70996,41.57608,136.6
-73.71102,41.57638,134.0
-73.71208,41.57669,134.4
-73.71313,41.577,133.4
-73.71355,41.5771,132.9
-73.71392,41.57717,132.3
-73.71441,41.57723,131.4
-73.71477,41.57725,130.9
-73.71537,41.57725,129.8
-73.71578,41.57722,128.0
-73.71642,41.57711,127.8
-73.71675,41.57703,127.9
-73.71706,41.57693,127.9
-73.71757,41.57674,127.9
-73.71806,41.5765,130.1
-73.71846,41.57626,130.4
-73.7187,41.5761,130.2
-73.71891,41.57593,130.0
-73.71916,41.5757,129.1
-73.7196,41.57524,127.4
-73.71977,41.57502,126.9
-73.72029,41.57432,125.8
-73.7208,41.57363,124.5
-73.72131,41.57294,124.4
-73.72183,41.57225,124.6
-73.72234,41.57155,124.4
-73.72281,41.57099,121.8
-73.7235,41.57037,121.4
-73.72385,41.57013,120.8
-73.72451,41.56977,119.6
-73.72489,41.56957,119.1
-73.72513,41.56948,118.9
-73.72582,41.56922,118.4
-73.72648,41.56905,118.1
-73.7271,41.56893,117.5
-73.7278,41.56885,116.6
-73.72815,41.56883,116.1
-73.72888,41.56883,115.4
-73.72927,41.56886,115.2
-73.72982,41.56893,114.6
-73.72988,41.56894,114.6
-73.73098,41.56918,113.5
-73.73194,41.56943,110.3
-73.7329,41.56969,111.0
-73.73386,41.56994,107.8
-73.73482,41.5702,108.3
-73.73578,41.57045,107.5
-73.73588,41.57047,107.5
-73.73662,41.5706,107.0
-73.73712,41.57064,107.2
-73.73777,41.57064,108.6
-73.73814,41.57061,107.9
-73.73888,41.57051,107.1
-73.73921,41.57043,106.2
-73.74022,41.57015,105.1
-73.7402,41.57011,105.1
-73.74097,41.56987,105.0
-73.74157,41.56965,103.5
-73.74221,41.56945,103.0
-73.74284,41.56925,103.0
-73.74371,41.569,102.2
-73.74421,41.56892,100.8
-73.74539,41.56886,97.5
-73.74657,41.56879,97.3
-73.74775,41.56873,97.8
-73.74893,41.56867,99.8
-73.75011,41.5686,98.0
-73.75129,41.56854,94.3
-73.75246,41.56848,94.9
-73.75364,41.56842,95.2
-73.75482,41.56835,95.8
-73.75575,41.5683,96.1
-73.75668,41.56824,96.2
-73.7576,41.56818,96.6
-73.75853,41.56812,97.1
-73.75871,41.56809,97.1
-73.7589,41.5681,97.1
-73.75912,41.56811,97.2
-73.75997,41.56807,97.2
-73.76081,41.56804,97.0
-73.76193,41.56798,95.2
-73.76305,41.56792,94.5
-73.76416,41.56786,94.5
-73.76528,41.5678,97.4
-73.7664,41.56775,97.2
-73.76751,41.56769,98.1
-73.76863,41.56763,98.1
-73.76975,41.56757,97.3
-73.77086,41.56751,97.4
-73.77198,41.56746,99.5
-73.77279,41.56745,97.9
-73.77369,41.5675,97.6
-73.77441,41.56759,94.8
-73.77483,41.56766,94.3
-73.77546,41.56779,94.9
-73.77609,41.56793,97.0
-73.77678,41.56816,94.6
-73.77773,41.56852,89.4
-73.77852,41.56889,92.5
-73.77943,41.5694,89.8
-73.78016,41.56982,91.4
-73.78089,41.57025,91.3
-73.78174,41.57073,87.2
-73.78259,41.57122,88.4
-73.78344,41.57171,88.3
-73.78429,41.57219,90.6
-73.78514,41.57268,91.3
-73.78599,41.57317,92.0
-73.78685,41.57365,89.7
-73.78716,41.5738,87.7
-73.7874,41.5739,88.0
-73.78806,41.57411,87.5
-73.78869,41.57425,91.3
-73.78938,41.57434,88.7
-73.79007,41.57444,88.2
-73.79105,41.57461,91.0
-73.79146,41.5747,91.2
-73.79162,41.57475,91.0
-73.7922,41.57496,90.0
-73.79264,41.57518,89.2
-73.79308,41.57544,86.7
-73.79386,41.57599,85.1
-73.79463,41.57654,85.0
-73.79538,41.57706,81.6
-73.79613,41.57758,81.7
-73.79688,41.5781,81.9
-73.79762,41.57862,76.0
-73.79837,41.57914,77.5
-73.7986,41.57931,77.9
-73.79911,41.57966,79.0
-73.79942,41.57965,78.9
-73.79954,41.5797,78.9
-73.80013,41.58013,79.3
-73.80029,41.58032,79.4
-73.80038,41.5804,79.5
-73.80099,41.58084,79.7
-73.80159,41.58128,79.8
-73.8022,41.58172,79.7
-73.80229,41.5818,79.8
-73.80247,41.58204,80.0
-73.80315,41.58258,80.7
-73.80382,41.58312,81.6
-73.80384,41.58315,81.6
-73.80383,41.5832,81.5
-73.80372,41.5833,82.1
-73.80417,41.58358,75.7
-73.80468,41.58387,77.0
-73.80523,41.58424,78.9
-73.80527,41.58428,78.9
-73.80527,41.58435,79.0
-73.80541,41.5844,79.0
-73.80596,41.58477,76.8
-73.8065,41.58514,76.0
-73.8067,41.58542,76.3
-73.80709,41.58567,76.1
-73.80723,41.58573,76.0
-73.80752,41.5858,75.9
-73.80817,41.58605,73.2
-73.80843,41.58613,70.7
-73.80914,41.58629,75.9
-73.80966,41.58636,75.9
-73.81016,41.58639,72.2
-73.81077,41.58638,75.3
-73.81098,41.58639,76.5
-73.81112,41.58636,77.1
-73.81128,41.58628,77.9
-73.81155,41.58629,78.7
-73.81248,41.5862,79.4
-73.81277,41.5862,79.7
-73.81344,41.58615,80.1
-73.8141,41.58609,80.2
-73.81445,41.58609,80.3
-73.81467,41.58607,80.5
-73.81486,41.58606,80.6
-73.81554,41.58601,81.0
-73.81585,41.58599,81.1
-73.81618,41.58601,81.4
-73.81676,41.58606,81.6
-73.81731,41.58614,81.7
-73.81792,41.58628,81.8
-73.81877,41.58656,82.1
-73.8195,41.58689,82.2
-73.81986,41.58709,82.3
-73.82073,41.58764,83.1
-73.8216,41.58818,80.3
-73.82248,41.58873,78.5
-73.82335,41.58928,78.2
-73.82422,41.58982,75.9
-73.8251,41.59037,76.0
-73.82527,41.59051,76.5
-73.82609,41.59103,77.2
-73.82691,41.59155,76.5
-73.82773,41.59207,76.4
-73.82855,41.59259,79.1
-73.82912,41.59297,80.0
-73.82977,41.59348,78.8
-73.83033,41.59401,78.3
-73.83084,41.59457,79.0
-73.8313,41.59517,80.9
-73.83179,41.5959,82.0
-73.83229,41.59662,82.0
-73.83278,41.59734,82.0
-73.83327,41.59807,81.7
-73.83376,41.59879,81.0
-73.83426,41.59951,82.0
-73.83475,41.60024,81.8
-73.83524,41.60096,79.6
-73.83574,41.60168,82.0
-73.8359,41.60197,82.0
-73.83595,41.60202,82.0
-73.83615,41.60212,82.0
-73.83621,41.60236,82.0
-73.83669,41.60306,82.1
-73.83716,41.60375,82.1
-73.83763,41.60444,82.0
-73.83811,41.60513,81.8
-73.83858,41.60582,81.7
-73.83905,41.60651,81.9
-73.8392,41.60669,81.8
-73.83975,41.60721,82.0
-73.83982,41.60732,82.1
-73.83997,41.60766,82.2
-73.84021,41.6082,82.5
-73.84071,41.60893,82.2
-73.8412,41.60966,80.9
-73.84169,41.61039,81.4
-73.84198,41.6108,81.8
-73.84231,41.61126,82.2
-73.84285,41.61205,83.5
-73.84339,41.61284,84.7
-73.84392,41.61363,85.7
-73.84446,41.61443,85.1
-73.845,41.61522,85.5
-73.84534,41.61571,85.5
-73.84575,41.61623,85.1
-73.84637,41.61693,84.9
-73.84698,41.61763,85.0
-73.8476,41.61833,84.8
-73.84821,41.61903,84.3
-73.84883,41.61973,82.0
-73.84944,41.62043,81.2
-73.85005,41.62113,81.2
-73.85067,41.62183,80.9
-73.85128,41.62253,79.7
-73.85143,41.62272,78.8
-73.85162,41.623,78.7
-73.85176,41.62318,77.6
-73.85184,41.62325,77.0
-73.85206,41.62336,76.5
-73.85213,41.62342,76.5
-73.85212,41.62348,76.2
-73.85202,41.62354,75.9
-73.85216,41.62373,75.9
-73.85224,41.62371,76.0
-73.85234,41.62371,76.3
-73.85246,41.62377,76.7
-73.85252,41.62385,76.8
-73.85253,41.62397,76.7
-73.85307,41.6246,75.7
-73.85361,41.62522,72.7
-73.85416,41.62585,77.1
-73.85446,41.62624,76.9
-73.85477,41.62663,77.7
-73.85521,41.62729,77.6
-73.85546,41.62771,76.7
-73.8557,41.62814,77.4
-73.85602,41.62876,79.0
-73.85633,41.62938,76.6
-73.85656,41.62999,75.2
-73.85684,41.63084,75.8
-73.85713,41.63169,75.7
-73.85741,41.63254,75.7
-73.85769,41.6334,75.7
-73.85798,41.63425,75.8
-73.85826,41.6351,73.2
-73.85854,41.63596,72.8
-73.85883,41.63681,71.2
-73.85911,41.63766,69.8
-73.8594,41.63852,63.0
-73.85968,41.63937,70.4
-73.85996,41.64022,70.4
-73.86003,41.64042,70.4
-73.86016,41.64081,70.5
-73.86028,41.64126,71.3
-73.86034,41.64173,72.5
-73.86038,41.64234,71.2
-73.86036,41.64289,68.8
-73.8603,41.6434,67.0
-73.86011,41.64419,66.7
-73.85979,41.64503,66.8
-73.85948,41.64587,66.8
-73.85916,41.6467,66.8
-73.85884,41.64754,66.8
-73.85852,41.64838,66.8
-73.8582,41.64922,66.8
-73.85788,41.65006,66.8
-73.85756,41.6509,66.8
-73.85724,41.65173,66.8
-73.85692,41.65257,67.0
-73.85661,41.65341,67.4
-73.85629,41.65425,68.6
-73.85597,41.65509,69.6
-73.85565,41.65593,69.8
-73.85533,41.65677,69.7
-73.855,41.65734,69.6
-73.85485,41.65767,69.8
-73.85481,41.65781,69.6
-73.85482,41.65796,69.4
-73.85486,41.65832,68.9
-73.85487,41.65838,68.8
-73.85486,41.65849,68.6
-73.85464,41.65881,68.2
-73.85455,41.65898,67.1
-73.85437,41.65969,65.2
-73.85421,41.66043,63.8
-73.85411,41.66114,64.2
-73.85408,41.66193,63.5
-73.85409,41.66261,63.0
-73.85415,41.66342,62.9
-73.85423,41.66417,63.4
-73.85433,41.66461,63.6
-73.85442,41.66506,64.2
-73.85455,41.66551,62.3
-73.85468,41.66596,61.5
-73.85485,41.6664,60.9
-73.85501,41.66684,60.5
-73.85538,41.66767,60.5
-73.85578,41.66842,60.4
-73.85627,41.66923,60.2
-73.85676,41.67004,60.0
-73.85725,41.67084,58.5
-73.85773,41.67165,59.5
-73.85822,41.67246,57.2
-73.85871,41.67326,57.5
-73.8592,41.67407,59.0
-73.85969,41.67488,57.8
-73.86018,41.67568,53.5
-73.86067,41.67649,51.4
-73.86116,41.6773,51.4
-73.86165,41.67811,52.4
-73.86214,41.67891,51.9
-73.86263,41.67972,51.2
-73.86291,41.68014,51.2
-73.86319,41.68055,51.4
-73.86383,41.68128,52.8
-73.86428,41.68184,50.4
-73.86478,41.68233,52.9
-73.86528,41.68282,52.4
-73.8656,41.6831,51.5
-73.86576,41.68332,51.8
-73.86589,41.68343,52.0
-73.86665,41.68396,53.0
-73.8674,41.68449,54.0
-73.86781,41.68491,54.7
-73.86788,41.68498,54.8
-73.86794,41.68502,54.9
-73.86827,41.68509,55.3
-73.86861,41.68522,56.3
-73.86937,41.68565,54.4
-73.87005,41.686,55.6
-73.87066,41.68629,56.2
-73.87146,41.68661,57.3
-73.87226,41.68694,56.3
-73.87306,41.68727,55.0
-73.87313,41.68732,54.9
-73.87318,41.6874,54.8
-73.87339,41.6875,54.9
-73.87345,41.68761,54.9
-73.8735,41.68764,54.9
-73.87389,41.6878,55.1
-73.87422,41.68791,55.1
-73.87434,41.68793,55.6
-73.87475,41.68788,57.5
-73.87486,41.68789,57.0
-73.87572,41.68821,59.5
-73.87657,41.68852,57.6
-73.87742,41.68884,57.7
-73.87837,41.68918,58.3
-73.87932,41.68953,60.4
-73.8802,41.68992,60.9
-73.88076,41.6902,60.6
-73.88116,41.69043,60.6
-73.88163,41.69078,61.1
-73.88211,41.69112,60.8
-73.88252,41.69147,60.9
-73.88289,41.69181,60.7
-73.88327,41.69221,60.4
-73.88362,41.69266,59.1
-73.88395,41.69312,57.2
-73.88409,41.69321,56.9
-73.88418,41.69331,56.6
-73.88448,41.69387,57.0
-73.8845,41.69414,57.5
-73.88468,41.69468,57.6
-73.88487,41.69522,57.5
-73.88507,41.69594,57.6
-73.88527,41.69667,57.7
-73.88547,41.69739,58.1
-73.88567,41.69811,57.6
-73.88571,41.6984,57.4
-73.88571,41.69907,55.7
-73.88562,41.6998,56.2
-73.88552,41.70054,55.9
-73.88543,41.70127,54.7
-73.88533,41.702,54.6
-73.88523,41.70273,54.6
-73.8852,41.70347,54.4
-73.88525,41.70408,55.1
-73.88535,41.70469,54.1
-73.88549,41.70516,53.6
-73.8857,41.7057,53.6
-73.88596,41.70623,46.0
-73.88627,41.70675,51.9
-73.88662,41.70724,51.2
-73.88702,41.70771,52.0
-73.88747,41.70817,54.4
-73.88789,41.70855,54.2
-73.88828,41.70884,54.0
-73.88911,41.70937,54.4
-73.88924,41.70946,54.5
-73.88997,41.7099,55.0
-73.8907,41.71035,56.0
-73.89143,41.71079,57.8
-73.89216,41.71124,59.6
-73.89306,41.71178,60.5
-73.89397,41.71233,60.7
-73.89487,41.71287,61.9
-73.89577,41.71342,61.1
-73.89593,41.71347,61.3
-73.89597,41.7135,61.3
-73.89604,41.71363,60.9
-73.89626,41.71371,61.6
-73.89715,41.71425,63.4
-73.89804,41.71479,60.6
-73.89893,41.71534,60.2
-73.89982,41.71588,59.9
-73.90071,41.71643,60.2
-73.90079,41.71648,60.3
-73.90154,41.7169,60.6
-73.90205,41.71716,60.6
-73.90251,41.71735,60.4
-73.90298,41.7175,57.1
-73.90386,41.71773,63.8
-73.90476,41.71784,63.8
-73.90538,41.71788,64.5
-73.90584,41.71788,66.9
-73.90667,41.71783,66.7
-73.90758,41.71764,66.7
-73.9085,41.71745,66.5
-73.90942,41.71726,66.5
-73.91047,41.71703,66.7
-73.91152,41.71679,66.6
-73.91256,41.71656,66.5
-73.91361,41.71633,63.6
-73.91466,41.7161,63.2
-73.9157,41.71586,62.6
-73.91651,41.71568,62.1
-73.91716,41.71553,61.8
-73.91782,41.71538,60.6
-73.91843,41.7152,58.1
-73.91905,41.71502,58.3
-73.91978,41.71477,56.9
-73.91998,41.7147,56.5
-73.92102,41.71425,54.6
-73.9219,41.71387,52.1
-73.92279,41.71348,54.2
-73.92303,41.71337,54.8
-73.92387,41.71304,56.9
-73.92471,41.71272,54.9
-73.92554,41.71237,55.0
-73.92637,41.71202,54.7
-73.92646,41.71196,54.8
-73.92643,41.7119,54.7
-73.92645,41.71188,54.7
-73.92698,41.71165,54.8
-73.92785,41.7113,55.3
-73.9284,41.71111,56.3
-73.92936,41.71082,56.6
-73.93,41.71068,56.8
-73.93055,41.7106,57.0
-73.93109,41.71055,57.1
-73.93193,41.71051,57.4
-73.9331,41.71052,57.8
-73.93428,41.71053,58.2
-73.93545,41.71054,58.5
-73.93663,41.71054,58.9
-73.93781,41.71055,59.3
-73.93898,41.71056,59.7
-73.94016,41.71057,60.0
-73.94133,41.71058,60.4
-73.94251,41.71059,60.8
-73.94368,41.71059,61.2
-73.94486,41.7106,61.6
-73.94604,41.71061,61.9
-73.94721,41.71062,62.3
-73.94839,41.71063,62.7
-73.94956,41.71064,63.1
-73.95074,41.71064,63.4
-73.95191,41.71065,63.8
-73.95309,41.71066,64.2
-73.95427,41.71067,64.6
-73.95486,41.71066,64.8
-73.95557,41.71071,67.5
-73.95614,41.71068,69.8
-73.95681,41.71063,69.7
-73.95762,41.71052,70.2
-73.95844,41.71042,72.2
-73.95926,41.71032,72.4
-73.95984,41.71029,74.7
-73.9604,41.71032,78.8
-73.96093,41.7104,81.7
-73.96142,41.71051,82.3
-73.96188,41.71068,82.7
-73.96229,41.71088,82.7
-73.96265,41.71112,82.8
-73.96283,41.71124,82.6
-73.9635,41.71181,82.3
-73.96418,41.71237,82.2
-73.96491,41.71294,83.0
-73.96539,41.71336,83.7
-73.96586,41.71379,84.9
-73.96652,41.71441,85.3
-73.96719,41.71504,87.9
-73.96742,41.71531,87.5
-73.96762,41.71558,88.1
-73.96779,41.71586,88.0
-73.96791,41.71614,87.3
-73.96802,41.71644,86.1
-73.96819,41.71703,86.8
-73.96827,41.71738,87.2
-73.96846,41.71811,88.1
-73.96864,41.71884,85.4
-73.96887,41.7196,85.3
-73.96911,41.72036,85.1
-73.9693,41.72117,85.1
-73.96949,41.72198,85.2
-73.96968,41.7228,85.5
-73.96985,41.72351,85.7
-73.97003,41.72422,86.6
-73.9702,41.72493,88.7
-73.97038,41.72564,89.3
-73.97055,41.72635,88.9
-73.97073,41.72708,89.0
-73.97092,41.72781,90.3
-73.9711,41.72854,93.1
-73.97129,41.72926,91.4
-73.97145,41.72976,90.5
-73.97171,41.73021,91.6
-73.97196,41.73067,92.2
-73.97249,41.7314,94.4
-73.97303,41.73214,94.8
-73.97363,41.73286,95.8
-73.974,41.7332,96.2
-73.97459,41.73367,96.7
-73.97492,41.73389,96.7
-73.97534,41.73411,99.0
-73.97595,41.7344,105.0
-73.97634,41.73455,100.9
-73.97675,41.73468,100.3
-73.97752,41.73487,102.9
-73.97792,41.73494,103.0
-73.97875,41.73503,103.5
-73.97958,41.73512,101.1
-73.98062,41.7352,103.2
-73.98097,41.73523,103.9
-73.98198,41.73532,106.0
-73.98299,41.73542,106.2
-73.984,41.73551,106.3
-73.98501,41.73561,105.7
-73.98603,41.7357,104.9
-73.98718,41.73579,103.3
-73.98833,41.73588,100.9
-73.98948,41.73596,101.7
-73.99064,41.73605,101.0
-73.99144,41.73609,98.0
-73.99224,41.73613,98.1
-73.99304,41.73617,92.7
-73.99402,41.73623,97.3
-73.99499,41.73629,97.4
-73.99597,41.73635,100.9
-73.99694,41.7364,101.4
-73.99792,41.73646,102.7
-73.99893,41.73651,103.4
-73.99995,41.73655,103.5
-74.00096,41.7366,106.8
-74.00215,41.73665,110.3
-74.00249,41.73667,111.3
-74.00366,41.73671,114.8
-74.00482,41.73676,108.9
-74.00599,41.7368,108.5
-74.00637,41.73682,108.4
-74.00732,41.73688,108.2
-74.00828,41.73693,102.3
-74.00934,41.73698,104.3
-74.01039,41.73703,103.6
-74.01145,41.73708,106.0
-74.01214,41.73709,108.5
-74.01239,41.73705,110.0
-74.01265,41.73705,111.2
-74.01301,41.73707,111.8
-74.01344,41.73715,111.3
-74.01363,41.73716,111.4
-74.01453,41.73721,111.4
-74.0156,41.73724,110.4
-74.01665,41.73725,107.9
-74.0178,41.73722,107.3
-74.01896,41.73719,108.3
-74.02012,41.73716,109.5
-74.02127,41.73713,109.1
-74.02243,41.73711,109.1
-74.02358,41.73708,109.5
-74.02391,41.73713,109.5
-74.0244,41.73729,109.7
-74.02476,41.73733,109.5
-74.02557,41.7373,109.7
-74.02588,41.73724,110.1
-74.02699,41.7372,112.1
-74.0281,41.73716,113.7
-74.02921,41.73713,113.0
-74.02929,41.73709,112.0
-74.02944,41.73697,110.0
-74.02955,41.73693,109.1
-74.02972,41.73691,108.2
-74.02983,41.7369,107.7
-74.02993,41.73692,107.5
-74.03005,41.73698,107.5
-74.03025,41.73711,107.9
-74.03038,41.73714,108.0
-74.03099,41.73715,108.3
-74.0316,41.73716,109.2
-74.03184,41.73711,109.4
-74.03208,41.73711,109.4
-74.03235,41.73713,109.6
-74.0332,41.73724,110.3
-74.03406,41.73734,110.8
-74.03491,41.73744,109.9
-74.03529,41.73762,109.5
-74.0355,41.73767,109.5
-74.03622,41.73775,110.0
-74.03694,41.73783,109.4
-74.03809,41.73797,109.4
-74.03925,41.73812,109.5
-74.04041,41.73826,108.9
-74.04156,41.7384,108.5
-74.04272,41.73854,108.5
-74.04388,41.73868,108.6
-74.04503,41.73882,108.4
-74.04619,41.73896,108.6
-74.04734,41.7391,108.8
-74.0485,41.73924,109.2
-74.04966,41.73938,109.4
-74.04981,41.73939,109.4
-74.05,41.73942,109.4
-74.05052,41.73947,109.5
-74.05136,41.73962,109.7
-74.05221,41.73976,109.5
-74.05301,41.73991,109.5
-74.0538,41.74006,109.5
-74.0546,41.74019,109.5
-74.0554,41.74031,109.5
-74.0562,41.74044,110.5
-74.05615,41.74064,110.6
-74.05688,41.74075,110.9
-74.05761,41.74086,112.7
-74.05866,41.74099,115.6
-74.0597,41.74107,115.5
-74.06075,41.74116,115.0
-74.06179,41.74124,114.9
-74.06197,41.7413,115.0
-74.06293,41.74138,115.5
-74.06309,41.74136,115.6
-74.06377,41.74142,115.6
-74.06436,41.74148,116.3
-74.06525,41.74155,117.5
-74.06578,41.74163,118.2
-74.06624,41.7417,120.7
-74.06693,41.74187,120.3
-74.06694,41.74192,119.3
-74.06687,41.74224,116.0
-74.06627,41.74296,116.0
-74.06567,41.74367,115.7
-74.06519,41.7442,113.2
-74.06492,41.74464,111.2
-74.06462,41.74542,110.1
-74.06559,41.74579,108.1
-74.06656,41.74616,106.2
-74.06753,41.74653,104.9
-74.06851,41.74689,103.3
-74.06948,41.74726,101.4
-74.07045,41.74763,101.8
-74.07142,41.748,99.3
-74.072,41.74823,97.1
-74.07257,41.74846,94.1
-74.07337,41.74876,90.3
-74.07416,41.74906,87.0
-74.07496,41.74936,95.4
-74.07601,41.74977,102.1
-74.07706,41.75018,99.6
-74.07797,41.7505,96.5
-74.07888,41.75083,87.7
-74.07979,41.75116,84.5
-74.08069,41.75148,80.1
-74.0816,41.75181,72.9
-74.08201,41.75197,70.5
-74.08269,41.75229,65.9
-74.08338,41.75261,65.0
-74.08354,41.75266,65.0
-74.08354,41.75266,65.0
-74.08365,41.7527,64.9
-74.08453,41.75288,64.5
-74.08494,41.75298,64.4
-74.0845,41.75371,62.3
-74.08518,41.75372,62.2
-74.08488,41.75441,60.8
-74.08458,41.75509,60.7
-74.08436,41.75581,60.7
-74.08424,41.75633,60.6
-74.08411,41.75685,60.8
-74.08398,41.75767,60.8
-74.08386,41.75849,60.8
-74.08373,41.75931,60.7
-74.0836,41.76013,60.4
-74.08347,41.76094,59.9
-74.08334,41.76176,59.6
-74.08321,41.76258,59.6
-74.08309,41.7634,59.7
-74.08296,41.76422,59.8
-74.08283,41.76504,59.7
-74.08279,41.76554,59.9
-74.08274,41.76604,60.6
-74.08276,41.76651,60.5
-74.08284,41.767,60.2
-74.08292,41.7675,59.7
-74.08316,41.7682,59.1
-74.0835,41.76897,58.5
-74.08383,41.76975,58.1
-74.08417,41.77052,57.4
-74.0845,41.77129,56.7
-74.08484,41.77206,56.0
-74.08518,41.77283,55.2
-74.08555,41.77365,54.7
-74.0859,41.77419,55.0
-74.08616,41.77454,54.7
-74.08645,41.77485,54.7
-74.08681,41.77519,54.7
-74.08728,41.77555,54.9
-74.08761,41.77578,54.7
-74.08817,41.77607,54.7
-74.08873,41.77636,54.8
-74.08958,41.77678,54.9
-74.09024,41.77712,55.1
-74.0906,41.77738,55.3
-74.09115,41.77782,55.6
-74.09164,41.77833,56.0
-74.09196,41.77879,56.2
-74.09218,41.77919,56.4
-74.09234,41.77958,56.5
-74.09249,41.78014,56.7
-74.09254,41.78055,56.8
-74.09255,41.78094,57.0
-74.09251,41.78155,57.0
-74.0923,41.78236,57.1
-74.09209,41.78317,57.3
-74.09189,41.78398,57.5
-74.09168,41.78479,57.7
-74.09147,41.78559,58.0
-74.09126,41.7864,58.2
-74.09106,41.78721,58.5
-74.09085,41.78802,58.7
-74.09067,41.78869,59.0
-74.09049,41.78936,59.1
-74.09027,41.79019,59.1
-74.09005,41.79103,59.1
-74.08983,41.79187,59.1
-74.08962,41.7927,58.9
-74.0894,41.79354,58.9
-74.08918,41.79438,58.9
-74.08897,41.79521,59.0
-74.08875,41.79605,59.1
-74.08853,41.79688,59.2
-74.08831,41.79772,59.5
-74.08813,41.79844,59.6
-74.08795,41.79917,59.3
-74.08776,41.79989,59.5
-74.08758,41.80061,59.4
-74.08736,41.80142,59.3
-74.08715,41.80222,58.4
-74.08693,41.80303,57.2
-74.08683,41.80347,56.7
-74.08672,41.80391,55.4
-74.08651,41.80471,54.8
-74.0863,41.8055,54.7
-74.08609,41.80629,55.1
-74.08588,41.80709,55.6
-74.08566,41.80788,54.7
-74.08545,41.80867,55.3
-74.08524,41.80947,56.5
-74.08503,41.81029,57.4
-74.08481,41.81112,58.1
-74.0846,41.81194,58.2
-74.08438,41.81277,58.1
-74.08417,41.81359,57.8
-74.08395,41.81442,57.1
-74.08374,41.81524,56.5
-74.08361,41.8159,56.5
-74.0836,41.81635,56.8
-74.0837,41.81723,59.5
-74.08391,41.81782,60.8
-74.08408,41.81819,61.5
-74.08445,41.8188,65.5
-74.08483,41.81942,63.0
-74.08502,41.81989,64.1
-74.08506,41.82004,64.4
-74.08527,41.82081,66.3
-74.08548,41.82159,66.1
-74.08568,41.82237,66.2
-74.08589,41.82314,65.5
-74.0861,41.82392,64.5
-74.0863,41.82469,64.5
-74.08651,41.82547,65.2
-74.08672,41.82625,63.8
-74.0868,41.82671,63.8
-74.08683,41.82714,63.8
-74.08677,41.82795,62.9
-74.08662,41.82856,59.8
-74.08635,41.82936,59.8
-74.08608,41.83016,60.0
-74.08581,41.83096,59.7
-74.08554,41.83176,59.1
-74.08527,41.83256,59.0
-74.085,41.83336,59.0
-74.08483,41.83395,59.0
-74.08472,41.83456,59.1
-74.08469,41.83502,58.5
-74.08473,41.83538,58.3
-74.08483,41.83606,58.3
-74.08501,41.83666,58.3
-74.08511,41.83686,58.3
-74.08525,41.83706,58.3
-74.08549,41.83728,58.3
-74.0861,41.83774,58.6
-74.08625,41.83791,60.0
-74.0864,41.83813,59.1
-74.0865,41.83837,58.7
-74.08656,41.83864,58.6
-74.08653,41.83907,58.7
-74.08646,41.83939,58.6
-74.08641,41.83975,58.5
-74.0864,41.84001,59.0
-74.08644,41.84029,60.3
-74.08655,41.8405,60.0
-74.08682,41.84086,56.0
-74.08741,41.8414,49.5
-74.08764,41.8417,47.2
-74.08777,41.84181,45.4
-74.08803,41.8423,47.2
-74.08811,41.84259,48.3
-74.08823,41.84341,51.3
-74.08835,41.84423,54.2
-74.08841,41.84496,56.9
-74.08838,41.84534,56.2
-74.08823,41.84577,55.8
-74.08787,41.84636,56.4
-74.08751,41.84696,58.5
-74.08744,41.8472,58.6
-74.08741,41.84767,57.6
-74.08744,41.84835,56.2
-74.08743,41.84847,56.0
-74.08735,41.84889,55.2
-74.08722,41.84936,56.1
-74.08696,41.85015,56.1
-74.0867,41.85094,55.8
-74.08644,41.85173,55.1
-74.08618,41.85253,55.0
-74.08592,41.85332,57.4
-74.08583,41.85388,57.0
-74.08578,41.85405,57.0
-74.08572,41.85484,60.3
-74.08571,41.85536,60.7
-74.08569,41.85587,62.5
-74.08571,41.85607,62.0
-74.08567,41.85656,64.0
-74.08568,41.85673,64.6
-74.08567,41.85722,64.5
-74.08571,41.85739,64.3
-74.0857,41.85784,64.0
-74.08555,41.85845,64.1
-74.0852,41.85914,65.3
-74.08507,41.85916,65.2
-74.08473,41.85915,65.0
-74.0846,41.85918,65.1
-74.08449,41.85938,65.6
-74.08435,41.8595,65.6
-74.08416,41.8596,65.5
-74.08402,41.85959,66.3
-74.08333,41.85948,73.0
-74.08318,41.86034,73.0
-74.083,41.86093,73.4
-74.08294,41.861,73.7
-74.08216,41.86101,72.6
-74.08191,41.86106,75.3
-74.08171,41.8614,75.6
-74.08171,41.8619,72.7
-74.0815,41.8624,72.5
-74.08106,41.86319,74.5
-74.08111,41.86352,70.3
-74.08091,41.86377,69.0
-74.08054,41.86413,68.1
-74.08018,41.8645,67.4
-74.07995,41.86469,69.5
-74.07962,41.86518,69.6
-74.0793,41.86595,71.1
-74.07907,41.86658,72.5
-74.07883,41.8672,72.5
-74.07856,41.86797,77.4
-74.0783,41.86873,78.9
-74.07805,41.86929,77.8
-74.0778,41.86985,75.2
-74.07744,41.87055,73.4
-74.07685,41.87118,71.4
-74.0768,41.87122,71.2
-74.07591,41.87179,69.0
-74.07533,41.8721,72.6
-74.07475,41.87241,72.9
-74.0738,41.8729,72.9
-74.07284,41.87338,73.0
-74.07189,41.87386,71.3
-74.07093,41.87435,64.8
-74.06998,41.87483,62.7
-74.06934,41.87519,63.7
-74.0689,41.8755,61.7
-74.06874,41.87547,63.1
-74.06801,41.87584,63.7
-74.06728,41.87621,62.1
-74.06655,41.87658,61.7
-74.06575,41.87693,62.1
-74.06495,41.87728,61.7
-74.06424,41.8775,61.1
-74.0634,41.87785,59.6
-74.06244,41.87835,57.3
-74.06196,41.87866,56.9
-74.06148,41.87898,56.7
-74.06086,41.87943,57.5
-74.06024,41.87988,57.6
-74.05962,41.88034,57.2
-74.05929,41.8805,57.1
-74.05901,41.88061,57.5
-74.05859,41.88077,57.5
-74.05796,41.88113,57.5
-74.0578,41.88122,57.5
-74.05783,41.88146,57.6
-74.05698,41.88193,56.1
-74.05613,41.88241,55.3
-74.0553,41.88294,55.1
-74.05522,41.883,55.0
-74.05488,41.88328,55.0
-74.05442,41.88376,57.1
-74.05381,41.88446,57.3
-74.0532,41.88517,59.6
-74.0526,41.88588,59.3
-74.05199,41.88658,59.3
-74.05139,41.88729,59.7
-74.05078,41.888,59.7
-74.05017,41.8887,59.1
-74.04957,41.88941,59.3
-74.04896,41.89012,59.3
-74.04836,41.89082,59.4
-74.04775,41.89153,59.5
-74.04714,41.89224,59.0
-74.04661,41.89283,56.9
-74.04608,41.89342,57.1
-74.04555,41.89401,56.9
-74.04496,41.89461,56.7
-74.04437,41.8952,56.9
-74.04378,41.8958,58.0
-74.04333,41.89613,59.0
-74.04289,41.89647,59.1
-74.04242,41.89685,59.9
-74.04195,41.89724,63.6
-74.04122,41.89775,64.4
-74.04041,41.89836,63.1
-74.0398,41.89887,63.1
-74.03919,41.89937,63.4
-74.03865,41.89986,63.4
-74.03817,41.90038,63.4
-74.03779,41.90085,63.5
-74.03742,41.90131,68.1
-74.0369,41.90178,68.2
-74.03638,41.90224,68.1
-74.03586,41.90271,68.1
-74.03536,41.9032,68.3
-74.03487,41.90369,68.0
-74.03446,41.90414,68.2
-74.03406,41.9046,72.9
-74.03371,41.90508,72.9
-74.03336,41.90555,72.8
-74.03319,41.90572,72.8
-74.03298,41.90586,72.8
-74.0325,41.90615,71.3
-74.03146,41.90654,70.8
-74.03042,41.90693,69.7
-74.02939,41.90731,70.8
-74.02858,41.90761,71.0
-74.02777,41.9079,71.8
-74.02695,41.9082,72.0
-74.02632,41.90845,71.2
-74.02569,41.90871,71.4
-74.02516,41.90895,69.5
-74.02463,41.90919,69.1
-74.02359,41.90962,68.1
-74.02288,41.90998,68.3
-74.02275,41.91002,68.1
-74.02254,41.91009,67.9
-74.02212,41.91028,69.0
-74.02155,41.91055,69.7
-74.02099,41.91082,68.6
-74.02051,41.91108,68.8
-74.02044,41.91106,68.0
-74.0202,41.91141,70.2
-74.02001,41.9116,71.4
-74.01942,41.9121,72.1
-74.01884,41.9126,72.0
-74.01825,41.9131,71.8
-74.01759,41.91365,71.6
-74.01693,41.91419,74.8
-74.01627,41.91474,80.9
-74.01584,41.91514,78.6
-74.01542,41.91555,75.3
-74.01499,41.91597,74.0
-74.01483,41.91616,74.1
-74.01465,41.91653,77.7
-74.01461,41.91689,78.7
-74.01464,41.91715,82.7
-74.01474,41.91745,84.5
-74.01507,41.918,84.9
-74.01541,41.91856,81.5
-74.01546,41.9187,80.1
-74.01553,41.91911,75.0
-74.01552,41.91941,74.1
-74.01549,41.9196,74.2
-74.01537,41.92004,74.3
-74.01518,41.92048,70.5
-74.01475,41.92114,64.2
-74.01433,41.92179,60.5
-74.01391,41.92245,60.1
-74.01348,41.9231,59.6
-74.0132,41.92368,58.3
-74.01292,41.92426,57.0
-74.01281,41.92443,56.6
-74.01193,41.92478,54.8
-74.01104,41.92512,54.7
-74.01016,41.92547,52.8
-74.00991,41.92549,52.6
-74.00959,41.92566,54.0
-74.00934,41.92575,54.7
-74.00914,41.9258,55.1
-74.00809,41.92624,55.8
-74.00711,41.92662,55.2
-74.00613,41.92699,55.0
-74.00515,41.92737,55.4
-74.00418,41.92775,55.5
-74.0032,41.92813,55.5
-74.00323,41.92818,55.5
-74.00265,41.92841,56.2
-74.00237,41.92861,56.5
-74.002248,41.928695,56.9
-74.00214,41.92877,56.7
-74.0014,41.92929,57.6
-74.002046,41.929728,56.9
-74.002328,41.92947,56.8
-74.0029,41.92894,56.2
-74.00292,41.92894,56.2
-74.00245,41.92878,56.7
-74.00232,41.92874,56.9
-74.00208,41.92864,57.1
-74.00187,41.92856,57.2
-74.00177,41.92852,57.4
-74.00173,41.92851,57.4
-74.00156,41.92844,57.5
-74.00106,41.92824,57.9
-74.00095,41.9282,57.9
-74.00074,41.92811,57.9
-74.00052,41.92803,58.0
-74.00013,41.92788,58.1
-74.00011,41.927872,58.1
-73.999914,41.928122,57.8
-73.999633,41.928122,57.2
-73.99958,41.92814,57.2
-73.99952,41.92815,57.2
-73.99946,41.92816,57.1
-73.99942,41.92816,57.1
-73.99938,41.92816,57.1
-73.99926,41.92817,57.1
-73.99891,41.92818,57.1
-73.99873,41.92819,57.0
-73.99802,41.92829,56.8
-73.99754,41.92837,56.7
-73.99734,41.9284,56.6
-73.99724,41.92841,56.6
-73.99718,41.92842,56.7
-73.99712,41.92842,56.7
-73.9969,41.92836,56.7
-73.99665,41.92828,57.1
-73.99598,41.92807,59.3
-73.99592,41.92806,59.5
-73.99552,41.92793,61.0
-73.99505,41.92778,62.7
-73.99498,41.92776,62.7
-73.99474,41.92768,61.6
-73.99431,41.92754,59.0
-73.99431,41.92754,59.0
-73.99433,41.92703,59.0
-73.99433,41.92677,58.8
-73.99433,41.92677,58.8
-73.99382,41.92667,57.3
-73.99361,41.92662,57.3
-73.99344,41.92659,57.2
-73.99335,41.92657,57.3
-73.99232,41.92636,57.2
-73.99173,41.92624,57.3
-73.99173,41.92624,57.3
-73.9917,41.9263,57.3
-73.9917,41.9263,57.3
-73.99154,41.92626,57.3
-73.99138,41.92623,57.3
-73.9912,41.9262,57.2
-73.99105,41.92617,57.1
-73.99088,41.92615,56.8
-73.99066,41.92611,55.7
-73.99054,41.9261,55.3
-73.99045,41.92609,55.2
-73.99028,41.92609,55.3
-73.99023,41.92608,55.2
-73.99004,41.92608,55.3
-73.99002,41.92608,55.3
-73.98972,41.92608,55.3
-73.98948,41.92608,55.4
-73.98931,41.92609,55.5
-73.98908,41.9261,55.6
-73.98887,41.9261,55.8
-73.98887,41.92609,55.6
-73.98798,41.92611,52.8
-73.98692,41.92615,49.6
-73.98656,41.92621,48.5
-73.98622,41.92633,48.5
-73.9856,41.92656,48.5
-73.98533,41.92663,48.6
-73.98509,41.92662,47.5
-73.98501,41.92665,47.4
-73.98448,41.92698,45.6
-73.98395,41.92732,44.9
-73.98368,41.92746,44.4
-73.98356,41.92751,44.0
-73.98317,41.9276,42.6
-73.98288,41.92764,42.3
-73.98258,41.92765,41.4
-73.98216,41.9276,39.6
-73.98182,41.92752,38.5
-73.98172,41.92748,37.9
-73.98131,41.9273,35.8
-73.98113,41.92717,35.3
-73.98099,41.92706,35.0
-73.98077,41.92681,35.2
-73.98073,41.92673,35.0
-73.98052,41.9267,35.7
-73.98055,41.9266,34.6
-73.98063,41.92661,34.3
-73.98053,41.92628,32.6
-73.98053,41.92623,32.3
-73.98053,41.92618,32.1
-73.98053,41.92598,31.5
-73.98062,41.92565,31.2
-73.98074,41.92538,31.4
-73.98096,41.92511,29.2
-73.98126,41.92487,28.0
-73.98165,41.92468,27.6
-73.98226,41.92445,25.7
-73.98288,41.92423,24.2
-73.98317,41.92407,23.5
-73.98342,41.92391,23.1
-73.98374,41.92362,22.4
-73.98395,41.92334,21.9
-73.98405,41.92309,21.0
-73.98411,41.92286,19.4
-73.98412,41.92261,17.4
-73.98408,41.92238,16.2
-73.98403,41.92219,15.3
-73.9837,41.92156,13.6
-73.98347,41.92122,12.6
-73.98325,41.92095,11.9
-73.98334,41.92091,11.9
-73.98365,41.92135,11.8
-73.98372,41.92134,11.8
-73.98343,41.92086,11.8
-73.98314,41.92039,11.2
-73.98262,41.91967,9.3
-73.98197,41.91899,4.6
-73.98191,41.9189,4.1
-73.98192,41.9189,4.1
-73.98193,41.91892,4.2
-73.98199,41.91901,4.7
-73.98206,41.91907,5.1
-73.9822,41.91922,6.5
-73.98262,41.91966,9.3
-73.98265,41.91969,9.4
-73.9827,41.91974,9.6
-73.98275,41.9198,9.7
-73.98279,41.91985,9.8
-73.98282,41.91991,9.9
-73.98289,41.92,10.2
-73.98291,41.92004,10.3
-73.98297,41.92013,10.5
-73.98307,41.92029,10.9
-73.98311,41.92035,11.1
-73.98317,41.92046,11.4
-73.98326,41.92059,11.6
-73.98343,41.92086,11.8
-73.98365,41.92121,11.9
-73.98367,41.92124,11.9
-73.98371,41.9213,11.8
-73.98371,41.9213,11.8
-73.98367,41.9213,11.9
-73.98366,41.9213,11.9
-73.98365,41.9213,11.9
-73.98365,41.92129,11.9
-73.98359,41.92122,11.9
-73.98356,41.92118,11.9
-73.98346,41.92106,11.9
-73.98344,41.92103,11.9
-73.98342,41.921,11.9
-73.98339,41.92097,11.9
-73.98338,41.92096,11.9
-73.98337,41.92095,11.9
-73.98336,41.92095,11.9
-73.98334,41.92095,12.0
-73.98332,41.92095,11.9
-73.98331,41.92095,11.9
-73.9833,41.92096,11.9
-73.98329,41.92096,11.9
-73.98329,41.92097,11.9
-73.9833,41.92098,11.9
-73.9833,41.92099,11.9
-73.98353,41.9213,12.7
-73.98361,41.92144,13.0
-73.98363,41.92147,13.1
-73.9837,41.92157,13.3
-73.9837,41.92158,13.4
-73.98379,41.92173,13.8
-73.9838,41.92175,14.2
-73.98386,41.92186,14.7
-73.98388,41.9219,14.7
-73.98395,41.92203,14.8
-73.98402,41.92218,15.4
-73.98405,41.92228,15.8
-73.98409,41.92239,16.2
-73.98409,41.9224,16.2
-73.98415,41.92258,17.0
-73.98416,41.9227,17.8
-73.98414,41.92282,18.9
-73.98413,41.92284,19.1
-73.98409,41.92302,20.5
-73.98409,41.92305,20.7
-73.98402,41.9232,21.5
-73.98393,41.92336,21.9
-73.98392,41.92337,21.9
-73.98382,41.92352,22.2
-73.98375,41.92361,22.4
-73.98367,41.92369,22.5
-73.98361,41.92375,22.7
-73.98347,41.92387,23.0
-73.98343,41.92389,23.1
-73.98336,41.92396,23.2
-73.98325,41.92402,23.3
-73.98309,41.92411,23.6
-73.9829,41.92421,24.1
-73.9829,41.92422,24.2
-73.98276,41.92428,24.7
-73.98269,41.92431,24.9
-73.98256,41.92436,25.3
-73.98231,41.92446,25.5
-73.98226,41.92448,25.6
-73.98182,41.92463,27.3
-73.98162,41.92472,27.3
-73.98141,41.92482,27.4
-73.98126,41.92491,27.7
-73.98116,41.92498,28.1
-73.98106,41.92506,28.7
-73.98105,41.92508,28.7
-73.98096,41.92516,29.2
-73.98085,41.92528,30.5
-73.98079,41.92536,31.0
-73.98075,41.92541,31.1
-73.98068,41.92555,31.0
-73.98062,41.92569,31.1
-73.98062,41.9257,31.1
-73.98057,41.92582,31.3
-73.98056,41.92587,31.3
-73.98055,41.92595,31.4
-73.98053,41.92608,31.7
-73.98052,41.92621,32.3
-73.98054,41.92634,33.0
-73.98057,41.92646,33.5
-73.98061,41.92657,34.0
-73.98066,41.92668,34.9
-73.98084,41.9269,34.8
-73.98085,41.92691,34.8
-73.98097,41.92705,35.0
-73.98098,41.92706,35.0
-73.98102,41.9271,35.0
-73.9812,41.92723,35.5
-73.98138,41.92734,36.1
-73.98154,41.92742,36.8
-73.98173,41.9275,38.0
-73.98188,41.92754,38.8
-73.98205,41.92759,39.4
-73.98225,41.92762,40.0
-73.98235,41.92764,40.4
-73.98243,41.92765,40.8
-73.98259,41.92766,41.4
-73.98283,41.92764,42.1
-73.98293,41.92763,42.3
-73.98308,41.92761,42.5
-73.98327,41.92758,42.8
-73.9833,41.92758,42.9
-73.98348,41.92754,43.7
-73.98369,41.92748,44.5
-73.98369,41.92748,44.5
-73.98339,41.92813,47.0
-73.98325,41.92847,47.7
-73.98311,41.92882,49.9
-73.98304,41.92899,50.5
-73.98289,41.92933,50.9
-73.98275,41.92968,53.1
-73.98268,41.92985,54.0
-73.98261,41.93002,56.4
-73.98251,41.93027,58.8
-73.98243,41.93047,59.7
-73.98221,41.93099,60.0
-73.98214,41.93116,60.2
-73.98207,41.93133,60.2
-73.98201,41.93147,60.6
-73.98202,41.93169,63.1
-73.98202,41.93223,63.5
-73.98202,41.93236,65.0
-73.98202,41.93259,66.1
-73.98201,41.93277,63.8
-73.982,41.93295,63.1
-73.982,41.93313,62.6
-73.982,41.93313,62.6
-73.98232,41.93333,61.9
-73.98232,41.93333,61.9
-73.98238,41.93349,61.4
-73.98257,41.93404,59.2
-73.9826,41.93416,58.8
-73.98259,41.93427,58.7
-73.98258,41.93433,58.7
-73.98253,41.93444,58.7
-73.98249,41.93452,58.6
-73.98227,41.93494,60.4
-73.98142,41.93644,61.9
-73.98114,41.93693,62.5
-73.98112,41.93696,62.6
-73.98105,41.9371,62.7
-73.98096,41.93727,62.7
-73.98056,41.93801,64.6
-73.9804,41.93829,65.1
-73.98027,41.9385,65.4
-73.97995,41.93894,65.6
-73.97944,41.93954,64.8
-73.97905,41.93999,65.8
-73.97899,41.94007,65.9
-73.9788,41.94047,66.4
-73.97874,41.94058,66.4
-73.97864,41.94081,66.7
-73.97858,41.94094,66.7
-73.97855,41.94098,66.7
-73.97849,41.94107,66.7
-73.97843,41.94113,66.7
-73.97829,41.94128,66.6
-73.97801,41.94157,65.4
-73.97795,41.94163,64.6
-73.97787,41.94172,63.5
-73.97772,41.94186,63.0
-73.97757,41.942,62.7
-73.97747,41.9421,62.7
-73.97727,41.94228,64.0
-73.9772,41.94234,64.7
-73.97697,41.94257,65.0
-73.97683,41.94271,65.0
-73.97668,41.94285,65.1
-73.97653,41.94299,65.5
-73.97646,41.94306,65.9
-73.97638,41.94314,66.1
-73.97607,41.94342,65.7
-73.97534,41.94413,64.7
-73.97523,41.94424,64.6
-73.97506,41.94439,64.4
-73.97504,41.94441,64.4
-73.97472,41.94468,63.2
-73.97471,41.94468,63.2
-73.97458,41.94484,62.8
-73.9745,41.94499,61.9
-73.9745,41.945,61.8
-73.97442,41.94517,60.1
-73.97429,41.94549,57.7
-73.97428,41.94551,57.5
-73.97416,41.94581,55.3
-73.97412,41.94597,54.3
-73.97412,41.94597,54.3
-73.97407,41.94624,54.1
-73.97406,41.94631,54.1
-73.97398,41.94643,54.1
-73.97396,41.94645,54.1
-73.97386,41.94655,54.2
-73.97385,41.94656,54.2
-73.97383,41.94657,54.3
-73.97362,41.94671,55.8
-73.97347,41.94682,56.5
-73.97344,41.94684,56.5
-73.97331,41.94693,56.4
-73.9733,41.94694,56.4
-73.97316,41.94709,56.1
-73.97315,41.94709,56.1
-73.97314,41.94711,56.0
-73.97306,41.94725,55.1
-73.97305,41.94726,54.9
-73.97304,41.94728,54.6
-73.97298,41.94742,53.1
-73.97291,41.94759,51.4
-73.9729,41.94762,51.2
-73.97286,41.9477,50.6
-73.97282,41.94776,50.1
-73.97281,41.94779,50.0
-73.97278,41.94784,49.9
-73.97271,41.94792,49.6
-73.9727,41.94795,49.6
-73.97262,41.94805,49.7
-73.97259,41.94808,49.8
-73.97257,41.9481,49.9
-73.97246,41.94823,50.8
-73.97244,41.94825,51.0
-73.97233,41.94838,51.7
-73.9722,41.94853,52.2
-73.97207,41.94867,52.7
-73.97203,41.94873,53.0
-73.97191,41.94888,53.6
-73.97186,41.94894,53.8
-73.9718,41.94904,54.8
-73.97171,41.94919,57.2
-73.97169,41.9492,57.2
-73.97157,41.94936,59.2
-73.97152,41.94941,59.8
-73.97142,41.9495,60.4
-73.97127,41.94964,60.9
-73.97116,41.94974,61.9
-73.97111,41.94978,62.3
-73.97094,41.94991,63.1
-73.97079,41.95002,63.5
-73.97078,41.95004,64.1
-73.97062,41.95017,65.0
-73.9706,41.95018,65.0
-73.97044,41.9503,64.9
-73.97027,41.95042,63.4
-73.9701,41.95055,61.9
-73.96992,41.95067,60.1
-73.96975,41.9508,59.6
-73.96963,41.95088,58.2
-73.96958,41.95093,57.6
-73.96941,41.95105,56.3
-73.96932,41.95112,55.1
-73.96925,41.95119,54.0
-73.9691,41.95133,52.6
-73.96898,41.95143,51.2
-73.96895,41.95147,51.3
-73.96881,41.95162,49.3
-73.9688,41.95162,49.1
-73.96869,41.95177,48.0
-73.9686,41.95197,47.9
-73.96855,41.95214,48.0
-73.96853,41.9524,48.1
-73.96853,41.95258,48.2
-73.96853,41.953,48.1
-73.96852,41.95378,48.0
-73.96858,41.95405,48.0
-73.96884,41.95511,47.8
-73.96897,41.95564,47.5
-73.96901,41.95579,47.3
-73.96907,41.956,46.8
-73.96911,41.95617,45.5
-73.96919,41.95647,45.1
-73.96928,41.95678,45.1
-73.96932,41.95696,45.0
-73.96938,41.95718,45.6
-73.96966,41.95814,46.8
-73.96969,41.95819,46.9
-73.96976,41.95836,46.8
-73.96977,41.95839,46.7
-73.96986,41.95853,46.8
-73.97006,41.95885,46.8
-73.97009,41.95889,46.9
-73.97016,41.95902,47.1
-73.97023,41.95913,47.2
-73.97031,41.95936,47.0
-73.97037,41.9595,47.1
-73.97042,41.95971,46.9
-73.97045,41.95984,46.7
-73.97046,41.95989,46.7
-73.97049,41.96015,46.5
-73.97048,41.96055,44.5
-73.97047,41.9606,44.3
-73.97043,41.96078,43.9
-73.97042,41.96081,43.8
-73.97034,41.96108,40.4
-73.97032,41.96113,39.5
-73.97025,41.9613,37.6
-73.97018,41.96147,38.3
-73.97011,41.96165,39.0
-73.97003,41.96182,38.9
-73.96995,41.96201,39.1
-73.96994,41.96208,39.3
-73.96996,41.96221,39.4
-73.97003,41.96229,39.3
-73.97007,41.96232,39.2
-73.97014,41.96236,39.5
-73.97024,41.9624,40.8
-73.97028,41.96241,41.5
-73.97036,41.96241,44.1
-73.97063,41.96239,46.1
-73.97063,41.96239,46.1
-73.97062,41.96259,45.2
-73.97062,41.96274,45.4
-73.97063,41.96281,45.6
-73.97063,41.96287,45.7
-73.97064,41.96292,45.8
-73.9707,41.96329,46.4
-73.97071,41.96333,46.4
-73.97072,41.96338,46.5
-73.97075,41.96349,46.9
-73.9709,41.96401,47.6
-73.971,41.96434,47.9
-73.97122,41.96478,49.3
-73.97154,41.96544,50.4
-73.97161,41.96563,49.4
-73.97166,41.96576,48.6
-73.9717,41.96589,49.4
-73.97173,41.966,50.2
-73.97176,41.96617,50.6
-73.9718,41.96633,50.8
-73.97182,41.96649,50.9
-73.97183,41.96667,50.9
-73.97185,41.96691,50.8
-73.97185,41.9671,50.5
-73.97181,41.96762,49.8
-73.97178,41.96797,50.2
-73.97176,41.96829,51.2
-73.97169,41.96903,59.1
-73.97162,41.96988,59.5
-73.97161,41.97006,59.5
-73.97159,41.97029,59.4
-73.97152,41.971,56.5
-73.97141,41.97221,50.0
-73.97136,41.97257,49.5
-73.97128,41.97311,48.2
-73.97128,41.97312,48.2
-73.9712,41.97365,47.9
-73.97113,41.97419,47.7
-73.9711,41.97455,45.4
-73.97106,41.97527,45.5
-73.97105,41.97545,45.5
-73.97101,41.97631,45.5
-73.971,41.97644,45.4
-73.971,41.97644,45.4
-73.97093,41.97654,45.5
-73.97091,41.97658,45.6
-73.9709,41.9766,45.6
-73.97089,41.97661,45.7
-73.97087,41.97664,45.7
-73.97086,41.97666,45.8
-73.97083,41.97668,45.8
-73.97081,41.97669,45.8
-73.97078,41.97671,45.8
-73.97076,41.97672,45.8
-73.97072,41.97673,45.7
-73.97064,41.97675,45.6
-73.97046,41.97675,45.5
-73.97028,41.97675,45.5
-73.97014,41.97675,45.7
-73.97012,41.97675,45.7
-73.97002,41.97675,45.8
-73.96994,41.97676,45.8
-73.96987,41.97676,45.9
-73.96979,41.97678,45.8
-73.96971,41.97679,45.8
-73.96964,41.97681,45.7
-73.96958,41.97682,45.6
-73.9695,41.97684,45.6
-73.96943,41.97686,45.8
-73.96934,41.97689,45.8
-73.96927,41.97691,45.7
-73.96919,41.97695,45.6
-73.96911,41.97698,45.6
-73.96901,41.97703,45.5
-73.96895,41.97707,45.4
-73.96889,41.97711,45.4
-73.96879,41.97718,45.5
-73.96873,41.97722,45.3
-73.96866,41.97728,44.7
-73.96854,41.9774,43.5
-73.96839,41.97758,44.3
-73.96819,41.97784,45.1
-73.9679,41.97822,44.4
-73.96772,41.97846,43.8
-73.96766,41.97854,43.5
-73.96762,41.97858,43.4
-73.96753,41.97866,43.1
-73.96751,41.97868,43.1
-73.96741,41.97876,42.9
-73.96733,41.97883,42.8
-73.96721,41.9789,42.7
-73.96712,41.97894,42.7
-73.96704,41.97898,42.8
-73.96672,41.97912,42.4
-73.96666,41.97915,42.4
-73.96664,41.97916,42.3
-73.96663,41.97917,42.3
-73.96661,41.97918,42.2
-73.96657,41.97923,42.1
-73.96657,41.97923,42.1
-73.96596,41.97947,41.9
-73.96577,41.97954,41.5
-73.96523,41.97975,40.1
-73.96489,41.97988,40.5
-73.96475,41.97994,41.4
-73.96472,41.97995,41.5
-73.96469,41.97996,41.5
-73.96424,41.98014,31.5
-73.96421,41.98015,32.7
-73.96383,41.9803,40.1
-73.96362,41.98039,40.1
-73.96339,41.98048,40.5
-73.96315,41.98057,40.9
-73.96293,41.98064,41.2
-73.96292,41.98064,41.1
-73.96266,41.98072,41.2
-73.96232,41.98082,41.0
-73.9619,41.98093,41.1
-73.96162,41.981,41.5
-73.96153,41.98102,41.5
-73.96139,41.98104,41.4
-73.96115,41.98109,41.5
-73.961,41.98111,41.5
-73.96094,41.98112,41.5
-73.96076,41.98115,41.3
-73.96066,41.98116,41.0
-73.96061,41.98117,40.9
-73.96054,41.98121,40.9
-73.9601,41.98124,40.1
-73.96008,41.98124,40.1
-73.95984,41.98126,39.7
-73.9594,41.98129,39.0
-73.95936,41.98129,38.9
-73.95914,41.9813,38.6
-73.95912,41.9813,38.5
-73.95888,41.9813,38.1
-73.95886,41.9813,38.1
-73.95864,41.98129,37.7
-73.95843,41.98129,37.4
-73.95839,41.98129,37.3
-73.95815,41.98127,36.9
-73.95808,41.98127,36.8
-73.95772,41.98123,36.2
-73.95744,41.98119,35.8
-73.95738,41.98118,35.7
-73.95704,41.98113,35.1
-73.95673,41.98107,34.6
-73.95664,41.98105,34.4
-73.95652,41.98103,33.9
-73.95637,41.981,33.3
-73.95628,41.98098,33.0
-73.95617,41.98095,32.5
-73.95605,41.98092,32.0
-73.95601,41.98091,31.9
-73.95582,41.98087,31.1
-73.95582,41.98086,31.0
-73.95567,41.98082,30.4
-73.9556,41.9808,30.1
-73.9555,41.98077,29.7
-73.95538,41.98073,29.2
-73.95525,41.98069,28.7
-73.95515,41.98066,28.2
-73.95493,41.98059,27.3
-73.95471,41.98052,26.4
-73.95466,41.9805,26.2
-73.95458,41.98047,25.8
-73.95449,41.98044,25.4
-73.95427,41.98037,22.5
-73.95418,41.98035,21.4
-73.95404,41.9803,19.5
-73.95396,41.98027,18.4
-73.95382,41.98023,16.6
-73.95374,41.9802,15.5
-73.9536,41.98016,13.7
-73.95352,41.98013,12.6
-73.95338,41.98008,10.7
-73.9533,41.98006,9.7
-73.95316,41.98001,7.8
-73.95308,41.97999,6.7
-73.95285,41.97991,5.7
-73.95263,41.97984,4.8
-73.95219,41.9797,2.9
-73.95197,41.97963,1.9
-73.95152,41.97948,1.6
-73.95129,41.9794,1.4
-73.95117,41.97936,1.4
-73.95108,41.97934,1.3
-73.95095,41.97929,1.2
-73.95086,41.97926,1.2
-73.95064,41.97919,1.0
-73.95042,41.97912,0.9
-73.9502,41.97905,0.7
-73.94998,41.97897,0.6
-73.94962,41.97886,0.3
-73.94953,41.97883,0.3
-73.9494,41.97878,0.2
-73.94918,41.97871,0.2
-73.94909,41.97868,0.1
-73.94895,41.97864,0.1
-73.94873,41.97857,0.1
-73.94865,41.97854,0.1
-73.94851,41.97849,0.1
-73.94843,41.97847,0.1
-73.94829,41.97842,0.1
-73.94821,41.97839,0.1
-73.94807,41.97835,0.1
-73.94785,41.97828,0.1
-73.94763,41.9782,0.1
-73.9474,41.97813,0.1
-73.94718,41.97806,0.1
-73.94693,41.97798,0.1
-73.94652,41.97784,0.0
-73.94585,41.97762,0.0
-73.94563,41.97755,0.0
-73.94541,41.97748,0.0
-73.94519,41.9774,0.0
-73.94495,41.97732,0.0
-73.94475,41.97726,0.0
-73.94453,41.97718,0.0
-73.94449,41.97717,0.0
-73.94431,41.97711,0.0
-73.94429,41.9771,0.0
-73.94409,41.97704,0.0
-73.94407,41.97703,0.0
-73.94386,41.97697,0.0
-73.94385,41.97696,0.0
-73.94364,41.97689,0.0
-73.94362,41.97689,0.0
-73.9434,41.97682,0.0
-73.94319,41.97675,0.0
-73.94296,41.97667,0.0
-73.94276,41.9766,0.0
-73.94252,41.97653,0.0
-73.94231,41.97646,0.0
-73.94207,41.97638,0.0
-73.94187,41.97631,0.0
-73.94163,41.97624,0.0
-73.94143,41.97617,0.0
-73.94124,41.97611,0.0
-73.94119,41.97609,0.0
-73.94076,41.97595,0.0
-73.9407,41.97593,0.0
-73.94054,41.97588,0.0
-73.94052,41.97587,0.0
-73.94032,41.97581,0.0
-73.9403,41.9758,0.0
-73.94027,41.97579,0.0
-73.94008,41.97573,0.0
-73.93991,41.97567,0.0
-73.93988,41.97566,0.0
-73.93964,41.97558,0.0
-73.93942,41.97551,0.0
-73.93921,41.97544,0.0
-73.93899,41.97537,0.0
-73.93898,41.97536,0.0
-73.93853,41.97522,0.0
-73.93836,41.97516,0.0
-73.93831,41.97515,0.4
-73.93811,41.97508,2.1
-73.93809,41.97507,2.3
-73.93789,41.97501,4.0
-73.93787,41.975,4.2
-73.93767,41.97494,5.8
-73.9376,41.97491,6.5
-73.93741,41.97485,8.1
-73.93737,41.97484,8.4
-73.93715,41.97476,10.3
-73.93708,41.97474,10.9
-73.937,41.97471,11.6
-73.93686,41.97467,12.8
-73.93678,41.97464,13.5
-73.93664,41.97459,14.7
-73.93656,41.97457,15.4
-73.93634,41.9745,17.3
-73.9362,41.97445,18.5
-73.93612,41.97442,19.2
-73.93597,41.97438,20.4
-73.9359,41.97435,21.1
-73.93568,41.97428,22.9
-73.93553,41.97423,24.2
-73.93545,41.97421,24.9
-73.93523,41.97413,26.8
-73.93509,41.97408,28.0
-73.93443,41.97387,33.7
-73.93376,41.97365,39.4
-73.93368,41.97362,40.1
-73.93346,41.97355,42.0
-73.93324,41.97348,43.9
-73.9332,41.97347,44.2
-73.93303,41.97342,45.6
-73.93302,41.97341,45.8
-73.93286,41.97337,45.3
-73.93279,41.97336,45.4
-73.9326,41.97332,45.3
-73.93255,41.97331,45.1
-73.93232,41.97325,44.1
-73.93223,41.97323,44.2
-73.93209,41.97321,44.7
-73.93191,41.97317,44.9
-73.93166,41.97313,44.9
-73.93162,41.97312,44.9
-73.93145,41.97309,45.5
-73.93111,41.97303,47.3
-73.93096,41.97301,47.9
-73.93093,41.97301,48.0
-73.93078,41.97299,48.2
-73.93034,41.97295,48.2
-73.92995,41.97292,49.9
-73.92951,41.97291,49.9
-73.9292,41.9729,50.3
-73.92854,41.9729,55.9
-73.9283,41.9729,59.0
-73.92823,41.9729,59.4
-73.92739,41.9729,54.7
-73.92726,41.9729,54.7
-73.92718,41.9729,54.6
-73.92606,41.9729,51.8
-73.92507,41.9729,53.0
-73.92449,41.9729,54.1
-73.92394,41.9729,54.1
-73.92194,41.97288,57.1
-73.9219,41.97288,57.2
-73.92069,41.97288,55.4
-73.92069,41.97288,55.4
-73.92065,41.97312,55.4
-73.92063,41.97323,55.5
-73.92057,41.97366,54.8
-73.92056,41.97377,54.4
-73.92055,41.97389,54.2
-73.92054,41.97395,54.1
-73.92053,41.97407,54.0
-73.92053,41.9741,54.0
-73.92056,41.97426,53.9
-73.92058,41.97431,53.9
-73.92063,41.97448,53.8
-73.92066,41.9746,53.5
-73.92067,41.97461,53.5
-73.92067,41.97466,53.4
-73.9207,41.97484,52.1
-73.92071,41.97488,51.8
-73.92073,41.97504,51.4
-73.92071,41.97531,51.0
-73.92071,41.97536,51.0
-73.9207,41.97538,50.9
-73.92067,41.97549,50.8
-73.92064,41.97561,50.5
-73.9206,41.97573,50.2
-73.92054,41.9759,49.6
-73.92051,41.97599,49.3
-73.9205,41.97599,49.3
-73.92048,41.97605,49.1
-73.92034,41.97635,47.7
-73.92027,41.97652,47.3
-73.92011,41.97686,48.2
-73.91995,41.97724,47.3
-73.91992,41.97732,47.2
-73.9199,41.97737,47.2
-73.91988,41.97741,47.2
-73.91982,41.97758,47.2
-73.91977,41.97772,47.2
-73.91976,41.97776,47.2
-73.91974,41.97781,47.4
-73.9197,41.97793,48.1
-73.91965,41.97811,49.1
-73.91959,41.97828,49.5
-73.91956,41.97837,49.8
-73.91955,41.97842,49.9
-73.91954,41.97846,50.0
-73.91948,41.97867,50.9
-73.91944,41.97881,51.4
-73.9194,41.97897,51.8
-73.91933,41.97916,52.6
-73.9192,41.97938,53.5
-73.91912,41.97949,53.7
-73.91891,41.97963,53.5
-73.91887,41.97965,53.6
-73.91867,41.97975,53.7
-73.91847,41.97985,54.1
-73.91836,41.97991,54.2
-73.91812,41.9801,55.4
-73.91805,41.98015,55.8
-73.91796,41.98023,56.1
-73.91782,41.98036,56.6
-73.91781,41.98037,56.6
-73.91768,41.98052,56.8
-73.91765,41.98055,56.8
-73.91756,41.98068,56.3
-73.91745,41.98084,55.8
-73.9174,41.9809,55.8
-73.91736,41.98101,55.6
-73.91729,41.98118,55.4
-73.91723,41.98135,55.4
-73.91717,41.98149,55.4
-73.91716,41.98152,55.4
-73.91704,41.98182,56.0
-73.91702,41.98187,56.1
-73.9169,41.98217,55.7
-73.91686,41.98226,55.0
-73.91681,41.98233,54.5
-73.9167,41.98249,53.7
-73.91648,41.98281,52.9
-73.91643,41.98289,52.7
-73.91637,41.98297,52.5
-73.91627,41.98314,52.2
-73.91616,41.9833,51.5
-73.91616,41.98331,51.4
-73.91606,41.98346,50.5
-73.91596,41.98362,50.3
-73.91591,41.98371,50.2
-73.91587,41.98379,50.2
-73.9158,41.98396,50.2
-73.91578,41.984,50.2
-73.91574,41.98414,50.2
-73.91568,41.98431,50.2
-73.91566,41.98435,50.2
-73.91559,41.98448,50.2
-73.91549,41.98464,50.4
-73.91541,41.9848,50.4
-73.91524,41.98508,49.9
-73.9152,41.98514,49.6
-73.91515,41.98521,49.3
-73.9149,41.98542,49.1
-73.91468,41.9855,48.7
-73.91461,41.98554,48.4
-73.91455,41.98556,48.3
-73.9144,41.98574,49.1
-73.91438,41.98575,49.2
-73.91433,41.98583,49.9
-73.91426,41.98591,50.4
-73.91419,41.986,50.9
-73.91412,41.98616,51.8
-73.9141,41.98622,52.1
-73.91404,41.98656,52.5
-73.91404,41.9866,52.6
-73.91404,41.98665,52.7
-73.91404,41.98678,53.3
-73.91408,41.98686,53.5
-73.91423,41.98717,54.4
-73.91434,41.98736,55.2
-73.91444,41.98752,54.9
-73.91452,41.98763,54.5
-73.91461,41.98776,53.6
-73.91473,41.98791,53.1
-73.91496,41.98823,52.7
-73.91508,41.98844,51.8
-73.91519,41.98868,51.2
-73.91521,41.98874,51.2
-73.91523,41.98878,51.2
-73.91534,41.98919,50.6
-73.91538,41.98937,50.0
-73.91539,41.98954,49.9
-73.91539,41.98959,50.0
-73.91539,41.98968,50.1
-73.91538,41.98979,50.2
-73.91538,41.98984,50.2
-73.91537,41.98992,50.2
-73.91533,41.99003,50.3
-73.91527,41.99023,50.2
-73.91526,41.99025,50.2
-73.91521,41.9904,50.1
-73.91521,41.99042,50.0
-73.9152,41.99042,50.1
-73.91517,41.99056,49.7
-73.91515,41.9907,49.2
-73.91514,41.99085,48.4
-73.91514,41.99095,47.6
-73.91514,41.99104,47.5
-73.91514,41.99113,47.6
-73.91515,41.99119,47.6
-73.91517,41.99131,47.5
-73.91517,41.99133,47.4
-73.9152,41.99153,47.1
-73.91521,41.99167,47.2
-73.91523,41.9918,47.7
-73.91522,41.99199,48.9
-73.91521,41.99203,49.1
-73.91515,41.9922,49.9
-73.91511,41.99227,50.3
-73.91503,41.9924,51.1
-73.91491,41.99255,51.7
-73.91477,41.99268,52.2
-73.91463,41.99278,52.5
-73.9146,41.9928,52.6
-73.91434,41.99295,53.2
-73.91393,41.99315,54.3
-73.91389,41.99317,54.5
-73.91383,41.9932,54.7
-73.91369,41.99327,55.2
-73.91354,41.99336,55.9
-73.91345,41.99344,56.3
-73.91334,41.99357,56.7
-73.91325,41.99371,56.9
-73.91323,41.99374,56.9
-73.9132,41.99383,57.0
-73.91319,41.99384,57.0
-73.91316,41.99391,57.0
-73.91313,41.99396,57.1
-73.91307,41.99406,57.0
-73.91302,41.99416,56.8
-73.91294,41.99427,57.0
-73.91283,41.99441,57.3
-73.91268,41.99458,57.3
-73.91264,41.99462,57.1
-73.91259,41.99468,57.0
-73.91258,41.99471,57.0
-73.91254,41.99476,56.9
-73.91253,41.99478,56.8
-73.91249,41.99487,56.6
-73.91244,41.99504,56.0
-73.9124,41.99522,55.5
-73.91239,41.99537,55.3
-73.91241,41.99555,55.3
-73.91244,41.99568,55.2
-73.91249,41.99582,55.3
-73.91252,41.99589,55.3
-73.9126,41.99603,55.3
-73.91268,41.99618,55.4
-73.91277,41.99634,55.4
-73.91282,41.99642,55.7
-73.91287,41.99657,56.5
-73.91287,41.99658,56.6
-73.91288,41.9968,57.1
-73.91289,41.99719,56.5
-73.91288,41.9973,56.7
-73.91287,41.99777,57.1
-73.91286,41.99788,57.1
-73.91286,41.99795,56.9
-73.91286,41.99831,55.8
-73.91286,41.99834,55.7
-73.91287,41.99861,55.9
-73.91288,41.99867,56.0
-73.91291,41.99881,56.3
-73.91302,41.99917,57.0
-73.91303,41.99919,57.0
-73.9131,41.99937,56.9
-73.91316,41.99954,56.8
-73.91323,41.99971,56.1
-73.91334,42.00001,54.1
-73.9134,42.00024,54.3
-73.91348,42.00062,53.5
-73.91353,42.00079,53.6
-73.9136,42.00092,53.4
-73.91371,42.00137,53.3
-73.91372,42.00145,53.3
-73.91381,42.00184,53.7
-73.91387,42.0022,53.8
-73.91391,42.00243,53.6
-73.91392,42.00252,53.5
-73.91394,42.00279,53.1
-73.9139,42.00315,53.2
-73.91389,42.00329,53.2
-73.91388,42.00333,53.3
-73.91387,42.00356,53.2
-73.91384,42.00368,53.3
-73.91383,42.00375,53.3
-73.9138,42.00386,53.3
-73.91376,42.00404,53.4
-73.91374,42.00411,53.4
-73.9137,42.00421,53.5
-73.91365,42.00439,53.5
-73.9136,42.00453,53.5
-73.91354,42.00474,53.4
-73.91344,42.00509,53.3
-73.91343,42.00514,53.3
-73.91335,42.00531,53.4
-73.91327,42.00549,53.4
-73.91319,42.00565,53.7
-73.91307,42.00585,54.0
-73.91298,42.00597,53.9
-73.91295,42.00601,53.8
-73.91282,42.00613,53.9
-73.91268,42.00627,54.4
-73.91254,42.0064,55.4
-73.91248,42.00644,55.7
-73.91239,42.00654,56.0
-73.91233,42.00659,56.1
-73.91225,42.00669,56.2
-73.91212,42.00682,56.2
-73.91212,42.00684,56.2
-73.912,42.00699,56.0
-73.91195,42.00706,55.8
-73.9118,42.00732,54.6
-73.9118,42.00733,54.6
-73.9117,42.00749,54.3
-73.91161,42.00765,54.0
-73.91151,42.00782,53.8
-73.91142,42.00798,53.7
-73.9112,42.00837,51.6
-73.91098,42.00873,51.2
-73.9109,42.00887,51.2
-73.91083,42.00897,51.2
-73.91077,42.00905,51.2
-73.91072,42.00913,51.2
-73.91062,42.00929,51.0
-73.91051,42.00946,50.9
-73.91045,42.00956,51.0
-73.91025,42.00978,52.5
-73.91011,42.00993,52.6
-73.91005,42.00999,52.6
-73.90996,42.01007,52.2
-73.90973,42.01026,50.4
-73.90966,42.01035,50.0
-73.90954,42.01051,49.3
-73.9095,42.01056,49.0
-73.90943,42.01066,47.8
-73.90937,42.0108,47.0
-73.90935,42.01084,47.0
-73.90918,42.01116,46.7
-73.9091,42.01135,46.8
-73.909,42.01159,47.0
-73.90894,42.01168,46.7
-73.90893,42.0117,46.6
-73.90881,42.0119,46.6
-73.9087,42.01202,46.6
-73.90849,42.01223,46.6
-73.90844,42.01231,46.6
-73.90834,42.01246,46.7
-73.90834,42.01248,46.7
-73.90824,42.01271,47.0
-73.90823,42.01275,46.9
-73.90821,42.01283,46.9
-73.90817,42.01298,46.9
-73.90816,42.01316,46.6
-73.90817,42.01328,46.4
-73.90818,42.01334,46.4
-73.90821,42.01343,46.4
-73.90823,42.01348,46.4
-73.90824,42.01352,46.4
-73.9083,42.01365,46.8
-73.9083,42.01365,46.8
-73.9084,42.01364,46.3
-73.9084,42.01364,46.3
-73.90844,42.01373,46.7
-73.90857,42.01385,47.2
-73.90862,42.0139,47.7
-73.90886,42.01414,49.0
-73.90901,42.01428,49.3
-73.90913,42.01439,49.8
-73.90914,42.0144,49.8
-73.90916,42.01442,49.9
-73.9093,42.01456,49.8
-73.90935,42.01473,50.0
-73.90937,42.01482,50.1
-73.9094,42.0151,50.1
-73.9094,42.01518,50.2
-73.90941,42.01535,49.9
-73.9094,42.01543,49.9
-73.9094,42.01573,49.1
-73.90938,42.0159,48.9
-73.90933,42.01616,48.4
-73.90929,42.01629,47.7
-73.90928,42.0163,47.7
-73.90922,42.01647,46.5
-73.90917,42.01662,46.3
-73.9091,42.01682,46.3
-73.90905,42.017,46.5
-73.90901,42.0171,46.8
-73.90901,42.01718,46.7
-73.909,42.01726,46.8
-73.90901,42.01735,46.6
-73.90904,42.01771,47.0
-73.90904,42.01773,47.0
-73.90903,42.01777,47.2
-73.90905,42.01785,47.5
-73.90908,42.01788,47.6
-73.90929,42.01798,47.3
-73.90938,42.01802,46.7
-73.90943,42.01807,46.4
-73.90945,42.0181,46.3
-73.90947,42.01815,46.3
-73.90949,42.01832,47.2
-73.90942,42.01863,48.4
-73.90938,42.01881,48.4
-73.90941,42.019,47.2
-73.90943,42.01912,46.3
-73.90944,42.01917,45.9
-73.90944,42.01924,45.8
-73.90942,42.01938,45.7
-73.9094,42.01954,45.8
-73.90935,42.01966,46.1
-73.90934,42.01972,46.2
-73.90932,42.01979,46.2
-73.90929,42.01989,46.2
-73.90925,42.02,46.1
-73.90919,42.02011,46.0
-73.90911,42.02028,45.8
-73.9091,42.02029,45.8
-73.90907,42.02034,45.8
-73.9089,42.02068,45.8
-73.90883,42.02083,46.5
-73.90867,42.02117,47.7
-73.90859,42.02136,47.9
-73.90851,42.02156,48.1
-73.9085,42.02163,48.1
-73.9085,42.02165,48.0
-73.90851,42.02167,48.0
-73.90852,42.02169,48.0
-73.90853,42.0217,47.9
-73.90854,42.02173,47.8
-73.90852,42.02182,47.8
-73.9085,42.02189,47.8
-73.90848,42.02201,47.7
-73.90848,42.02245,45.1
-73.90848,42.02253,45.2
-73.90846,42.02259,45.2
-73.90843,42.02277,46.2
-73.90839,42.02296,46.9
-73.90832,42.02312,47.4
-73.90824,42.02329,48.1
-73.90786,42.02365,49.6
-73.90737,42.02437,50.7
-73.90736,42.02438,50.8
-73.90708,42.02472,51.2
-73.907,42.02489,51.5
-73.90694,42.02502,51.9
-73.90693,42.02506,52.4
-73.90688,42.02524,54.0
-73.90684,42.02539,54.2
-73.90684,42.02542,54.3
-73.90678,42.02577,54.2
-73.90675,42.02595,53.5
-73.90674,42.02602,53.3
-73.90671,42.02614,53.1
-73.90666,42.02638,52.9
-73.90663,42.0265,52.6
-73.90662,42.02652,52.6
-73.90652,42.02666,52.4
-73.90644,42.02671,52.4
-73.9064,42.02674,52.4
-73.90636,42.02679,52.4
-73.90628,42.02697,52.2
-73.90628,42.02697,52.2
-73.90624,42.02699,52.2
-73.90621,42.02701,52.2
-73.90617,42.02702,52.3
-73.90614,42.02703,52.3
-73.9061,42.02702,52.4
-73.90599,42.02699,52.6
-73.90594,42.02698,52.8
-73.90588,42.02696,53.0
-73.90585,42.02696,53.0
-73.90582,42.02697,53.1
-73.90579,42.02698,53.1
-73.90575,42.02699,53.1
-73.90572,42.02702,53.1
-73.90563,42.02721,53.1
-73.90555,42.02738,53.0
-73.90555,42.02739,53.0
-73.90532,42.02786,53.2
-73.90531,42.02789,53.3
-73.90528,42.02801,53.5
-73.9052,42.02824,53.3
-73.90517,42.02834,52.3
-73.90515,42.02842,52.0
-73.90513,42.02853,51.9
-73.90513,42.02855,51.9
-73.90503,42.02869,51.8
-73.90485,42.02883,51.8
-73.90479,42.02887,51.9
-73.90429,42.02915,52.6
-73.90417,42.02921,52.9
-73.9038,42.02941,54.1
-73.90358,42.02953,54.4
-73.90352,42.02957,54.5
-73.90352,42.02957,54.5
-73.90361,42.02962,54.3
-73.90368,42.02967,54.1
-73.9037,42.02968,54.0
-73.90372,42.02971,53.9
-73.90374,42.02973,53.9
-73.90375,42.02977,53.8
-73.90375,42.02984,53.7
-73.90375,42.02991,53.7
-73.90375,42.03001,53.6
-73.90381,42.03011,53.4
-73.90386,42.03017,53.3
-73.90394,42.03023,53.0
-73.90407,42.03032,52.6
-73.90419,42.03041,52.5
-73.90426,42.03046,52.4
-73.90426,42.03047,52.4
-73.90428,42.03049,52.4
-73.90429,42.03052,52.3
-73.90429,42.03053,52.3
-73.90429,42.03054,52.3
-73.90429,42.03056,52.3
-73.90427,42.03063,52.2
-73.90421,42.03074,52.0
-73.90415,42.03083,51.7
-73.90408,42.03089,51.5
-73.90408,42.03089,51.5
-73.90406,42.03095,51.4
-73.90414,42.0313,50.5
-73.90414,42.0313,50.5
-73.90438,42.03135,49.8
-73.90459,42.03137,49.1
-73.90478,42.03139,48.4
-73.90483,42.03139,48.2
-73.90495,42.0314,47.7
-73.90505,42.0314,47.2
-73.90519,42.03139,46.5
-73.90522,42.03139,46.4
-73.90528,42.03139,46.1
-73.90532,42.03138,45.9
-73.90533,42.03138,45.9
-73.90535,42.03139,45.8
-73.90536,42.0314,45.8
-73.90537,42.03141,45.7
-73.90537,42.03143,45.8
-73.90535,42.03146,45.9
-73.90534,42.03149,46.0
-73.90533,42.03154,46.1
-73.90532,42.03166,46.3
-73.90532,42.03178,46.0
-73.90532,42.03185,45.8
-73.90534,42.03193,45.6
-73.90535,42.03194,45.5
-73.90538,42.03201,45.3
-73.90541,42.03208,45.1
-73.90544,42.03213,45.0
-73.90545,42.03216,44.9
-73.90546,42.03218,44.8
-73.90546,42.03221,44.8
-73.90545,42.03224,44.7
-73.9054,42.03228,44.7
-73.90561,42.03267,43.9
-73.90574,42.03283,43.7
-73.90607,42.0331,43.3
-73.90618,42.03317,43.1
-73.90631,42.03327,42.9
-73.90636,42.03329,42.9
-73.90654,42.03334,43.1
-73.9068,42.03339,43.2
-73.90712,42.03343,43.2
-73.9073,42.03346,43.0
-73.90754,42.03349,42.8
-73.90782,42.03352,42.2
-73.90792,42.03359,41.9
-73.90794,42.03368,41.7
-73.90787,42.03383,41.1
-73.9079,42.03395,40.5
-73.90792,42.03398,40.4
-73.90794,42.03402,40.2
-73.90802,42.03408,40.1
-73.90816,42.03413,40.1
-73.90831,42.03418,40.1
-73.90841,42.03422,40.0
-73.90852,42.03427,39.4
-73.90872,42.03437,36.7
-73.90882,42.03441,35.3
-73.90891,42.03447,33.7
-73.90896,42.0345,32.7
-73.90909,42.03466,28.8
-73.90919,42.0348,26.4
-73.9094,42.03501,22.3
-73.90943,42.03508,21.1
-73.90947,42.03517,19.7
-73.90953,42.03536,17.7
-73.90956,42.03542,17.7
-73.90956,42.03543,17.7
-73.90958,42.03548,17.7
-73.90964,42.03556,17.8
-73.90967,42.03558,17.8
-73.9097,42.03561,17.8
-73.9098,42.03574,17.9
-73.90986,42.03582,19.0
-73.9099,42.0359,19.9
-73.90991,42.0359,19.9
-73.90998,42.03602,20.4
-73.91005,42.03631,20.7
-73.91006,42.03642,20.7
-73.91006,42.03643,20.7
-73.91005,42.0368,21.2
-73.91009,42.03696,21.4
-73.91009,42.03697,21.4
-73.91018,42.0371,21.7
-73.91019,42.03712,21.7
-73.91028,42.03725,21.9
-73.9103,42.03728,22.0
-73.91042,42.03742,25.3
-73.91054,42.03751,27.4
-73.91062,42.03755,28.7
-73.91074,42.03756,30.0
-73.91085,42.03755,30.5
-73.91109,42.03756,31.6
-73.9111,42.03756,31.7
-73.91134,42.03757,32.7
-73.91145,42.03761,33.6
-73.91154,42.03767,34.4
-73.91154,42.03768,34.5
-73.91158,42.0377,34.8
-73.91164,42.03773,35.2
-73.91164,42.03773,35.2
-73.91156,42.03786,35.2
-73.91152,42.0379,35.4
-73.91145,42.03799,36.1
-73.91119,42.03838,37.8
-73.91114,42.03845,38.1
-73.91109,42.03854,38.6
-73.91093,42.03882,40.6
-73.91083,42.03905,40.2
-73.91076,42.0392,40.0
-73.91075,42.03922,40.1
-73.91061,42.03956,40.8
-73.91061,42.03958,40.8
-73.91027,42.04064,42.1
-73.91023,42.04097,42.4
-73.9102,42.04115,42.8
-73.91013,42.04167,43.3
-73.91013,42.04168,43.3
-73.91009,42.04184,43.6
-73.91003,42.04196,43.7
-73.90998,42.04202,43.7
-73.90995,42.04205,43.8
-73.90984,42.04217,44.0
-73.90963,42.04238,44.1
-73.90907,42.04286,43.8
-73.90891,42.043,43.4
-73.90886,42.04305,43.3
-73.9087,42.04322,43.2
-73.90866,42.0433,43.2
-73.90856,42.04353,42.8
-73.90851,42.04365,42.8
-73.9085,42.04368,42.8
-73.90849,42.04382,43.2
-73.90848,42.04391,43.5
-73.90851,42.044,43.8
-73.90855,42.04413,43.6
-73.90871,42.04428,43.8
-73.90873,42.04433,43.8
-73.90873,42.04438,43.7
-73.90862,42.04445,43.7
-73.90848,42.0446,43.3
-73.90832,42.04472,42.7
-73.9083,42.04473,42.7
-73.90812,42.04484,42.6
-73.9081,42.04485,42.6
-73.90791,42.04493,42.5
-73.90783,42.04497,42.5
-73.90769,42.04501,42.5
-73.90757,42.04505,42.6
-73.90747,42.04509,42.6
-73.90726,42.04517,42.6
-73.90691,42.04533,42.4
-73.90674,42.04546,42.3
-73.90671,42.04551,42.3
-73.90666,42.04558,42.3
-73.90665,42.04568,42.2
-73.90666,42.04586,42.0
-73.90669,42.04622,41.5
-73.90669,42.04622,41.5
-73.90766,42.0461,41.0
-73.907816,42.046084,41.0
-73.90796,42.04607,41.0
-73.90814,42.04605,40.9
-73.9082,42.04604,40.9
-73.90862,42.046,40.9
-73.90868,42.04599,41.1
-73.90886,42.04597,41.7
-73.9089,42.04597,41.8
-73.90892,42.04597,41.9
-73.9091,42.04595,41.7
-73.90916,42.04595,41.4
-73.90934,42.04593,40.5
-73.9094,42.04593,40.0
-73.90958,42.04591,38.3
-73.90964,42.04591,37.6
-73.90982,42.04589,35.0
-73.91012,42.04587,31.8
-73.91036,42.04585,30.1
-73.9105,42.04584,29.1
-73.91061,42.04584,28.3
-73.91074,42.04585,27.3
-73.91084,42.04587,27.1
-73.911,42.0459,26.7
-73.91107,42.04592,26.6
-73.91127,42.04599,26.2
-73.91129,42.046,26.1
-73.91144,42.04607,25.8
-73.91147,42.04612,25.6
-73.91157,42.04625,25.3
-73.91157,42.04628,25.4
-73.91162,42.04645,25.2
-73.91167,42.04663,25.9
-73.91168,42.04668,26.2
-73.91171,42.04681,27.2
-73.91175,42.04698,28.0
-73.9118,42.04716,29.0
-73.91184,42.04734,30.1
-73.91188,42.04751,31.2
-73.91192,42.04769,32.1
-73.91195,42.04779,32.5
-73.91196,42.04787,32.7
-73.91198,42.04805,33.7
-73.91201,42.04823,34.9
-73.91203,42.0484,35.4
-73.91203,42.04841,35.4
-73.91202,42.04859,35.6
-73.91197,42.0487,35.3
-73.91195,42.04876,35.3
-73.91189,42.04893,35.1
-73.91186,42.04901,35.1
-73.91183,42.04911,35.2
-73.91177,42.04928,35.9
-73.91177,42.0493,36.1
-73.91174,42.04946,37.3
-73.91171,42.04964,37.5
-73.9117,42.0497,37.5
-73.91163,42.04999,37.5
-73.91159,42.05017,37.6
-73.91155,42.05035,37.6
-73.91151,42.05052,37.7
-73.91147,42.0507,39.5
-73.91143,42.05087,40.1
-73.91142,42.05097,40.1
-73.9114,42.05109,40.0
-73.91138,42.05119,40.1
-73.91134,42.05138,39.9
-73.91132,42.05149,40.0
-73.91125,42.05185,40.6
-73.91123,42.05197,40.7
-73.91122,42.05203,40.8
-73.91119,42.05218,41.0
-73.91116,42.05233,41.0
-73.91116,42.05236,41.0
-73.91113,42.05251,41.1
-73.91113,42.05253,41.1
-73.91112,42.05258,41.1
-73.91108,42.05273,41.2
-73.91107,42.05275,41.2
-73.91095,42.0531,41.6
-73.91091,42.05321,41.6
-73.91089,42.05328,41.7
-73.91078,42.05358,42.0
-73.9107,42.0538,41.9
-73.91046,42.05442,42.3
-73.91043,42.05451,42.4
-73.91021,42.05504,42.8
-73.90997,42.05566,42.7
-73.90986,42.05594,42.8
-73.90984,42.056,42.8
-73.90979,42.05615,42.9
-73.90978,42.05618,42.9
-73.90973,42.05633,43.0
-73.90973,42.05635,43.0
-73.90967,42.05653,43.1
-73.90946,42.0571,43.4
-73.90925,42.05768,44.2
-73.90919,42.05786,44.7
-73.90907,42.05813,44.9
-73.90891,42.05852,45.8
-73.90891,42.05852,45.8
-73.908906,42.058526,45.8
-73.90891,42.05853,45.8
-73.90891,42.05853,45.8
-73.90982,42.05878,45.7
-73.91072,42.05904,45.3
-73.91128,42.05917,45.2
-73.91141,42.05917,45.1
-73.91151,42.05918,45.0
-73.91195,42.05915,44.6
-73.91269,42.05908,43.6
-73.91343,42.05902,43.2
-73.91412,42.05894,43.6
-73.91481,42.05887,43.9
-73.91574,42.05877,44.3
-73.91576,42.05961,45.5
-73.91579,42.06045,45.8
-73.91581,42.06129,47.5
-73.91584,42.06182,47.9
-73.91585,42.0625,48.2
-73.91583,42.06312,47.3
-73.91593,42.06364,48.0
-73.91609,42.06449,48.3
-73.91624,42.06534,48.4
-73.9164,42.0662,48.6
-73.91648,42.06632,48.8
-73.91672,42.06659,49.7
-73.91687,42.06673,50.3
-73.91701,42.06682,50.7
-73.91706,42.06693,50.9
-73.91708,42.06699,50.9
-73.91707,42.06714,51.0
-73.91678,42.06772,51.2
-73.9165,42.0683,50.2
-73.91646,42.06841,50.3
-73.91646,42.0685,50.4
-73.91659,42.06934,50.8
-73.9166,42.0696,51.1
-73.91656,42.07014,51.7
-73.91651,42.07068,51.4
-73.91646,42.07085,51.3
-73.91606,42.07152,50.8
-73.91582,42.07201,50.9
-73.91558,42.0725,50.9
-73.91553,42.07264,51.0
-73.91551,42.07271,51.0
-73.91551,42.07349,52.2
-73.91547,42.0743,58.0
-73.91535,42.07491,57.4
-73.91535,42.07556,54.4
-73.91545,42.07574,53.4
-73.91566,42.07592,52.9
-73.9161,42.07625,53.9
-73.91619,42.07635,54.2
-73.91621,42.07639,54.4
-73.91624,42.07655,54.9
-73.91605,42.0772,58.1
-73.91578,42.07802,61.0
-73.9155,42.07885,62.0
-73.91532,42.07937,61.9
-73.91515,42.07989,60.4
-73.91496,42.08033,59.2
-73.91487,42.08048,59.0
-73.9147,42.0807,58.9
-73.91449,42.08088,59.0
-73.91401,42.08118,56.6
-73.9139,42.08127,55.3
-73.91383,42.08136,54.6
-73.91371,42.0815,54.3
-73.9136,42.08167,54.2
-73.91317,42.0825,53.8
-73.91283,42.08309,51.3
-73.91247,42.08385,51.3
-73.91211,42.08462,51.5
-73.912,42.08481,51.5
-73.91193,42.08492,51.4
-73.91177,42.085,51.4
-73.9116,42.08503,51.2
-73.91139,42.08501,51.2
-73.9111,42.08492,51.2
-73.91046,42.08473,51.2
-73.91011,42.08461,51.1
-73.910092,42.084652,51.2
-73.90978,42.08538,51.3
-73.90946,42.08614,50.6
-73.90913,42.08691,51.4
-73.90898,42.0873,51.8
-73.90871,42.08815,53.2
-73.90866,42.08868,54.0
-73.90861,42.08922,53.8
-73.9085,42.09009,53.7
-73.9084,42.09097,52.1
-73.90829,42.09184,50.2
-73.90819,42.09271,49.1
-73.90817,42.09316,48.6
-73.90818,42.09349,49.1
-73.90821,42.09372,50.1
-73.90834,42.09427,51.1
-73.90837,42.09458,51.0
-73.90834,42.09498,50.0
-73.90829,42.09527,49.9
-73.9082,42.0957,49.9
-73.90812,42.09593,49.7
-73.90795,42.09635,49.6
-73.90766,42.09687,51.1
-73.90728,42.09761,50.9
-73.90701,42.09823,50.9
-73.90691,42.0985,50.8
-73.90665,42.0993,51.1
-73.90638,42.10006,51.0
-73.90618,42.1007,51.1
-73.90599,42.10134,51.0
-73.90587,42.10167,51.5
-73.90571,42.10229,51.2
-73.9056,42.10275,51.8
-73.90548,42.10338,51.9
-73.90537,42.10402,51.5
-73.90533,42.10464,53.7
-73.90529,42.10526,53.5
-73.90521,42.10581,54.8
-73.9051,42.10641,56.3
-73.90497,42.10728,57.1
-73.90483,42.10786,56.5
-73.9048,42.10807,56.6
-73.90478,42.10825,56.8
-73.90476,42.10883,59.1
-73.90474,42.10941,62.0
-73.90471,42.10967,63.5
-73.90461,42.11002,63.6
-73.9043,42.11089,61.3
-73.90425,42.11109,60.6
-73.90422,42.11132,59.8
-73.90418,42.11207,59.8
-73.90415,42.11282,59.9
-73.90414,42.11336,58.8
-73.90414,42.11389,56.3
-73.90411,42.11403,55.8
-73.90403,42.11421,55.5
-73.90393,42.11434,55.3
-73.90369,42.11455,54.5
-73.90343,42.11472,52.9
-73.9031,42.11491,51.3
-73.90254,42.11519,45.8
-73.90197,42.11547,41.4
-73.9016,42.11565,38.3
-73.9013,42.11581,34.7
-73.90112,42.11593,35.9
-73.90096,42.11609,36.9
-73.90087,42.11621,37.3
-73.90081,42.11632,37.5
-73.90076,42.1165,37.5
-73.90074,42.11668,38.0
-73.90079,42.117,39.6
-73.90102,42.11786,42.7
-73.90106,42.11814,41.3
-73.9011,42.1188,41.1
-73.90109,42.11906,40.6
-73.90103,42.11928,41.2
-73.90098,42.1194,41.4
-73.9009,42.11954,41.6
-73.9008,42.11966,41.7
-73.90067,42.11979,41.7
-73.90042,42.12,41.7
-73.90014,42.12021,41.0
-73.89991,42.12043,39.7
-73.89976,42.12062,39.4
-73.89966,42.12083,39.5
-73.89961,42.12102,40.4
-73.89959,42.1212,41.2
-73.89961,42.12185,40.2
-73.89962,42.1225,40.9
-73.89958,42.12286,42.0
-73.89953,42.1231,42.3
-73.89927,42.12372,42.0
-73.89904,42.1244,42.0
-73.89881,42.12509,42.7
-73.89863,42.12559,43.0
-73.89855,42.12575,43.0
-73.89826,42.12619,42.6
-73.89769,42.12696,41.7
-73.89713,42.12773,41.7
-73.89694,42.12794,41.4
-73.89678,42.12808,40.2
-73.89658,42.12822,39.7
-73.89589,42.12866,37.6
-73.89553,42.12892,37.2
-73.89513,42.12929,40.4
-73.89499,42.12945,41.0
-73.89493,42.12954,41.2
-73.89482,42.12972,41.9
-73.89472,42.12999,43.1
-73.89463,42.13039,42.8
-73.89454,42.13061,42.8
-73.89437,42.13086,42.9
-73.89385,42.13154,43.2
-73.89369,42.1317,43.4
-73.89325,42.13209,43.8
-73.89313,42.13223,43.7
-73.89288,42.13264,43.3
-73.89277,42.13278,43.3
-73.89271,42.13284,43.4
-73.89254,42.13291,43.7
-73.89247,42.13294,43.8
-73.89241,42.13294,43.9
-73.89236,42.13324,43.3
-73.89233,42.13334,43.2
-73.89221,42.13362,43.0
-73.89205,42.13389,42.9
-73.89193,42.13407,42.3
-73.89164,42.13445,41.5
-73.891634,42.134448,41.5
-73.89123,42.1343,43.1
-73.89076,42.1341,43.8
-73.89057,42.13401,43.8
-73.89005,42.13375,42.6
-73.88965,42.13358,44.4
-73.88891,42.13334,46.1
-73.88816,42.1331,45.9
-73.88785,42.13302,48.2
-73.88762,42.13298,48.2
-73.88741,42.13299,48.2
-73.88669,42.13308,51.8
-73.88586,42.1331,53.1
-73.88503,42.13311,54.4
-73.8842,42.13313,57.6
-73.88364,42.13312,60.3
-73.88332,42.13309,60.5
-73.88316,42.13304,60.5
-73.88307,42.13299,60.1
-73.88278,42.1328,57.7
-73.88266,42.13275,57.3
-73.88231,42.13267,56.9
-73.88152,42.13257,55.8
-73.88152,42.13257,55.8
-73.88143,42.13256,55.6
-73.88071,42.13241,53.2
-73.88039,42.13238,52.1
-73.88017,42.13237,52.0
-73.87988,42.13238,52.0
-73.87925,42.13244,51.9
-73.87863,42.13252,50.2
-73.8775,42.13263,45.5
-73.87698,42.13265,46.4
-73.87659,42.13263,47.2
-73.87574,42.13252,49.6
-73.87564,42.13332,47.5
-73.87553,42.13411,46.9
-73.87543,42.13491,48.0
-73.87532,42.13571,48.3
-73.87522,42.13594,48.9
-73.8751,42.13615,49.4
-73.875,42.13629,49.9
-73.87464,42.13673,51.5
-73.87431,42.1371,52.0
-73.87414,42.13726,52.1
-73.87401,42.13737,51.8
-73.87354,42.1377,52.6
-73.87307,42.13802,52.5
-73.87286,42.13814,53.0
-73.87239,42.13835,54.6
-73.87189,42.13853,55.4
-73.8716,42.13866,57.3
-73.87138,42.13877,59.2
-73.87115,42.13893,61.5
-73.87098,42.13908,62.7
-73.87082,42.13928,63.3
-73.87066,42.13953,63.7
-73.8704,42.14011,63.5
-73.87015,42.14069,65.6
-73.86989,42.14127,65.4
-73.86977,42.14148,65.1
-73.8693,42.14212,63.4
-73.86884,42.14275,63.2
-73.86838,42.14339,63.0
-73.86791,42.14402,63.0
-73.86745,42.14466,63.3
-73.86722,42.14502,63.5
-73.86714,42.14518,63.7
-73.86712,42.1453,63.7
-73.86712,42.14547,63.7
-73.86714,42.1456,63.7
-73.86721,42.14584,63.8
-73.86705,42.14585,65.6
-73.8669,42.14586,66.8
-73.86666,42.14585,67.9
-73.86634,42.1458,67.9
-73.86555,42.14561,64.4
-73.86501,42.14555,65.0
-73.86451,42.14555,66.6
-73.86426,42.14558,67.9
-73.86408,42.14561,68.6
-73.864081,42.145609,68.6
-73.86377,42.14566,70.3
-73.86363,42.14569,70.4
-73.8634,42.14574,70.6
-73.863,42.14583,70.1
-73.86253,42.14591,70.7
-73.86189,42.146,67.1
-73.86182,42.146,66.5
-73.86158,42.14602,64.5
-73.86143,42.14604,63.8
-73.86139,42.14604,63.6
-73.86109,42.14605,61.0
-73.86086,42.14606,60.7
-73.86051,42.14608,62.2
-73.86027,42.1461,63.3
-73.85975,42.14612,66.6
-73.85955,42.14616,66.4
-73.85951,42.14617,66.3
-73.85932,42.14622,65.9
-73.85915,42.14628,65.8
-73.8591,42.1463,65.8
-73.85892,42.14636,65.7
-73.85864,42.14648,65.3
-73.85848,42.14657,65.0
-73.85842,42.1466,64.7
-73.85831,42.14669,64.4
-73.85823,42.1468,64.2
-73.85818,42.14689,64.0
-73.85814,42.14703,63.4
-73.85813,42.14708,63.1
-73.858,42.14771,62.6
-73.85793,42.14787,62.6
-73.85789,42.14794,62.6
-73.85775,42.14808,62.6
-73.85764,42.14816,62.6
-73.85759,42.14818,62.6
-73.85747,42.14823,62.6
-73.85735,42.14826,62.6
-73.85712,42.14833,62.6
-73.85674,42.1484,62.6
-73.85665,42.14841,62.6
-73.85631,42.14847,63.3
-73.85606,42.14851,63.7
-73.85603,42.14851,63.8
-73.85589,42.14853,63.8
-73.85563,42.14854,64.6
-73.85554,42.14853,65.1
-73.85549,42.14853,65.3
-73.8553,42.14852,66.2
-73.85409,42.14846,70.8
-73.85378,42.14845,71.3
-73.8533,42.14843,69.1
-73.85305,42.14843,66.5
-73.85304,42.14843,66.4
-73.85281,42.14844,64.1
-73.85263,42.14848,63.4
-73.85237,42.14857,62.0
-73.85236,42.14857,62.0
-73.85216,42.14867,60.4
-73.85206,42.14871,59.9
-73.85197,42.14878,59.5
-73.85183,42.14886,58.4
-73.85167,42.14898,57.0
-73.85162,42.14903,56.6
-73.85148,42.14917,55.7
-73.85146,42.14918,55.5
-73.85134,42.14932,55.2
-73.85134,42.14933,55.3
-73.85124,42.14947,55.1
-73.8511,42.14969,54.8
-73.85099,42.14985,54.7
-73.8509,42.15001,54.6
-73.8508,42.15018,54.5
-73.85032,42.151,56.3
-73.85013,42.15133,56.5
-73.85003,42.1515,56.5
-73.84989,42.15175,56.6
-73.84983,42.15183,56.5
-73.84964,42.1521,56.5
-73.84961,42.15214,56.5
-73.84947,42.15231,56.5
-73.84932,42.15244,56.3
-73.84925,42.15251,56.3
-73.84906,42.15264,55.3
-73.84897,42.15268,54.5
-73.84886,42.15274,53.8
-73.84865,42.1528,52.7
-73.84853,42.15281,52.0
-73.84845,42.15282,51.5
-73.84804,42.15283,49.9
-73.8478,42.15283,49.1
-73.84738,42.15283,46.8
-73.84732,42.15284,46.0
-73.84707,42.15286,42.4
-73.847,42.15286,41.7
-73.84683,42.15289,40.4
-73.8466,42.15292,38.7
-73.84647,42.15294,37.6
-73.84636,42.15296,36.9
-73.84613,42.15301,35.1
-73.8459,42.15308,32.6
-73.84568,42.15315,29.7
-73.84545,42.15321,27.7
-73.8454,42.15323,27.2
-73.84523,42.15329,24.6
-73.84502,42.15336,20.0
-73.84501,42.15336,19.8
-73.84479,42.15344,15.2
-73.84454,42.15353,19.2
-73.84444,42.15357,20.8
-73.84422,42.15365,24.4
-73.84408,42.1537,26.7
-73.8438,42.15383,31.5
-73.84372,42.15387,32.5
-73.84361,42.15394,33.4
-73.84342,42.15405,35.5
-73.84338,42.15407,36.0
-73.84306,42.1543,41.0
-73.84292,42.1544,44.0
-73.84272,42.15455,47.0
-73.84255,42.15468,48.5
-73.84239,42.15481,49.2
-73.84189,42.1552,50.7
-73.84172,42.15534,50.6
-73.84167,42.15537,50.6
-73.84142,42.15561,48.7
-73.84142,42.15561,48.7
-73.8416,42.15572,49.0
-73.84175,42.15582,49.6
-73.84179,42.15585,49.6
-73.84201,42.15604,49.5
-73.84226,42.15625,49.3
-73.84229,42.15628,49.3
-73.84243,42.15638,49.1
-73.8425,42.15643,49.0
-73.84269,42.15655,48.8
-73.84273,42.15657,48.8
-73.84308,42.15677,49.0
-73.84327,42.15688,48.8
-73.84335,42.15692,48.7
-73.84345,42.15699,48.5
-73.84362,42.15711,48.6
-73.84368,42.15717,48.6
-73.84378,42.1573,48.6
-73.84389,42.15748,48.9
-73.84395,42.1576,49.2
-73.84431,42.15827,48.1
-73.84439,42.15844,48.1
-73.84444,42.15853,48.2
-73.84463,42.15891,48.5
-73.84471,42.15912,48.7
-73.845,42.1598,48.4
-73.84513,42.16012,46.6
-73.84517,42.16033,46.2
-73.84518,42.16036,46.3
-73.84519,42.16057,46.4
-73.84519,42.16068,46.6
-73.84518,42.16103,46.7
-73.84518,42.16104,46.7
-73.8452,42.16124,46.1
-73.84523,42.1614,45.8
-73.84525,42.16148,45.7
-73.84529,42.16158,45.7
-73.84536,42.16175,45.7
-73.84553,42.16207,46.6
-73.84554,42.16208,46.7
-73.84562,42.1622,48.2
-73.84565,42.16224,48.7
-73.84586,42.16254,49.9
-73.84588,42.16256,50.1
-73.84607,42.16278,51.8
-73.84626,42.16296,53.9
-73.8463,42.163,54.5
-73.84639,42.16308,55.0
-73.84645,42.16314,55.0
-73.84655,42.16324,55.0
-73.84658,42.16328,55.2
-73.84659,42.16329,55.2
-73.8467,42.16342,54.9
-73.84672,42.16344,54.6
-73.84681,42.16355,52.9
-73.84684,42.16359,52.3
-73.84696,42.16375,50.7
-73.84716,42.16402,48.2
-73.84719,42.16407,48.0
-73.84728,42.16418,47.3
-73.84734,42.16425,46.6
-73.84758,42.16456,46.8
-73.84771,42.16471,48.2
-73.84773,42.16474,48.3
-73.84782,42.16487,48.5
-73.84788,42.16496,48.5
-73.84807,42.16526,48.3
-73.8483,42.16569,46.8
-73.84849,42.16603,46.2
-73.84851,42.16606,46.2
-73.84863,42.16624,45.7
-73.84872,42.16634,45.3
-73.84899,42.16668,42.6
-73.84907,42.16681,41.2
-73.84911,42.16688,40.2
-73.84914,42.16699,39.1
-73.84915,42.16701,38.7
-73.84916,42.16716,36.9
-73.84916,42.16722,36.4
-73.84914,42.16734,35.5
-73.84907,42.16752,33.3
-73.84901,42.16769,32.4
-73.84894,42.16786,30.9
-73.84887,42.16803,28.6
-73.84879,42.16823,31.0
-73.84866,42.16857,35.2
-73.84859,42.16875,37.5
-73.84856,42.16883,38.4
-73.84853,42.16892,39.5
-73.8485,42.16906,40.4
-73.84849,42.1691,40.9
-73.84847,42.16926,43.4
-73.84847,42.1693,43.9
-73.84847,42.16941,45.0
-73.84847,42.16962,47.1
-73.84842,42.16974,48.1
-73.84838,42.1698,48.4
-73.84833,42.16986,48.8
-73.84828,42.16992,49.2
-73.84802,42.17022,49.9
-73.84772,42.17057,49.5
-73.84758,42.17074,49.1
-73.84734,42.17106,48.8
-73.84732,42.17109,48.8
-73.84721,42.1713,48.9
-73.84719,42.1714,48.9
-73.84718,42.17145,48.9
-73.84717,42.17152,48.9
-73.84719,42.17165,48.9
-73.8473,42.17195,48.9
-73.84749,42.17236,48.6
-73.84783,42.17303,47.0
-73.84807,42.17349,45.7
-73.84826,42.17388,45.9
-73.8485,42.17438,47.2
-73.84883,42.17506,47.1
-73.84892,42.17523,47.2
-73.848978,42.17534,47.1
-73.84922,42.1758,46.9
-73.84922,42.1758,46.9
-73.84922,42.17596,46.9
-73.84921,42.17605,46.8
-73.84914,42.17622,46.7
-73.8489,42.17644,46.3
-73.84884,42.17649,46.1
-73.84874,42.17657,45.9
-73.84866,42.17662,45.8
-73.84854,42.17668,45.7
-73.84836,42.17677,45.3
-73.84813,42.17687,44.2
-73.84804,42.1769,43.6
-73.84791,42.17694,42.9
-73.84769,42.17702,42.5
-73.84747,42.17709,42.8
-73.84712,42.1772,43.4
-73.8468,42.1773,44.0
-73.84657,42.17737,44.4
-73.84625,42.17747,44.4
-73.84613,42.17751,44.5
-73.84546,42.17773,45.1
-73.84524,42.17781,45.5
-73.84502,42.17788,45.6
-73.8448,42.17796,45.8
-73.84458,42.17803,46.1
-73.84414,42.17818,46.5
-73.84404,42.17821,46.6
-73.84392,42.17825,46.7
-73.8437,42.17833,46.9
-73.84348,42.17841,46.9
-73.84335,42.17845,46.9
-73.84283,42.17865,47.1
-73.84281,42.17866,47.1
-73.84241,42.17884,47.5
-73.84221,42.17893,47.7
-73.84209,42.17898,47.8
-73.8418,42.17913,48.1
-73.84171,42.17918,48.2
-73.8416,42.17923,48.4
-73.84139,42.17932,48.6
-73.84119,42.17942,48.8
-73.84116,42.17943,48.9
-73.841,42.17953,49.1
-73.84063,42.17976,49.4
-73.84047,42.17986,49.4
-73.84045,42.17988,49.4
-73.84029,42.18002,49.4
-73.84027,42.18003,49.4
-73.84015,42.18017,49.4
-73.84011,42.18021,49.4
-73.84004,42.18033,49.5
-73.83996,42.18046,49.6
-73.83994,42.18049,49.6
-73.83986,42.18066,49.7
-73.83977,42.18083,49.8
-73.83974,42.18091,49.8
-73.83962,42.18117,49.4
-73.83959,42.18122,49.3
-73.83952,42.18133,49.0
-73.83938,42.18156,48.2
-73.83931,42.18164,47.9
-73.83915,42.18179,47.2
-73.83904,42.18189,46.7
-73.83887,42.18199,45.8
-73.83878,42.18202,45.3
-73.83866,42.18208,44.5
-73.83835,42.18219,42.8
-73.8379,42.18235,42.0
-73.83747,42.18253,43.2
-73.83726,42.18261,45.3
-73.83706,42.18269,46.8
-73.83672,42.18286,48.9
-73.83665,42.18291,49.0
-73.83646,42.18302,49.4
-73.83644,42.18303,49.5
-73.83633,42.18312,49.8
-73.83618,42.18327,50.2
-73.83592,42.18359,50.6
-73.83589,42.18361,50.7
-73.83569,42.18381,51.1
-73.83551,42.18395,51.8
-73.83541,42.18401,52.0
-73.8353,42.18408,52.3
-73.83499,42.1842,53.4
-73.83498,42.18421,53.4
-73.83476,42.18427,54.8
-73.83453,42.18431,56.6
-73.83383,42.18445,62.1
-73.83361,42.18454,62.8
-73.83352,42.18459,63.2
-73.83329,42.18478,65.0
-73.83328,42.18479,65.1
-73.83318,42.18491,65.6
-73.83309,42.18504,66.0
-73.83307,42.18511,65.9
-73.83303,42.1852,65.9
-73.83302,42.18529,65.7
-73.833,42.18542,65.5
-73.833,42.18547,65.4
-73.83299,42.1859,63.3
-73.833,42.18637,63.3
-73.833,42.18647,63.3
-73.83301,42.18655,63.2
-73.83304,42.1869,63.1
-73.83305,42.18708,63.2
-73.83307,42.18726,63.4
-73.83307,42.18728,63.5
-73.83306,42.18744,64.4
-73.83302,42.18758,64.9
-73.833,42.18762,65.0
-73.83295,42.18772,65.4
-73.8329,42.18778,65.7
-73.83283,42.18786,66.1
-73.83275,42.18792,66.2
-73.83264,42.188,66.3
-73.83249,42.1881,66.6
-73.83215,42.18829,68.1
-73.83179,42.18851,69.5
-73.83176,42.18852,69.5
-73.83157,42.18863,70.1
-73.83149,42.18867,70.3
-73.83143,42.18871,70.6
-73.8314,42.18873,70.7
-73.83107,42.18902,72.2
-73.83091,42.18916,72.8
-73.83079,42.18931,73.5
-73.83078,42.18932,73.6
-73.83072,42.18942,74.1
-73.83069,42.18948,74.4
-73.83062,42.18964,75.2
-73.83062,42.18965,75.3
-73.83055,42.18982,76.5
-73.83049,42.19,78.5
-73.83042,42.19017,79.8
-73.83039,42.19026,79.9
-73.83034,42.19034,79.3
-73.83032,42.19036,79.0
-73.83017,42.19047,77.3
-73.83011,42.19052,76.5
-73.82962,42.19082,72.3
-73.82956,42.19086,72.2
-73.82943,42.19093,71.8
-73.82894,42.19121,69.9
-73.82888,42.19128,69.4
-73.8288,42.19144,68.5
-73.8288,42.19145,68.4
-73.82871,42.19163,67.6
-73.8286,42.19195,65.8
-73.82859,42.19196,65.7
-73.82854,42.1921,65.1
-73.82852,42.19214,65.0
-73.82845,42.19229,64.8
-73.82844,42.19231,64.8
-73.82831,42.19258,64.9
-73.82819,42.19281,64.9
-73.82807,42.19305,65.0
-73.82803,42.19311,64.9
-73.82801,42.19315,64.9
-73.82781,42.19347,65.2
-73.82774,42.1936,65.3
-73.82771,42.19364,65.3
-73.8277,42.19366,65.3
-73.82739,42.19412,65.5
-73.82713,42.19449,65.4
-73.82709,42.19455,65.5
-73.82705,42.1946,65.5
-73.82697,42.1947,65.6
-73.82692,42.19475,65.7
-73.82685,42.19485,65.9
-73.82676,42.19496,66.4
-73.82673,42.195,66.5
-73.82668,42.19506,66.7
-73.82642,42.19541,67.7
-73.82637,42.19546,67.8
-73.82632,42.19553,67.8
-73.82625,42.19561,67.8
-73.82619,42.19568,67.8
-73.82606,42.19584,67.8
-73.82601,42.19589,67.8
-73.82599,42.19591,67.8
-73.82592,42.19598,67.7
-73.82586,42.19604,67.4
-73.82584,42.19605,67.4
-73.82575,42.19611,67.0
-73.82568,42.19616,66.8
-73.82548,42.19628,66.2
-73.82545,42.1963,66.1
-73.82526,42.19642,65.8
-73.8252,42.19647,65.6
-73.82505,42.19658,65.1
-73.82504,42.1966,65.0
-73.82498,42.19666,64.6
-73.82492,42.19672,64.3
-73.82482,42.19689,63.7
-73.82478,42.19699,63.7
-73.82473,42.19723,63.6
-73.82469,42.19742,63.6
-73.82461,42.19781,63.4
-73.82459,42.19794,63.3
-73.82459,42.19798,63.2
-73.82456,42.19816,63.1
-73.82448,42.19873,61.2
-73.82447,42.19884,61.1
-73.82446,42.19891,61.0
-73.82443,42.1991,61.0
-73.82435,42.19966,61.1
-73.82433,42.19985,60.9
-73.82431,42.19996,60.8
-73.82431,42.19996,60.8
-73.82418,42.19997,60.8
-73.82415,42.19997,60.8
-73.82371,42.20005,60.8
-73.82347,42.20008,60.9
-73.82323,42.20012,61.1
-73.823,42.20016,61.1
-73.82254,42.20024,60.7
-73.82252,42.20024,60.7
-73.82205,42.20033,62.0
-73.82159,42.2004,64.0
-73.82136,42.20044,65.0
-73.8213,42.20045,65.5
-73.82114,42.20048,66.4
-73.82113,42.20048,66.4
-73.82089,42.2005,66.9
-73.82074,42.20051,67.4
-73.82064,42.20051,68.0
-73.82048,42.2005,68.8
-73.82028,42.20049,69.7
-73.81994,42.20043,71.5
-73.81989,42.20042,71.8
-73.81938,42.20033,75.7
-73.81934,42.20032,76.0
-73.8191,42.20028,78.0
-73.81908,42.20028,78.1
-73.81886,42.20026,79.5
-73.81862,42.20025,81.2
-73.81838,42.20023,81.8
-73.81813,42.20021,82.1
-73.81789,42.2002,81.7
-73.81746,42.20017,79.6
-73.81694,42.20012,77.7
-73.8167,42.20009,77.0
-73.81657,42.20008,76.5
-73.81645,42.20007,76.1
-73.81626,42.20005,75.5
-73.81621,42.20005,75.4
-73.81602,42.20003,74.9
-73.81597,42.20003,74.8
-73.81581,42.20001,74.7
-73.81573,42.2,74.9
-73.8153,42.19995,76.4
-73.81525,42.19995,76.6
-73.81504,42.19992,76.9
-73.81501,42.19992,77.0
-73.81477,42.1999,77.3
-73.81472,42.19989,77.4
-73.81453,42.19988,77.8
-73.81429,42.19986,78.0
-73.81408,42.19984,77.1
-73.81405,42.19984,76.9
-73.8138,42.19982,75.5
-73.81322,42.19981,74.1
-73.81283,42.19981,72.5
-73.81259,42.19981,71.9
-73.81253,42.1998,71.6
-73.81186,42.19983,69.7
-73.81162,42.19983,68.7
-73.81114,42.19985,66.9
-73.81094,42.19986,66.2
-73.810786,42.199851,65.7
-73.81077,42.19985,65.6
-73.81077,42.19985,65.6
-73.81074,42.20001,66.0
-73.81074,42.20004,66.1
-73.81071,42.20019,66.8
-73.81071,42.20021,67.0
-73.81068,42.20036,68.5
-73.81064,42.20061,70.3
-73.81063,42.20072,70.7
-73.81062,42.20075,70.8
-73.81059,42.20108,72.3
-73.81057,42.20126,73.3
-73.81057,42.20129,73.4
-73.81055,42.20144,74.0
-73.81055,42.2015,74.3
-73.81054,42.20162,75.1
-73.81051,42.20198,76.2
-73.8105,42.20216,76.3
-73.81048,42.20234,76.3
-73.81048,42.20236,76.3
-73.81047,42.20252,76.3
-73.81046,42.20265,76.3
-73.81043,42.20287,76.1
-73.8103,42.20377,73.2
-73.8103,42.2038,73.3
-73.81026,42.20406,73.5
-73.81025,42.20413,73.5
-73.81022,42.2043,73.6
-73.8101,42.20496,73.3
-73.8101,42.20502,73.4
-73.8101,42.20505,73.5
-73.8101,42.20517,74.2
-73.81011,42.2052,74.4
-73.81012,42.20538,75.3
-73.81012,42.20541,75.3
-73.81013,42.20556,75.3
-73.81014,42.20559,75.1
-73.81015,42.20574,74.0
-73.81017,42.20604,72.4
-73.81019,42.20628,71.3
-73.81019,42.2063,71.2
-73.8102,42.20646,70.1
-73.81021,42.20664,69.4
-73.81022,42.20681,68.9
-73.81022,42.20684,68.9
-73.81024,42.20717,68.5
-73.81024,42.20721,68.5
-73.81026,42.20735,68.2
-73.81026,42.20738,68.2
-73.81031,42.20789,67.7
-73.81032,42.20814,67.4
-73.81033,42.20825,67.0
-73.81033,42.20832,66.8
-73.81034,42.2085,66.0
-73.81036,42.20886,62.9
-73.81036,42.20892,62.3
-73.81036,42.20933,57.4
-73.81036,42.2094,57.0
-73.81036,42.20958,56.4
-73.81036,42.20969,55.5
-73.81036,42.20976,55.1
-73.81036,42.20994,54.6
-73.81036,42.21005,54.6
-73.81036,42.21012,54.6
-73.81036,42.21023,54.6
-73.81038,42.21062,54.8
-73.8104,42.21084,54.7
-73.8104,42.2109,54.7
-73.81041,42.21102,54.2
-73.81045,42.21138,52.5
-73.81045,42.21141,52.6
-73.81049,42.21174,53.4
-73.8105,42.21191,53.7
-73.8105,42.21192,53.8
-73.81052,42.2121,54.5
-73.81054,42.21228,54.9
-73.81056,42.21244,55.1
-73.81057,42.21264,55.3
-73.81058,42.21281,55.5
-73.81059,42.21299,56.4
-73.8106,42.21317,57.5
-73.81062,42.21335,57.9
-73.81063,42.21353,58.1
-73.81063,42.21355,58.1
-73.81066,42.21391,58.2
-73.81068,42.21409,58.2
-73.81069,42.21425,58.0
-73.8107,42.21427,58.1
-73.8107,42.21434,58.0
-73.81072,42.21442,58.0
-73.81072,42.21443,58.0
-73.81073,42.21445,58.1
-73.81085,42.21474,57.1
-73.81092,42.21495,57.7
-73.81093,42.21497,57.8
-73.81099,42.21514,58.3
-73.81105,42.21531,58.3
-73.81111,42.21549,57.4
-73.81124,42.21584,56.7
-73.8113,42.21601,57.4
-73.811305,42.216025,57.5
-73.8113,42.21603,57.5
-73.8116,42.21687,60.2
-73.81189,42.21771,61.1
-73.81219,42.21855,62.7
-73.8124,42.21914,64.7
-73.81295,42.21917,66.9
-73.81355,42.21923,66.9
-73.81403,42.21929,66.1
-73.81443,42.21936,65.2
-73.81502,42.21949,64.1
-73.81552,42.21963,63.6
-73.81578,42.21971,62.1
-73.81687,42.22009,61.1
-73.81796,42.22046,64.4
-73.81904,42.22083,69.8
-73.82013,42.22121,75.0
-73.82121,42.22158,76.5
-73.82197,42.22184,78.6
-73.82273,42.2221,78.5
-73.82349,42.22236,76.3
-73.82389,42.22249,76.4
-73.82421,42.22257,76.0
-73.82439,42.22261,75.9
-73.82444,42.22254,76.0
-73.82453,42.22251,75.8
-73.82495,42.22257,74.7
-73.82549,42.22261,73.9
-73.82619,42.22263,72.4
-73.82679,42.22262,71.3
-73.82735,42.22257,68.8
-73.82786,42.2225,66.8
-73.82837,42.22239,65.5
-73.828888,42.22223,63.1
-73.82892,42.22222,63.0
-73.82941,42.22206,61.0
-73.83001,42.22181,58.3
-73.83042,42.22159,57.1
-73.8308,42.22137,55.1
-73.83104,42.22121,54.0
-73.83156,42.2208,51.0
-73.83175,42.22063,50.1
-73.83189,42.22049,49.0
-73.83204,42.2203,48.7
-73.83229,42.2199,47.4
-73.83241,42.21985,47.1
-73.83244,42.21983,47.0
-73.83247,42.21974,46.8
-73.83247,42.21974,46.8
-73.83255,42.21949,46.5
-73.83263,42.21951,46.3
-73.83268,42.21953,46.1
-73.83276,42.21958,45.9
-73.83281,42.2196,45.8
-73.83291,42.21962,45.6
-73.83299,42.21966,45.5
-73.83306,42.21971,45.6
-73.83315,42.2198,45.7
-73.83307,42.21987,45.8
-73.83289,42.2201,46.2
-73.83271,42.2203,46.4
-73.83213,42.22068,48.8
-73.8316,42.22111,51.9
-73.8311,42.22149,56.2
-73.83075,42.2217,56.8
-73.8304,42.22188,57.6
-73.83003,42.22206,58.9
-73.8297,42.2222,60.4
-73.82929,42.22235,61.2
-73.82913,42.22239,61.8
-73.82886,42.22248,62.3
-73.8284,42.22262,63.8
-73.82802,42.22271,64.7
-73.8277,42.22277,66.0
-73.8273,42.22282,67.8
-73.82689,42.22286,69.8
-73.82672,42.22288,70.1
-73.82657,42.22292,70.3
-73.82624,42.22307,70.5
-73.82591,42.22324,70.4
-73.82578,42.2232,70.9
-73.824982,42.223589,70.3
-73.82494,42.22361,70.3
-73.8241,42.22401,73.7
-73.82359,42.22429,76.5
-73.82308,42.22457,82.6
-73.82275,42.22479,83.8
-73.82237,42.22506,84.3
-73.82178,42.22556,84.1
-73.82138,42.22592,83.0
-73.82098,42.22628,81.0
-73.82047,42.22676,80.5
-73.81982,42.22742,76.4
-73.81917,42.22807,71.9
-73.81872,42.22849,68.7
-73.81827,42.2289,65.5
-73.81767,42.22943,62.6
-73.81711,42.22989,60.4
-73.81655,42.23036,60.1
-73.81606,42.23078,60.1
-73.81558,42.23124,60.2
-73.81505,42.2318,63.1
-73.81452,42.23237,63.0
-73.814,42.23293,59.8
-73.814,42.23293,59.8
-73.81365,42.23331,58.5
-73.81358,42.23338,58.8
-73.81357,42.23339,58.8
-73.81347,42.2335,58.8
-73.81331,42.23368,59.0
-73.81276,42.23427,59.4
-73.81269,42.23434,59.4
-73.81262,42.23442,59.3
-73.81261,42.23443,59.3
-73.81235,42.23471,59.1
-73.81221,42.23486,58.7
-73.81207,42.23501,57.3
-73.81193,42.23516,56.5
-73.81184,42.23527,56.4
-73.8118,42.23531,56.4
-73.81179,42.23532,56.3
-73.81167,42.23546,56.3
-73.81133,42.23584,54.0
-73.81127,42.23591,53.7
-73.81126,42.23592,53.7
-73.81114,42.23606,53.6
-73.81113,42.23607,53.6
-73.81078,42.23649,51.2
-73.81052,42.23683,50.8
-73.81027,42.23718,49.9
-73.80996,42.23763,47.6
-73.80985,42.23779,47.5
-73.80929,42.23859,46.8
-73.80919,42.23875,46.3
-73.80897,42.23908,44.1
-73.8084,42.23994,43.9
-73.8083,42.2401,42.4
-73.8082,42.24026,41.2
-73.8081,42.24043,40.2
-73.80799,42.24059,38.9
-73.80795,42.24065,38.7
-73.80788,42.24075,38.5
-73.80768,42.24101,36.6
-73.80751,42.2412,34.2
-73.80717,42.2415,29.8
-73.80631,42.24222,21.8
-73.80622,42.2423,20.5
-73.80531,42.24304,9.3
-73.80515,42.24318,7.1
-73.80509,42.24323,6.4
-73.80506,42.24325,6.2
-73.80486,42.24339,4.6
-73.80462,42.24355,3.1
-73.80452,42.24361,3.0
-73.80443,42.24366,3.0
-73.80413,42.24382,2.9
-73.80382,42.24395,2.4
-73.80361,42.24404,1.9
-73.80344,42.24411,1.7
-73.80309,42.24427,1.6
-73.80299,42.24433,1.6
-73.80276,42.24445,1.6
-73.8026,42.24455,1.6
-73.80252,42.2446,1.6
-73.80221,42.24479,1.6
-73.80187,42.24502,1.6
-73.80162,42.24521,1.8
-73.80133,42.24543,2.0
-73.8005,42.24605,2.3
-73.80044,42.24609,2.3
-73.80029,42.2462,2.1
-73.80005,42.24638,2.0
-73.79952,42.24679,1.9
-73.7994,42.24687,1.9
-73.79918,42.24704,2.0
-73.79883,42.2473,2.4
-73.79866,42.24742,2.6
-73.79832,42.24768,2.8
-73.79798,42.24794,2.9
-73.79782,42.24805,3.1
-73.79729,42.24844,7.2
-73.79713,42.24857,7.3
-73.79679,42.24883,8.2
-73.79644,42.24908,14.2
-73.7961,42.24933,14.3
-73.79584,42.24952,16.7
-73.79532,42.2499,17.1
-73.79491,42.2502,17.7
-73.79487,42.25023,17.8
-73.79463,42.25042,18.2
-73.7945,42.25053,18.4
-73.79413,42.25082,19.1
-73.79412,42.25082,19.1
-73.79395,42.25094,20.3
-73.79366,42.25116,23.1
-73.79327,42.25144,24.6
-73.7931,42.25157,25.1
-73.79286,42.25175,25.5
-73.79286,42.25175,25.5
-73.79398,42.25258,23.4
-73.79491,42.25325,20.9
-73.79498,42.2533,20.6
-73.79585,42.25393,16.2
-73.79654,42.25444,11.6
-73.79672,42.25456,10.9
-73.79706,42.25482,9.8
-73.79724,42.25495,9.6
-73.79718,42.25504,9.9
-73.79718,42.25505,9.9
-73.7969,42.25534,11.2
-73.79677,42.25548,12.2
-73.79663,42.25563,13.7
-73.79655,42.25571,14.2
-73.79625,42.25605,16.8
-73.7961,42.25621,17.7
-73.79599,42.25633,18.4
-73.79587,42.25644,19.1
-73.79574,42.25652,19.0
-73.79571,42.25655,18.8
-73.79553,42.25666,18.1
-73.79541,42.25673,17.8
-73.79533,42.25678,17.5
-73.79511,42.25691,16.8
-73.79499,42.25699,16.3
-73.79486,42.25711,15.5
-73.79471,42.25729,14.8
-73.79468,42.25733,14.7
-73.79465,42.25739,14.1
-73.79461,42.25751,12.1
-73.79459,42.25762,11.2
-73.79456,42.25782,9.9
-73.79453,42.25789,9.3
-73.79447,42.25799,9.0
-73.79441,42.25807,8.9
-73.79435,42.25814,8.4
-73.79431,42.25819,8.0
-73.79417,42.25834,6.1
-73.7939,42.25864,4.2
-73.79384,42.2587,3.6
-73.79376,42.25878,3.0
-73.79362,42.25893,2.6
-73.79362,42.25893,2.6
-73.79306,42.25853,3.7
-73.79261,42.25822,2.7
-73.79217,42.25788,2.7
-73.79214,42.25786,2.7
-73.79147,42.25734,3.5
-73.79145,42.25733,3.6
-73.79135,42.2573,3.9
-73.79129,42.25729,4.1
-73.79128,42.25729,4.1
-73.79109,42.25731,4.1
-73.79101,42.25734,3.9
-73.79082,42.25739,3.5
-73.78991,42.25765,2.7
-73.7899,42.25765,2.7
-73.78987,42.25765,2.7
-73.78985,42.25766,2.7
-73.7897,42.25766,2.8
-73.78967,42.25765,2.8
-73.78961,42.25762,2.9
-73.78947,42.25753,3.4
-73.7894,42.25748,3.6
-73.7894,42.25748,3.6
-73.78934,42.25752,3.7
-73.78934,42.25752,3.7
-73.78882,42.25716,4.5
-73.78881,42.25716,4.5
-73.7888,42.25715,4.5
-73.78867,42.25707,4.7
-73.78862,42.25703,4.8
-73.78848,42.25693,5.1
-73.78812,42.25665,6.0
-73.78811,42.25665,6.1
-73.78781,42.25642,8.4
-73.78759,42.25627,8.6
-73.78725,42.25598,4.7
-73.78725,42.25597,4.7
-73.78723,42.25594,4.7
-73.78721,42.25591,4.6
-73.78717,42.25587,4.6
-73.7871,42.25583,4.6
-73.78696,42.25573,4.6
-73.78692,42.25571,4.6
-73.78677,42.25563,5.0
-73.78665,42.25556,5.6
-73.78654,42.2555,5.8
-73.78653,42.2555,5.8
-73.78645,42.25545,6.0
-73.78639,42.25543,6.1
-73.78633,42.2554,6.4
-73.78627,42.25538,6.7
-73.78619,42.25536,7.2
-73.7861,42.25534,7.7
-73.786,42.25532,8.1
-73.78587,42.2553,8.5
-73.78586,42.2553,8.5
-73.78574,42.25528,8.6
-73.78563,42.25526,8.7
-73.78551,42.25524,9.0
-73.78535,42.2552,10.0
-73.7852,42.25517,11.7
-73.78516,42.25516,12.2
-73.785,42.25513,13.7
-73.78492,42.25511,14.2
-73.7848,42.25509,15.1
-73.78469,42.25506,16.4
-73.78458,42.25504,17.5
-73.78446,42.25502,18.2
-73.78433,42.25499,19.3
-73.78422,42.25496,20.6
-73.78419,42.25496,20.9
-73.78406,42.25493,23.6
-73.78399,42.25491,24.6
-73.7839,42.25489,25.5
-73.78376,42.25486,27.0
-73.78357,42.25482,28.1
-73.78352,42.25482,28.3
-73.78341,42.25479,29.1
-73.78329,42.25477,30.0
-73.78328,42.25477,30.0
-73.78319,42.25476,30.7
-73.78309,42.25476,31.6
-73.78305,42.25476,32.0
-73.78299,42.25477,32.6
-73.78291,42.25479,33.2
-73.78291,42.25479,33.2
-73.78288,42.2547,33.0
-73.78288,42.2547,33.0
-73.78278,42.25473,33.4
-73.7827,42.25474,33.6
-73.78249,42.25472,34.1
-73.78217,42.25468,35.0
-73.78193,42.25465,35.7
-73.78097,42.25453,37.7
-73.78049,42.25448,37.9
-73.7801,42.25448,36.6
-73.77991,42.25451,36.3
-73.77974,42.25454,37.4
-73.77945,42.25464,39.6
-73.77909,42.2548,39.5
-73.77901,42.25483,39.4
-73.77866,42.255,39.5
-73.7786,42.25503,39.6
-73.77823,42.25519,40.0
-73.77777,42.2554,39.9
-73.77708,42.25573,42.6
-73.77651,42.25599,43.2
-73.77624,42.25611,43.3
-73.77574,42.25634,45.2
-73.77559,42.25641,45.4
-73.77539,42.2565,45.8
-73.77519,42.2566,47.3
-73.77518,42.2566,47.4
-73.77454,42.2569,49.9
-73.77439,42.25699,51.5
-73.77437,42.257,51.6
-73.7742,42.25709,52.3
-73.7742,42.2571,52.3
-73.77398,42.25723,53.2
-73.77372,42.25741,54.4
-73.77348,42.2576,54.6
-73.7734,42.25767,54.6
-73.77324,42.25782,54.6
-73.77322,42.25783,54.7
-73.77307,42.25797,54.7
-73.77245,42.25852,54.1
-73.7723,42.25866,54.1
-73.77194,42.25899,53.8
-73.77188,42.25905,53.8
-73.77088,42.25995,54.1
-73.77077,42.26005,54.3
-73.77045,42.26037,54.7
-73.77037,42.26047,54.8
-73.77027,42.26057,54.8
-73.77013,42.26069,55.0
-73.77012,42.2607,55.0
-73.7701,42.26072,55.0
-73.77006,42.26074,55.1
-73.77001,42.26075,55.2
-73.77001,42.26075,55.2
-73.77002,42.26115,55.0
-73.77,42.26167,55.1
-73.77,42.26169,55.3
-73.77002,42.26208,57.7
-73.77004,42.26217,58.0
-73.77004,42.2622,58.1
-73.77005,42.2623,58.3
-73.77016,42.26277,60.2
-73.7703,42.26328,62.4
-73.77035,42.26349,63.0
-73.77043,42.26383,64.9
-73.77043,42.26384,65.0
-73.7705,42.26416,66.2
-73.77052,42.26441,67.9
-73.77051,42.26446,68.2
-73.77051,42.2645,68.4
-73.77043,42.26473,68.9
-73.77036,42.26487,68.9
-73.77035,42.26488,68.9
-73.77026,42.26504,68.7
-73.77016,42.2652,68.2
-73.77008,42.26533,67.8
-73.76999,42.26554,66.9
-73.76996,42.26559,66.6
-73.76978,42.26605,63.8
-73.76964,42.2664,62.0
-73.76962,42.26644,61.8
-73.7696,42.26649,61.5
-73.76954,42.2666,60.8
-73.76944,42.26677,59.9
-73.76937,42.26691,59.0
-73.76935,42.26693,58.8
-73.76925,42.2671,57.6
-73.76906,42.26743,54.8
-73.76896,42.26759,54.1
-73.76877,42.26792,53.1
-73.7686,42.26823,52.2
-73.76858,42.26826,52.1
-73.7685,42.26839,52.1
-73.76841,42.26856,52.0
-73.7681,42.2691,50.7
-73.76793,42.26939,49.4
-73.76788,42.26948,49.1
-73.76767,42.26983,48.1
-73.76748,42.27016,48.3
-73.76748,42.27016,48.3
-73.7672,42.27005,48.6
-73.76636,42.26966,49.4
-73.76602,42.26949,49.8
-73.76543,42.26923,50.8
-73.76499,42.26905,51.2
-73.7647,42.26893,51.0
-73.76437,42.26878,50.7
-73.76395,42.26859,49.9
-73.76349,42.26837,48.7
-73.76332,42.26829,48.4
-73.76321,42.26824,48.2
-73.76268,42.26801,47.4
-73.76247,42.26791,47.0
-73.76218,42.26778,46.3
-73.76206,42.26772,46.0
-73.76206,42.26772,46.0
-73.76202,42.26783,46.2
-73.76202,42.26783,46.2
-73.76197,42.26781,46.1
-73.76194,42.26781,46.1
-73.76192,42.2678,46.1
-73.76191,42.2678,46.1
-73.7619,42.26781,46.1
-73.76189,42.26782,46.1
-73.76188,42.26782,46.1
-73.76187,42.26785,46.2
-73.76186,42.26789,46.4
-73.76187,42.26791,46.5
-73.76186,42.26793,46.6
-73.76185,42.26795,46.7
-73.76183,42.26797,46.7
-73.76181,42.26803,46.8
-73.76179,42.26806,46.9
-73.76175,42.26817,47.1
-73.76172,42.26822,47.1
-73.76171,42.26825,47.2
-73.7617,42.26826,47.1
-73.76168,42.26827,47.1
-73.76167,42.26828,47.1
-73.76164,42.26828,47.1
-73.7616,42.26828,47.0
-73.76144,42.26824,46.7
-73.76128,42.2682,46.6
-73.76122,42.26818,46.5
-73.76115,42.26817,46.5
-73.76112,42.26816,46.4
-73.76109,42.26816,46.4
-73.76107,42.26816,46.4
-73.76105,42.26816,46.4
-73.76104,42.26817,46.4
-73.76101,42.26818,46.4
-73.76093,42.26832,46.2
-73.76086,42.26843,46.0
-73.76067,42.26876,45.2
-73.76064,42.26881,45.0
-73.76056,42.26894,44.7
-73.76027,42.26943,43.6
-73.76017,42.2696,43.2
-73.76013,42.26965,43.2
-73.76006,42.26976,43.2
-73.75999,42.26986,43.7
-73.75991,42.26989,44.0
-73.75978,42.26991,43.8
-73.75973,42.26991,43.6
-73.75938,42.26987,41.5
-73.7593,42.26989,40.7
-73.75923,42.26991,40.0
-73.75917,42.26996,39.5
-73.75907,42.27023,39.3
-73.75879,42.27095,41.2
-73.75879,42.27096,41.3
-73.75876,42.27104,41.9
-73.75866,42.27134,43.4
-73.75866,42.27155,44.2
-73.75863,42.27176,44.6
-73.75852,42.27195,44.6
-73.75844,42.27204,44.5
-73.75833,42.27211,44.2
-73.75832,42.27213,44.2
-73.75823,42.27225,44.0
-73.75821,42.27229,43.9
-73.75812,42.27246,43.4
-73.75806,42.2726,43.2
-73.75804,42.27263,43.1
-73.75795,42.27282,42.1
-73.75793,42.27304,42.6
-73.75793,42.27319,40.1
-73.75793,42.27322,39.3
-73.75787,42.27333,38.6
-73.75778,42.27349,42.0
-73.75778,42.2735,42.0
-73.75776,42.27352,42.1
-73.75768,42.27366,42.7
-73.75759,42.27383,42.9
-73.75745,42.27407,43.0
-73.75716,42.27453,42.8
-73.75701,42.2747,43.6
-73.7568,42.27503,46.2
-73.75658,42.27526,46.3
-73.75653,42.27531,46.3
-73.7563,42.27555,46.2
-73.75625,42.2756,46.3
-73.75603,42.27575,46.4
-73.75596,42.2758,46.6
-73.75595,42.2758,46.6
-73.7558,42.27588,46.8
-73.75576,42.27591,46.9
-73.7556,42.27598,47.3
-73.75547,42.27603,47.8
-73.75528,42.2761,48.2
-73.75505,42.27617,48.4
-73.75502,42.27618,48.4
-73.75488,42.27622,48.5
-73.75482,42.27623,48.6
-73.75435,42.27631,49.2
-73.75411,42.27633,49.5
-73.75387,42.27635,49.8
-73.75375,42.27635,49.7
-73.75362,42.27636,49.5
-73.75338,42.27637,48.1
-73.75314,42.27638,45.3
-73.75309,42.27638,44.6
-73.75271,42.27641,42.1
-73.75266,42.27642,42.0
-73.75241,42.27643,42.4
-73.75217,42.27644,45.6
-73.7518,42.27646,48.2
-73.75169,42.27647,48.5
-73.75122,42.27649,47.7
-73.7512,42.27649,47.5
-73.75072,42.27653,45.4
-73.7504,42.27655,47.6
-73.74999,42.27658,48.4
-73.74975,42.2766,48.1
-73.74953,42.27662,47.8
-73.74951,42.27663,47.8
-73.74928,42.27668,47.3
-73.7489,42.2768,47.6
-73.74883,42.27682,47.6
-73.74862,42.27691,47.3
-73.74841,42.277,46.9
-73.74832,42.27703,46.7
-73.74822,42.27711,46.9
-73.74795,42.2773,46.9
-73.74788,42.27736,46.9
-73.74759,42.27765,46.2
-73.74759,42.27766,46.1
-73.74735,42.27797,45.0
-73.74727,42.27808,44.9
-73.74701,42.27845,44.7
-73.74696,42.27853,44.7
-73.74691,42.27861,44.6
-73.74677,42.27888,44.3
-73.74673,42.27917,44.4
-73.74673,42.27931,44.4
-73.74674,42.27967,44.2
-73.74674,42.27977,44.0
-73.74676,42.27985,43.9
-73.74679,42.27999,43.7
-73.7468,42.28002,43.7
-73.74688,42.28038,43.1
-73.74689,42.28041,43.0
-73.74692,42.28056,42.2
-73.74704,42.28109,41.2
-73.74708,42.28122,39.8
-73.74708,42.28126,39.7
-73.74711,42.28144,40.6
-73.74714,42.28162,40.7
-73.74716,42.28173,40.3
-73.74712,42.28198,39.7
-73.74711,42.28207,40.5
-73.74701,42.2823,40.7
-73.747,42.28233,40.6
-73.74685,42.28267,40.7
-73.74657,42.28301,39.1
-73.74608,42.2834,37.7
-73.74591,42.28348,37.4
-73.7457,42.28357,37.2
-73.74557,42.28362,37.1
-73.74459,42.28393,37.6
-73.74412,42.28408,35.9
-73.74392,42.28415,35.5
-73.74349,42.28431,34.7
-73.74308,42.2845,35.2
-73.74306,42.28451,35.3
-73.74253,42.28492,36.6
-73.74222,42.28519,36.8
-73.74214,42.28526,36.8
-73.74208,42.28534,36.7
-73.74194,42.2855,36.6
-73.74185,42.28567,36.8
-73.74176,42.28584,37.5
-73.7417,42.28595,38.0
-73.74168,42.28627,38.7
-73.74167,42.2866,38.6
-73.74169,42.28667,38.6
-73.74174,42.28684,38.6
-73.74179,42.28702,39.2
-73.74184,42.28719,39.8
-73.74192,42.28748,40.5
-73.7422,42.28824,43.0
-73.74226,42.28841,43.4
-73.74252,42.28911,45.3
-73.74263,42.2894,45.5
-73.74269,42.28963,47.8
-73.74278,42.28998,48.5
-73.74281,42.29011,48.3
-73.74282,42.29016,48.2
-73.74289,42.29052,46.1
-73.74292,42.2907,46.4
-73.74313,42.29153,46.0
-73.74327,42.29193,44.2
-73.74346,42.29245,43.5
-73.74347,42.29247,43.6
-73.7437,42.29314,43.4
-73.74375,42.29332,42.9
-73.74386,42.29366,43.7
-73.74387,42.29403,43.2
-73.74387,42.29417,43.2
-73.74386,42.29439,43.6
-73.74383,42.29481,41.9
-73.74381,42.29511,41.4
-73.7438,42.29529,41.3
-73.74378,42.29547,41.0
-73.74377,42.29565,40.1
-73.74377,42.29567,39.8
-73.74372,42.29637,36.8
-73.74371,42.29652,36.9
-73.7437,42.29655,36.8
-73.74366,42.29672,37.1
-73.74365,42.29676,37.2
-73.74351,42.29709,38.5
-73.74345,42.29724,39.1
-73.74339,42.29741,39.4
-73.74335,42.29759,39.3
-73.74332,42.29777,38.9
-73.74331,42.29778,38.8
-73.74331,42.29807,34.2
-73.74332,42.29831,32.6
-73.74333,42.29849,32.9
-73.74334,42.29867,32.9
-73.74336,42.29894,34.6
-73.74337,42.29903,35.0
-73.74341,42.29939,32.5
-73.74345,42.29974,31.7
-73.74347,42.29992,32.3
-73.7435,42.30013,31.5
-73.74353,42.30064,30.1
-73.74354,42.30082,30.2
-73.74355,42.30089,30.3
-73.74346,42.30136,32.0
-73.74344,42.30149,31.9
-73.74343,42.30189,28.0
-73.74342,42.30225,29.8
-73.74342,42.30231,29.9
-73.74342,42.30243,29.7
-73.74341,42.30315,27.0
-73.74341,42.3032,27.0
-73.74349,42.30349,28.1
-73.74352,42.30387,29.2
-73.74353,42.30397,29.0
-73.74346,42.30476,25.3
-73.74336,42.30602,23.4
-73.74334,42.30623,23.3
-73.7433,42.30764,23.5
-73.74329,42.30782,23.4
-73.74329,42.308,22.0
-73.74327,42.30854,21.2
-73.74326,42.30872,20.6
-73.74326,42.30892,19.2
-73.74326,42.30892,19.2
-73.74316,42.30891,19.0
-73.74316,42.30891,19.0
-73.74326,42.30904,17.7
-73.74327,42.30907,17.2
-73.74333,42.3092,15.8
-73.74338,42.3094,13.4
-73.74339,42.3096,12.8
-73.74341,42.30983,13.0
-73.7434,42.30996,12.9
-73.74339,42.31011,13.1
-73.74338,42.31014,13.1
-73.74334,42.31031,13.3
-73.74326,42.31071,13.2
-73.74325,42.31085,13.3
-73.74325,42.31103,13.2
-73.74324,42.31115,13.1
-73.74325,42.31121,13.2
-73.74329,42.31157,13.3
-73.7433,42.31167,13.4
-73.74329,42.31174,13.4
-73.74326,42.31179,13.3
-73.74323,42.31184,13.2
-73.74319,42.31188,13.0
-73.74314,42.31195,12.7
-73.74307,42.312,12.2
-73.74263,42.31226,12.6
-73.74256,42.31228,12.6
-73.74236,42.31238,12.8
-73.74217,42.31246,13.0
-73.74213,42.31249,13.0
-73.74205,42.31257,13.1
-73.74201,42.31273,13.3
-73.74192,42.31306,12.8
-73.74189,42.31326,12.3
-73.74189,42.31333,11.5
-73.74189,42.31355,11.1
-73.74193,42.31392,13.0
-73.74199,42.31418,13.1
-73.74202,42.31424,13.1
-73.74211,42.3144,12.8
-73.74224,42.31456,12.6
-73.74229,42.31463,12.7
-73.7425,42.31487,13.3
-73.74257,42.31495,13.3
-73.74272,42.31509,13.3
-73.74283,42.31521,13.4
-73.74286,42.31524,13.4
-73.74301,42.31538,13.4
-73.74311,42.31548,12.1
-73.7433,42.31567,8.6
-73.74344,42.31581,8.0
-73.74359,42.31596,7.5
-73.74362,42.31599,7.4
-73.74372,42.31611,7.1
-73.74385,42.31626,6.7
-73.74388,42.31631,6.6
-73.74406,42.31654,6.2
-73.74409,42.31658,6.2
-73.74419,42.31674,6.2
-73.74421,42.31677,6.2
-73.74437,42.31713,6.3
-73.74447,42.31743,5.7
-73.74458,42.31778,4.4
-73.74469,42.31813,4.6
-73.74475,42.3183,5.0
-73.74497,42.319,7.1
-73.74508,42.31935,7.3
-73.74522,42.31978,7.1
-73.74525,42.31999,6.5
-73.74523,42.32014,6.4
-73.74519,42.32023,6.5
-73.74516,42.32032,6.4
-73.74502,42.32057,6.6
-73.74489,42.32079,6.8
-73.74469,42.32112,7.0
-73.74441,42.32157,6.8
-73.74439,42.32161,6.8
-73.74433,42.32177,6.7
-73.74428,42.32191,6.8
-73.74427,42.32194,6.8
-73.74426,42.32195,6.8
-73.74422,42.32212,6.8
-73.74417,42.32229,6.9
-73.74416,42.32231,6.9
-73.74416,42.32232,6.9
-73.74411,42.32247,7.3
-73.74406,42.32259,8.2
-73.74404,42.32264,8.7
-73.74398,42.32276,10.1
-73.74385,42.32297,12.5
-73.74384,42.32298,12.5
-73.74372,42.32319,13.0
-73.74364,42.3233,13.0
-73.74363,42.32331,13.0
-73.74361,42.32334,13.0
-73.7434,42.32361,12.5
-73.74339,42.32362,12.5
-73.74328,42.32377,12.7
-73.74328,42.32378,12.7
-73.7432,42.32391,13.1
-73.74312,42.32411,13.0
-73.74312,42.32412,13.1
-73.74308,42.32421,13.1
-73.74307,42.32428,13.0
-73.74306,42.32429,13.0
-73.74298,42.32465,14.0
-73.74294,42.32483,14.3
-73.74291,42.32499,15.6
-73.74288,42.32517,15.9
-73.74287,42.32518,16.0
-73.74284,42.32535,15.9
-73.74276,42.32575,15.5
-73.74274,42.32588,15.2
-73.74267,42.32624,12.3
-73.74266,42.32629,12.2
-73.74263,42.32641,11.8
-73.74262,42.32647,11.5
-73.74261,42.32652,11.4
-73.74261,42.32659,11.3
-73.7426,42.32667,11.3
-73.74261,42.32677,11.4
-73.74263,42.32688,11.5
-73.74275,42.32711,12.5
-73.74275,42.32712,12.6
-73.74285,42.32728,12.8
-73.74288,42.32733,12.9
-73.74295,42.32744,13.0
-73.74298,42.32749,13.1
-73.74306,42.3276,13.0
-73.74307,42.32764,13.2
-73.74308,42.32765,13.2
-73.74317,42.32784,13.3
-73.74322,42.32796,13.4
-73.74326,42.32812,13.4
-73.74328,42.3283,13.4
-73.74329,42.32848,13.4
-73.7433,42.32853,13.3
-73.7433,42.32859,13.2
-73.74329,42.32866,13.1
-73.74327,42.32878,13.1
-73.74324,42.32883,13.5
-73.74314,42.329,16.1
-73.74312,42.32904,16.2
-73.74303,42.32925,16.5
-73.74302,42.32933,16.4
-73.74302,42.32943,16.2
-73.74304,42.32952,16.1
-73.74304,42.32953,16.1
-73.74311,42.3297,15.4
-73.74313,42.32975,14.8
-73.74317,42.32987,13.2
-73.74319,42.32991,12.9
-73.74325,42.33004,12.9
-73.74333,42.33021,12.2
-73.74341,42.33038,12.5
-73.74344,42.33043,12.4
-73.7435,42.33055,12.7
-73.74352,42.3306,12.7
-73.74358,42.33072,12.8
-73.74361,42.33077,13.0
-73.74367,42.33088,12.3
-73.74369,42.33091,12.4
-73.74374,42.33106,12.7
-73.74376,42.33113,12.8
-73.74377,42.33123,13.4
-73.74379,42.33141,14.2
-73.74379,42.33141,14.2
-73.74389,42.33139,13.3
-73.74393,42.33138,12.8
-73.74403,42.33134,12.9
-73.74415,42.3313,13.1
-73.74437,42.33123,13.4
-73.74459,42.33116,13.7
-73.74464,42.33114,13.7
-73.74468,42.33114,13.8
-73.74474,42.33114,13.9
-73.74479,42.33116,13.9
-73.74482,42.33118,14.0
-73.74486,42.3312,14.1
-73.74489,42.33124,14.2
-73.74497,42.33131,15.2
-73.74504,42.33138,15.9
-73.74512,42.33146,16.1
-73.74519,42.33152,16.1
-73.74527,42.3316,16.1
-73.74534,42.33166,16.2
-73.74542,42.33174,15.9
-73.74564,42.33195,16.0
-73.74573,42.33203,16.2
-73.74595,42.33226,18.2
-73.746,42.33232,18.3
-73.74606,42.33238,18.2
-73.74627,42.33266,18.6
-73.74627,42.33266,18.6
-73.74625,42.33268,18.6
-73.74623,42.33271,18.6
-73.74622,42.33274,18.6
-73.74622,42.33279,18.6
-73.74622,42.33284,18.6
-73.74622,42.33289,18.7
-73.74622,42.33293,18.7
-73.74623,42.33299,18.7
-73.74625,42.33305,18.8
-73.74626,42.33308,18.8
-73.74628,42.33311,18.9
-73.74629,42.33314,19.0
-73.74628,42.33317,18.9
-73.74628,42.33318,18.9
-73.74628,42.33321,18.9
-73.74626,42.33328,18.8
-73.74623,42.3334,18.6
-73.74623,42.33346,18.5
-73.74618,42.33364,18.5
-73.74615,42.33376,18.4
-73.7461,42.33389,20.7
-73.74605,42.33406,21.9
-73.74601,42.33416,22.2
-73.74596,42.33429,22.7
-73.74585,42.33459,23.7
-73.74579,42.33476,23.5
-73.74579,42.33478,23.5
-73.74574,42.33488,23.6
-73.74574,42.33493,23.6
-73.74572,42.33505,23.7
-73.74571,42.33511,23.7
-73.7457,42.33522,23.5
-73.74569,42.33532,23.0
-73.7457,42.3354,22.7
-73.74572,42.33547,22.7
-73.74573,42.3355,22.6
-73.74577,42.33564,22.8
-73.74586,42.33602,22.9
-73.74588,42.33636,21.0
-73.74588,42.33637,20.9
-73.7459,42.33653,20.1
-73.74591,42.33656,20.4
-73.74593,42.33671,20.7
-73.74593,42.33673,20.6
-73.74598,42.33705,21.1
-73.74601,42.33735,23.3
-73.74601,42.33743,23.4
-73.74603,42.33759,23.9
-73.74602,42.33784,23.7
-73.74601,42.33796,23.4
-73.74601,42.33812,23.5
-73.74601,42.33815,23.5
-73.74601,42.33831,24.0
-73.74601,42.33833,24.1
-73.74601,42.33835,24.1
-73.74602,42.33853,24.8
-73.74603,42.33909,27.5
-73.74603,42.33923,27.8
-73.74603,42.3394,28.2
-73.74602,42.33959,28.5
-73.74602,42.33966,28.7
-73.746,42.33992,29.0
-73.74596,42.34012,28.9
-73.74596,42.34015,28.9
-73.74593,42.34033,28.3
-73.74591,42.34044,28.2
-73.7459,42.34048,28.2
-73.74587,42.34056,28.1
-73.74584,42.34066,28.2
-73.74583,42.34069,28.4
-73.74578,42.34083,29.8
-73.74572,42.34098,30.3
-73.74563,42.34117,30.4
-73.74562,42.3412,30.4
-73.74549,42.34152,30.1
-73.74549,42.34153,30.1
-73.74543,42.34169,27.1
-73.74542,42.34172,27.4
-73.74534,42.34186,29.9
-73.74534,42.34188,30.0
-73.74519,42.34213,29.8
-73.74506,42.34241,32.0
-73.745,42.34253,32.1
-73.745,42.34254,32.2
-73.74493,42.3427,32.2
-73.74476,42.34304,32.1
-73.74468,42.34321,32.1
-73.74466,42.34324,32.0
-73.74451,42.34348,31.4
-73.74436,42.34369,33.5
-73.74431,42.34376,33.8
-73.74412,42.34401,33.5
-73.74409,42.34406,33.4
-73.74401,42.34416,33.2
-73.7439,42.34433,33.0
-73.74389,42.34435,33.1
-73.74371,42.34458,32.9
-73.74367,42.34463,32.9
-73.74364,42.34468,33.2
-73.7436,42.34475,33.6
-73.74359,42.34485,35.1
-73.74358,42.34498,36.5
-73.74358,42.34499,36.6
-73.74356,42.34504,36.8
-73.74354,42.34507,36.8
-73.74351,42.34509,36.6
-73.74345,42.34516,37.1
-73.74339,42.34523,37.4
-73.74335,42.34531,38.2
-73.74334,42.34533,38.5
-73.74326,42.34564,39.4
-73.74325,42.34566,39.3
-73.74325,42.3457,38.9
-73.74321,42.34585,38.1
-73.74316,42.34606,37.5
-73.74312,42.34619,36.6
-73.74311,42.34623,36.6
-73.74308,42.34629,36.6
-73.74304,42.34635,36.7
-73.74294,42.34652,36.3
-73.74292,42.34656,36.3
-73.74289,42.3466,36.4
-73.74278,42.34673,38.5
-73.74269,42.34683,39.2
-73.74266,42.34686,39.3
-73.74257,42.34695,39.6
-73.74242,42.34707,39.3
-73.74221,42.34724,39.5
-73.74213,42.3473,39.5
-73.74203,42.34736,39.3
-73.74201,42.34737,39.3
-73.74183,42.34749,39.5
-73.74169,42.34761,41.0
-73.74168,42.34761,41.0
-73.74162,42.34767,42.0
-73.74145,42.34782,42.8
-73.74129,42.348,45.2
-73.74125,42.34804,45.3
-73.74123,42.34807,45.4
-73.74112,42.34824,44.7
-73.74099,42.34847,44.3
-73.74096,42.34854,44.0
-73.74095,42.34857,43.9
-73.74093,42.34861,43.6
-73.7409,42.34871,42.9
-73.74089,42.34875,42.8
-73.74084,42.34889,42.5
-73.74083,42.34893,42.4
-73.74082,42.34895,42.1
-73.74076,42.3492,42.4
-73.74074,42.34937,43.2
-73.74073,42.34947,44.1
-73.74073,42.34952,44.5
-73.74074,42.3496,45.1
-73.74075,42.34966,45.5
-73.74076,42.3497,45.8
-73.74084,42.34998,46.9
-73.74088,42.35013,47.4
-73.74089,42.35019,47.4
-73.74094,42.3504,46.6
-73.74095,42.35048,46.0
-73.74095,42.35058,45.6
-73.74096,42.35063,45.8
-73.74095,42.35066,45.7
-73.74095,42.35076,46.1
-73.74093,42.35088,46.4
-73.74088,42.35109,47.1
-73.74085,42.3512,47.2
-73.74076,42.35151,47.0
-73.74067,42.35172,46.5
-73.74066,42.35173,46.5
-73.74054,42.3519,46.4
-73.74043,42.35203,46.3
-73.74043,42.35204,46.4
-73.7401,42.35245,46.3
-73.74004,42.35251,46.2
-73.73998,42.35261,46.9
-73.73996,42.35266,47.1
-73.73993,42.35276,47.6
-73.73988,42.35293,47.9
-73.73986,42.35301,47.8
-73.73984,42.35307,47.7
-73.73979,42.35328,48.2
-73.73976,42.35336,47.6
-73.73972,42.35353,48.3
-73.73968,42.35371,49.7
-73.7397,42.35388,50.0
-73.73972,42.35399,50.1
-73.73974,42.35408,50.2
-73.73974,42.35409,50.2
-73.73982,42.35424,51.3
-73.73985,42.3543,51.7
-73.73987,42.35436,51.9
-73.73991,42.35462,51.8
-73.73993,42.35476,52.4
-73.73994,42.35478,52.6
-73.73994,42.3548,52.8
-73.73995,42.3548,52.8
-73.74001,42.35485,52.7
-73.74002,42.35494,53.5
-73.74003,42.35511,54.2
-73.74002,42.35519,54.2
-73.74001,42.35526,54.2
-73.73998,42.35537,54.4
-73.73997,42.35538,54.5
-73.73997,42.35539,54.5
-73.73994,42.35548,54.6
-73.73991,42.35555,54.5
-73.73991,42.35556,54.4
-73.73987,42.35565,53.5
-73.73985,42.35574,52.5
-73.73981,42.35584,52.8
-73.73977,42.3559,52.8
-73.73975,42.35594,53.0
-73.73966,42.35606,52.9
-73.73965,42.35608,53.0
-73.73952,42.35621,52.2
-73.73951,42.35623,52.1
-73.73943,42.35631,51.4
-73.73938,42.35636,51.1
-73.73933,42.3564,51.3
-73.73921,42.35648,53.4
-73.73919,42.3565,53.7
-73.73901,42.35659,55.1
-73.73898,42.3566,55.3
-73.73888,42.35664,55.8
-73.73878,42.35669,56.0
-73.73862,42.35675,55.3
-73.73859,42.35677,55.2
-73.73849,42.3568,54.4
-73.73836,42.35685,54.0
-73.73833,42.35686,54.0
-73.73816,42.35691,54.2
-73.73814,42.35691,54.1
-73.73793,42.35696,55.3
-73.73788,42.35697,55.5
-73.73774,42.357,56.1
-73.73768,42.35702,56.2
-73.73753,42.35706,56.1
-73.73731,42.35712,55.6
-73.73701,42.3572,54.7
-73.73677,42.35727,54.9
-73.73673,42.35728,55.0
-73.73647,42.35735,55.3
-73.73608,42.3575,55.9
-73.73587,42.35756,55.9
-73.73554,42.35769,55.8
-73.73528,42.3578,56.0
-73.73523,42.35782,56.0
-73.73497,42.35794,55.6
-73.73486,42.35801,55.8
-73.73479,42.35806,56.2
-73.73471,42.35811,56.6
-73.73464,42.35815,56.9
-73.73452,42.35823,57.3
-73.73448,42.35827,57.6
-73.73447,42.35827,57.5
-73.7344,42.35832,57.7
-73.73431,42.35838,57.7
-73.7343,42.35839,57.7
-73.73419,42.35848,57.8
-73.73413,42.35852,57.7
-73.73412,42.35852,57.7
-73.73402,42.35858,57.3
-73.73379,42.35877,57.0
-73.73378,42.35878,57.0
-73.73368,42.35886,56.7
-73.73344,42.35914,56.7
-73.73329,42.35931,56.2
-73.73312,42.35947,55.0
-73.73304,42.35953,54.6
-73.73298,42.35955,54.4
-73.73298,42.35955,54.4
-73.73279,42.35981,57.7
-73.73273,42.35986,57.9
-73.73263,42.35997,58.3
-73.73259,42.36001,58.4
-73.73248,42.36011,58.3
-73.73235,42.36026,58.5
-73.73231,42.3603,58.6
-73.73226,42.36035,59.2
-73.73217,42.36043,59.5
-73.73211,42.3605,59.9
-73.73202,42.36058,60.2
-73.73201,42.36059,60.2
-73.73192,42.36066,60.6
-73.73185,42.36072,61.1
-73.73182,42.36075,61.2
-73.73177,42.36081,61.4
-73.73171,42.36087,61.4
-73.7317,42.36089,61.5
-73.73165,42.36095,61.7
-73.73158,42.36102,61.7
-73.73151,42.3611,61.8
-73.7314,42.36124,61.7
-73.7313,42.36136,61.6
-73.73121,42.36145,61.2
-73.7311,42.36158,60.2
-73.73105,42.36167,59.7
-73.73103,42.36171,59.9
-73.73098,42.36182,60.3
-73.73096,42.36187,60.5
-73.73092,42.36198,61.4
-73.73082,42.36208,60.3
-73.73073,42.3622,60.5
-73.73058,42.36238,60.2
-73.73052,42.36244,59.7
-73.73047,42.36248,59.3
-73.73037,42.36258,59.6
-73.73034,42.36259,59.7
-73.73007,42.36281,60.6
-73.73003,42.36283,60.6
-73.72976,42.36302,62.1
-73.72953,42.36319,64.0
-73.72933,42.36334,64.4
-73.72922,42.36342,64.7
-73.7291,42.36352,64.8
-73.72902,42.36361,65.0
-73.72895,42.36367,64.8
-73.72878,42.36387,63.2
-73.72875,42.36391,62.9
-73.72867,42.364,62.7
-73.72859,42.3641,63.1
-73.72852,42.36423,63.7
-73.72848,42.3643,63.4
-73.72838,42.36448,62.7
-73.7283,42.36473,62.1
-73.7283,42.36474,62.2
-73.72823,42.36499,62.6
-73.72823,42.36509,63.2
-73.72823,42.36519,63.7
-73.72824,42.36527,64.3
-73.72825,42.36554,64.5
-73.72825,42.36563,64.4
-73.72827,42.36603,63.6
-73.72828,42.36617,63.8
-73.72829,42.36635,64.0
-73.72829,42.36636,64.0
-73.7283,42.36653,64.1
-73.72831,42.36695,63.7
-73.72834,42.36761,65.2
-73.72834,42.36774,65.4
-73.72834,42.36779,65.4
-73.72835,42.36797,65.4
-73.72837,42.36849,63.9
-73.72837,42.36851,63.9
-73.72839,42.36887,63.8
-73.72839,42.3689,63.8
-73.72838,42.36905,63.5
-73.72837,42.36923,62.8
-73.72836,42.36944,62.5
-73.72834,42.36995,63.7
-73.7283,42.37085,65.2
-73.7283,42.37088,65.2
-73.72826,42.3712,64.3
-73.72826,42.37122,64.3
-73.7282,42.37151,64.2
-73.72816,42.37174,64.0
-73.72811,42.37196,63.5
-73.72803,42.37227,63.6
-73.72798,42.37245,63.7
-73.72793,42.37262,63.8
-73.72778,42.37315,65.4
-73.72777,42.37318,65.5
-73.72766,42.3735,66.8
-73.72748,42.37402,68.2
-73.72742,42.37419,68.4
-73.72718,42.37489,68.1
-73.72699,42.37548,67.7
-73.72699,42.37548,67.7
-73.7256,42.37581,67.5
-73.72541,42.37585,67.6
-73.72508,42.37594,67.6
-73.72483,42.37603,67.7
-73.72474,42.37606,67.7
-73.72474,42.37606,67.7
-73.72463,42.37612,67.8
-73.72451,42.3762,67.8
-73.7243,42.37638,68.0
-73.72406,42.37671,68.3
-73.72404,42.37674,68.3
-73.7239,42.37693,68.5
-73.72379,42.3771,68.6
-73.72374,42.37719,68.8
-73.72368,42.37731,68.9
-73.72358,42.37753,69.4
-73.7235,42.37771,69.7
-73.72336,42.37805,69.8
-73.72309,42.37874,69.0
-73.72295,42.37908,68.6
-73.72275,42.3796,68.1
-73.72274,42.37963,68.1
-73.72252,42.38012,68.4
-73.72245,42.38029,68.7
-73.72238,42.38046,68.6
-73.7222,42.3809,70.0
-73.72217,42.38098,69.9
-73.72212,42.38111,69.9
-73.72203,42.3815,70.7
-73.72203,42.38153,70.7
-73.72198,42.38186,70.6
-73.72196,42.38204,70.7
-73.72194,42.38222,70.7
-73.7219,42.38255,70.4
-73.72189,42.3826,70.3
-73.72189,42.38265,70.2
-73.72189,42.3827,70.1
-73.72192,42.38276,70.0
-73.72192,42.38276,70.0
-73.72134,42.38327,69.8
-73.72119,42.38341,70.0
-73.71995,42.38453,70.6
-73.71995,42.38453,70.6
-73.72007,42.38459,70.6
-73.72093,42.38475,70.8
-73.72211,42.38497,70.4
-73.72282,42.38511,69.9
-73.72291,42.38513,69.9
-73.72291,42.38513,69.9
-73.72285,42.38528,69.9
-73.72279,42.38539,70.1
-73.72276,42.38543,70.1
-73.72241,42.38591,70.7
-73.72232,42.38603,70.9
-73.72221,42.38618,71.0
-73.72207,42.38638,71.2
-73.72183,42.3867,71.6
-73.72171,42.38685,71.7
-73.72159,42.38701,71.7
-73.72146,42.38716,71.8
-73.7211,42.38763,72.9
-73.72098,42.38779,73.0
-73.72061,42.38825,73.3
-73.72049,42.3884,73.4
-73.72001,42.38915,73.9
-73.71958,42.38959,74.2
-73.71947,42.3897,74.3
-73.71944,42.38973,74.3
-73.71916,42.39,74.6
-73.71879,42.39027,74.9
-73.71862,42.3904,75.1
-73.71845,42.39053,75.4
-73.71828,42.39066,75.7
-73.71822,42.3907,75.7
-73.71746,42.39104,76.8
-73.71725,42.39114,76.6
-73.71657,42.39145,76.0
-73.71601,42.3917,76.0
-73.71559,42.39189,76.4
-73.71496,42.39216,76.7
-73.71433,42.39244,76.7
-73.71371,42.39272,76.7
-73.71294,42.39306,76.9
-73.71212,42.39345,77.2
-73.71192,42.39354,77.4
-73.7111,42.39393,77.9
-73.71069,42.39413,78.1
-73.71028,42.39432,78.2
-73.70968,42.39461,78.4
-73.70906,42.39489,78.4
-73.70802,42.39536,78.5
-73.70781,42.39545,78.5
-73.70761,42.39554,78.6
-73.7074,42.39564,78.7
-73.70678,42.39592,79.0
-73.70636,42.39611,79.0
-73.70615,42.3962,79.1
-73.70594,42.39629,79.1
-73.70471,42.39685,79.6
-73.70407,42.39714,79.5
-73.70387,42.39723,79.5
-73.70367,42.39732,79.7
-73.70339,42.39745,79.6
-73.70259,42.39778,79.0
-73.70253,42.39781,79.0
-73.70249,42.39783,79.0
-73.70248,42.39785,79.0
-73.70247,42.39787,79.0
-73.70246,42.3979,79.0
-73.70247,42.39793,79.0
-73.70248,42.39796,79.0
-73.7025,42.39799,79.0
-73.70267,42.39822,79.4
-73.70267,42.39823,79.5
-73.7027,42.39827,79.5
-73.70286,42.39844,79.8
-73.70288,42.39853,79.9
-73.70286,42.39879,80.1
-73.70283,42.39907,80.1
-73.70281,42.39917,80.1
-73.70281,42.39917,80.1
-73.70279,42.39916,80.1
-73.70269,42.39912,79.9
-73.7026,42.3991,79.7
-73.70235,42.39908,79.3
-73.70209,42.39906,78.8
-73.7016,42.39904,77.6
-73.70152,42.39905,77.3
-73.70141,42.39904,76.9
-73.70128,42.39903,76.6
-73.70122,42.39902,76.5
-73.70114,42.39899,76.7
-73.70099,42.39894,77.0
-73.70083,42.3989,77.2
-73.70073,42.39888,77.4
-73.70064,42.39887,77.4
-73.70059,42.39887,77.4
-73.70055,42.39888,77.4
-73.7005,42.39889,77.3
-73.70043,42.39891,77.2
-73.70035,42.39895,77.1
-73.70024,42.39901,77.0
-73.70017,42.39905,76.9
-73.70015,42.39906,76.9
-73.69998,42.39916,77.1
-73.69979,42.39927,77.1
-73.69952,42.39944,76.9
-73.69942,42.3995,76.7
-73.69923,42.39962,76.1
-73.69864,42.4,74.0
-73.69795,42.40045,72.5
-73.69741,42.40081,70.2
-73.69713,42.401,69.9
-73.6967,42.40127,70.0
-73.69632,42.40153,69.7
-73.69614,42.40165,68.3
-73.69596,42.40177,67.6
-73.6956,42.40201,67.6
-73.69545,42.40211,67.5
-73.69541,42.40213,67.5
-73.69508,42.40236,66.6
-73.69505,42.40237,66.5
-73.69492,42.40246,65.9
-73.69487,42.4025,65.7
-73.69484,42.40251,65.6
-73.69479,42.40253,65.3
-73.69475,42.40255,65.2
-73.69471,42.40256,65.1
-73.69467,42.40256,65.0
-73.69465,42.40256,65.0
-73.69464,42.40256,65.0
-73.6946,42.40255,65.0
-73.69456,42.40255,64.9
-73.69448,42.40253,64.7
-73.69448,42.40253,64.7
-73.69442,42.40266,64.4
-73.69436,42.40278,64.1
-73.69428,42.4029,64.0
-73.6942,42.40303,64.0
-73.69406,42.40322,64.0
-73.69391,42.40342,63.7
-73.69382,42.40353,63.4
-73.6937,42.4037,62.5
-73.69367,42.40373,62.4
-73.69324,42.40427,61.2
-73.69321,42.40431,61.2
-73.69278,42.40486,61.0
-73.69251,42.4052,60.9
-73.69215,42.40568,60.5
-73.69199,42.40589,60.4
-73.69139,42.40665,60.4
-73.69117,42.40694,60.9
-73.69096,42.40721,61.0
-73.69096,42.40721,61.0
-73.69091,42.40718,60.9
-73.69088,42.40716,60.7
-73.69083,42.40715,60.6
-73.69077,42.40715,60.2
-73.69072,42.40716,60.0
-73.69066,42.40718,59.8
-73.69061,42.40721,59.7
-73.69058,42.40723,59.7
-73.69042,42.40737,60.0
-73.69039,42.4074,60.1
-73.69007,42.40762,60.7
-73.6899,42.40774,61.0
-73.68972,42.40787,61.2
-73.68937,42.40811,61.5
-73.68921,42.40823,61.7
-73.68919,42.40824,61.8
-73.68901,42.40836,62.3
-73.68866,42.40861,63.8
-73.6885,42.40872,64.2
-73.6882,42.40889,64.6
-73.688,42.409,64.9
-73.68742,42.40933,65.9
-73.68723,42.40944,66.1
-73.68719,42.40947,66.1
-73.68704,42.40956,66.2
-73.68686,42.40967,66.5
-73.68682,42.40969,66.5
-73.68637,42.40998,67.1
-73.6863,42.41002,67.2
-73.68611,42.41013,67.3
-73.68591,42.41024,67.4
-73.68572,42.41035,67.2
-73.68553,42.41046,67.1
-73.68525,42.41065,67.5
-73.68517,42.4107,67.6
-73.68514,42.41072,67.7
-73.68498,42.41082,68.1
-73.6848,42.41094,68.9
-73.68461,42.41105,69.8
-73.68455,42.41109,69.9
-73.68433,42.41121,70.0
-73.68422,42.41126,70.0
-73.6842,42.41127,70.0
-73.68403,42.41138,70.4
-73.68388,42.41147,70.5
-73.68384,42.41149,70.5
-73.68365,42.4116,70.9
-73.68363,42.41161,70.9
-73.68334,42.41177,71.9
-73.68317,42.41185,72.1
-73.68306,42.4119,72.1
-73.68304,42.4119,72.1
-73.68298,42.41193,72.2
-73.68289,42.41199,72.6
-73.68261,42.41215,73.5
-73.68259,42.41216,73.5
-73.68241,42.41228,73.5
-73.68222,42.4124,73.4
-73.68203,42.41251,73.3
-73.68187,42.41261,73.3
-73.68173,42.41279,73.7
-73.68163,42.41291,73.6
-73.68159,42.41303,73.7
-73.68153,42.41311,73.7
-73.68128,42.41345,74.2
-73.68122,42.41349,74.2
-73.68111,42.41354,74.2
-73.68108,42.41355,74.2
-73.68098,42.4136,74.2
-73.68097,42.41361,74.3
-73.68083,42.41365,73.9
-73.68075,42.41366,73.7
-73.68065,42.41365,73.4
-73.68058,42.41366,73.4
-73.68054,42.41366,73.2
-73.68052,42.41367,73.1
-73.6805,42.4137,73.2
-73.6805,42.4137,73.2
-73.68065,42.41371,73.8
-73.68083,42.41373,74.5
-73.68083,42.41373,74.5
-73.68082,42.4139,75.2
-73.68081,42.414,75.3
-73.6808,42.41407,75.4
-73.68078,42.41425,75.8
-73.68078,42.41428,76.0
-73.68076,42.41443,76.5
-73.68076,42.41446,76.7
-73.68062,42.41472,76.7
-73.68059,42.41477,76.8
-73.68049,42.41493,77.0
-73.68047,42.41496,77.1
-73.68027,42.41525,77.6
-73.68025,42.41529,77.8
-73.68014,42.41541,77.8
-73.68004,42.41552,77.8
-73.68001,42.41556,77.9
-73.67988,42.41572,78.0
-73.67977,42.41587,78.1
-73.67972,42.41594,78.2
-73.67967,42.41603,78.3
-73.67958,42.4162,78.4
-73.67951,42.41637,78.4
-73.67949,42.41643,78.3
-73.67945,42.41655,78.1
-73.67942,42.41662,77.8
-73.67938,42.41688,77.8
-73.67938,42.4169,77.9
-73.67937,42.41708,78.0
-73.67936,42.41726,78.1
-73.67935,42.41729,78.0
-73.67933,42.41757,78.2
-73.67931,42.41779,78.5
-73.6793,42.41816,78.5
-73.6793,42.41818,78.5
-73.67929,42.41833,78.5
-73.67927,42.41863,78.6
-73.67925,42.41892,79.3
-73.67924,42.41906,79.6
-73.67923,42.41924,79.7
-73.67923,42.41925,79.7
-73.67922,42.41942,79.8
-73.6792,42.4196,79.9
-73.67919,42.41977,80.9
-73.67919,42.41978,81.0
-73.67918,42.42001,81.7
-73.67915,42.42014,81.7
-73.67909,42.42041,81.3
-73.67906,42.42054,80.8
-73.67903,42.42067,80.5
-73.679,42.42078,79.9
-73.67898,42.42084,79.0
-73.67894,42.42094,78.8
-73.67892,42.42102,78.5
-73.67888,42.4211,78.5
-73.67885,42.42119,78.4
-73.6788,42.42132,78.3
-73.67879,42.42136,78.3
-73.67873,42.42154,78.3
-73.67869,42.42164,78.3
-73.67855,42.42203,78.5
-73.67853,42.42206,78.5
-73.67847,42.42222,78.6
-73.67836,42.42257,78.9
-73.67826,42.42285,79.0
-73.67823,42.42293,78.9
-73.67817,42.4231,78.8
-73.67813,42.4232,78.8
-73.67811,42.42328,78.8
-73.67806,42.42342,78.8
-73.67805,42.42345,78.8
-73.67792,42.4238,78.6
-73.67782,42.42407,78.5
-73.6778,42.42415,78.5
-73.67774,42.4243,78.4
-73.67767,42.4245,78.3
-73.67766,42.42453,78.3
-73.67755,42.42484,78.0
-73.67755,42.42486,78.0
-73.67751,42.42499,77.9
-73.67745,42.4252,77.9
-73.67738,42.42537,77.8
-73.67732,42.4255,77.8
-73.67725,42.42568,77.8
-73.67716,42.42597,78.3
-73.67712,42.42606,78.4
-73.67705,42.42626,78.6
-73.677,42.42641,78.6
-73.67692,42.42665,78.5
-73.67683,42.4269,78.5
-73.67673,42.4271,78.5
-73.67665,42.42725,78.1
-73.67658,42.4274,77.2
-73.67641,42.42763,75.0
-73.67631,42.42775,74.9
-73.67629,42.42777,74.9
-73.67616,42.42789,74.9
-73.67595,42.42808,74.9
-73.67573,42.42826,74.9
-73.67568,42.42829,74.9
-73.6755,42.42841,74.9
-73.67532,42.42854,75.0
-73.67528,42.42857,75.0
-73.67513,42.42865,75.0
-73.67512,42.42866,75.0
-73.67495,42.4287,74.9
-73.67477,42.42876,74.9
-73.67462,42.42881,74.9
-73.67446,42.42886,74.9
-73.67439,42.42887,74.9
-73.67422,42.4289,74.9
-73.67413,42.42892,75.0
-73.67398,42.42893,75.0
-73.67375,42.42896,75.0
-73.67342,42.42897,76.2
-73.67325,42.42898,76.4
-73.67317,42.42898,76.4
-73.67301,42.42898,76.4
-73.67286,42.42897,76.4
-73.67252,42.42895,76.5
-73.67228,42.42893,76.5
-73.67211,42.42892,76.6
-73.67204,42.42891,76.7
-73.67155,42.42888,78.5
-73.67131,42.42886,79.3
-73.67107,42.42885,79.9
-73.67094,42.42884,79.9
-73.67083,42.42883,79.6
-73.67034,42.4288,79.6
-73.67021,42.42879,79.6
-73.6701,42.42878,79.6
-73.67001,42.42877,79.6
-73.6699,42.42876,79.6
-73.66977,42.42875,79.6
-73.66953,42.42872,79.6
-73.66904,42.4287,80.1
-73.66895,42.4287,80.2
-73.66856,42.4287,80.9
-73.66826,42.4287,82.0
-73.66775,42.42871,82.1
-73.66758,42.42872,82.0
-73.66685,42.42874,84.3
-73.66662,42.42874,84.8
-73.66636,42.42874,85.1
-73.66588,42.42875,86.5
-73.66563,42.42875,87.8
-73.66561,42.42875,87.9
-73.66494,42.42877,89.4
-73.6649,42.42877,89.5
-73.66466,42.42878,90.3
-73.66459,42.42879,90.4
-73.66442,42.42879,90.6
-73.66441,42.42879,90.6
-73.66422,42.4288,90.5
-73.6638,42.42881,90.7
-73.66344,42.42882,90.9
-73.66312,42.42883,90.9
-73.66276,42.42884,90.9
-73.66271,42.42884,90.9
-73.66227,42.42888,91.1
-73.66223,42.42889,91.2
-73.66183,42.42895,93.4
-73.66141,42.42909,95.3
-73.66099,42.42926,97.1
-73.66089,42.42931,97.5
-73.66069,42.42941,98.0
-73.66064,42.42944,98.2
-73.66036,42.42962,98.9
-73.66034,42.42965,99.0
-73.66007,42.42989,99.1
-73.6599,42.43008,99.0
-73.65987,42.43011,99.0
-73.65976,42.43028,99.0
-73.65971,42.43041,99.1
-73.65963,42.43062,99.1
-73.65958,42.43076,99.0
-73.65956,42.43085,99.0
-73.65948,42.43105,99.0
-73.6594,42.43128,98.8
-73.65939,42.43128,98.8
-73.65933,42.43145,98.7
-73.65932,42.43149,98.6
-73.65929,42.43163,98.5
-73.65927,42.43173,98.4
-73.65926,42.43199,98.3
-73.65923,42.43214,98.1
-73.65922,42.43217,98.1
-73.6592,42.43231,98.0
-73.65919,42.43235,98.0
-73.65916,42.43246,98.1
-73.65913,42.43252,98.1
-73.6591,42.43258,98.1
-73.65906,42.43268,98.1
-73.65905,42.43269,98.1
-73.65896,42.4328,98.0
-73.65891,42.43283,98.0
-73.65884,42.43288,98.0
-73.65872,42.43295,98.0
-73.65824,42.43339,97.9
-73.65794,42.43357,97.4
-73.65769,42.43375,96.9
-73.65755,42.43384,96.6
-73.6575,42.43386,96.5
-73.65731,42.43397,95.8
-73.65712,42.43408,95.2
-73.65703,42.43413,95.0
-73.65661,42.43436,94.5
-73.65636,42.43454,94.4
-73.65611,42.4347,94.3
-73.6558,42.43493,94.2
-73.65563,42.43512,94.2
-73.65556,42.43521,94.2
-73.65551,42.43529,94.3
-73.65531,42.43545,94.5
-73.65526,42.43549,94.5
-73.65511,42.43561,94.9
-73.65485,42.43583,97.4
-73.65477,42.43588,97.3
-73.65477,42.43589,97.3
-73.65459,42.43601,97.3
-73.65454,42.43605,97.3
-73.65426,42.43621,97.3
-73.65405,42.43629,97.1
-73.65399,42.43633,97.1
-73.65374,42.43648,97.3
-73.65358,42.43659,97.4
-73.65351,42.43665,97.5
-73.65335,42.43678,97.6
-73.65324,42.43687,97.5
-73.65266,42.4373,97.3
-73.65256,42.43737,97.3
-73.65232,42.43755,97.3
-73.65214,42.43767,97.3
-73.6519,42.43785,97.3
-73.65124,42.43832,97.3
-73.65054,42.43885,97.4
-73.64987,42.43937,98.1
-73.6497,42.4395,98.0
-73.64936,42.43976,95.9
-73.64915,42.43992,94.9
-73.64903,42.44003,94.8
-73.64897,42.44008,94.7
-73.64873,42.44037,94.8
-73.64858,42.44059,95.0
-73.64837,42.4409,94.8
-73.64827,42.44112,94.7
-73.64818,42.44131,94.7
-73.64813,42.44143,94.9
-73.64812,42.44149,94.9
-73.64809,42.44159,95.0
-73.64809,42.44166,94.8
-73.64808,42.44172,94.7
-73.64807,42.44203,93.9
-73.64806,42.4422,93.8
-73.64807,42.44309,94.8
-73.64808,42.44417,93.0
-73.64808,42.44429,92.9
-73.64809,42.44435,92.6
-73.64809,42.44445,92.6
-73.64811,42.44468,91.7
-73.64813,42.44486,91.4
-73.64815,42.445,91.8
-73.64816,42.44507,91.8
-73.64817,42.4452,91.9
-73.64817,42.4453,92.0
-73.64816,42.44547,92.1
-73.64816,42.44561,92.0
-73.64817,42.44633,91.5
-73.64818,42.44644,91.1
-73.64817,42.44667,91.0
-73.64817,42.44705,91.0
-73.64817,42.44708,91.0
-73.64818,42.44722,91.0
-73.6482,42.44742,91.0
-73.64822,42.44759,91.1
-73.64826,42.44773,91.1
-73.64826,42.44776,91.1
-73.64825,42.4478,91.2
-73.64822,42.44785,91.2
-73.64818,42.44789,91.4
-73.64814,42.44791,91.7
-73.64814,42.44791,91.7
-73.64815,42.44792,91.7
-73.64817,42.44795,91.8
-73.64825,42.44819,91.9
-73.64822,42.44834,91.2
-73.64823,42.44872,91.0
-73.64826,42.44944,91.2
-73.64827,42.44985,92.8
-73.64827,42.45034,93.5
-73.64826,42.45062,93.4
-73.64823,42.45124,94.1
-73.64821,42.45182,94.9
-73.6482,42.452,94.5
-73.64819,42.45221,93.9
-73.64817,42.45251,94.2
-73.64816,42.45276,94.5
-73.64814,42.45303,94.9
-73.64813,42.45326,95.4
-73.6481,42.45358,95.6
-73.6481,42.4539,94.6
-73.64809,42.45398,93.5
-73.64808,42.45421,92.7
-73.64808,42.45445,93.3
-73.64807,42.45452,93.0
-73.64805,42.45475,92.2
-73.64804,42.45512,91.4
-73.64804,42.4554,91.2
-73.64802,42.4556,91.2
-73.64802,42.4557,91.2
-73.64801,42.45594,91.2
-73.64801,42.45595,91.2
-73.648,42.45622,91.2
-73.64799,42.45646,91.3
-73.64798,42.45667,91.4
-73.64796,42.4568,91.4
-73.64796,42.45685,91.4
-73.64792,42.45708,91.4
-73.64784,42.45733,91.6
-73.64777,42.45758,91.8
-73.6477,42.45779,91.9
-73.64766,42.45791,91.9
-73.64761,42.45808,92.0
-73.6476,42.45811,92.0
-73.64747,42.45845,92.2
-73.64734,42.45872,93.1
-73.64731,42.45877,93.4
-73.64723,42.45894,93.5
-73.6472,42.459,93.5
-73.64696,42.45939,97.0
-73.64685,42.45956,97.3
-73.64671,42.45975,97.3
-73.64659,42.45991,97.3
-73.64656,42.45994,97.3
-73.64637,42.46018,97.1
-73.64634,42.46022,97.1
-73.64614,42.46045,96.6
-73.64594,42.4607,94.6
-73.64585,42.46084,94.4
-73.64583,42.46085,94.5
-73.64566,42.46106,94.3
-73.64537,42.46142,94.3
-73.64534,42.46145,94.3
-73.64522,42.46161,94.3
-73.64504,42.46183,93.4
-73.64489,42.46199,92.8
-73.64465,42.46227,91.8
-73.64448,42.46246,92.7
-73.64435,42.46262,94.1
-73.64423,42.46277,96.5
-73.64411,42.46292,97.4
-73.6441,42.46293,97.4
-73.64398,42.46308,97.5
-73.64387,42.46321,97.7
-73.64385,42.46323,97.8
-73.64372,42.46338,98.9
-73.64363,42.46348,99.7
-73.64359,42.46353,99.9
-73.64346,42.46369,100.1
-73.6434,42.46376,100.1
-73.64321,42.464,100.5
-73.64318,42.46404,100.6
-73.64296,42.46431,101.3
-73.64291,42.46438,101.5
-73.6427,42.46461,102.0
-73.64266,42.46466,102.1
-73.64245,42.46493,102.3
-73.64219,42.46523,101.7
-73.64201,42.46547,100.7
-73.6418,42.4657,103.6
-73.64176,42.46574,103.8
-73.64155,42.466,103.5
-73.64138,42.46621,103.4
-73.64103,42.46662,103.6
-73.641,42.46666,103.7
-73.64087,42.46681,103.8
-73.64085,42.46684,103.8
-73.64075,42.46697,103.9
-73.64049,42.46729,103.4
-73.64016,42.46769,103.4
-73.64012,42.46774,103.4
-73.6399,42.46799,103.4
-73.63969,42.46822,103.5
-73.63946,42.46849,103.7
-73.63934,42.46863,103.9
-73.63933,42.46864,103.9
-73.6392,42.4688,104.0
-73.6391,42.46892,104.1
-73.63883,42.46924,104.3
-73.63856,42.46957,103.8
-73.63831,42.46987,103.6
-73.63806,42.47018,103.4
-73.638,42.47025,103.4
-73.63794,42.47034,103.4
-73.63773,42.47059,103.4
-73.63757,42.47081,103.4
-73.63742,42.47096,103.6
-73.63722,42.47119,104.7
-73.63692,42.47155,106.1
-73.63691,42.47156,106.1
-73.63678,42.47171,106.4
-73.63666,42.47185,106.5
-73.63645,42.47211,106.6
-73.6364,42.47217,106.6
-73.63627,42.47232,106.6
-73.63602,42.47261,106.6
-73.63601,42.47263,106.6
-73.63583,42.47285,106.6
-73.63555,42.47318,106.6
-73.63536,42.47342,106.7
-73.63525,42.47355,106.7
-73.63513,42.4737,106.9
-73.63501,42.47385,107.0
-73.635,42.47386,107.0
-73.63473,42.47416,107.2
-73.63468,42.4742,107.2
-73.63443,42.47444,107.3
-73.63428,42.47458,107.3
-73.63415,42.47474,107.3
-73.63414,42.47474,107.3
-73.63404,42.47485,107.4
-73.63378,42.4752,107.4
-73.63361,42.47543,107.4
-73.63361,42.47543,107.4
-73.63352,42.47542,107.3
-73.63338,42.4754,107.3
-73.6333,42.4754,107.3
-73.63312,42.47539,107.2
-73.63293,42.47537,107.2
-73.63284,42.47537,107.2
-73.6328,42.47537,107.2
-73.63278,42.47536,107.1
-73.63276,42.47536,107.1
-73.63274,42.47536,107.1
-73.63271,42.47535,107.1
-73.63269,42.47535,107.0
-73.63264,42.47533,107.0
-73.63252,42.47527,107.0
-73.63236,42.4752,107.0
-73.63236,42.4752,107.0
-73.63235,42.47521,107.0
-73.63233,42.47523,107.0
-73.63228,42.47526,107.0
-73.63216,42.47531,106.9
-73.63198,42.47536,106.9
-73.6318,42.4754,106.9
-73.63158,42.47545,107.0
-73.63145,42.47548,107.0
-73.63138,42.47549,107.0
-73.63075,42.47561,107.2
-73.63043,42.47566,106.7
-73.63032,42.47569,106.6
-73.63025,42.4757,106.6
-73.63022,42.47571,106.6
-73.6301,42.47575,106.5
-73.62999,42.47578,106.6
-73.62991,42.47581,106.6
-73.62985,42.47584,106.6
-73.62966,42.47592,106.6
-73.62956,42.47597,106.7
-73.6295,42.47601,106.8
-73.62942,42.47606,106.8
-73.62934,42.47611,106.9
-73.62924,42.47619,106.9
-73.62913,42.47628,107.0
-73.6291,42.47631,107.0
-73.62902,42.47639,107.1
-73.62886,42.47656,107.3
-73.62884,42.47657,107.3
-73.6287,42.47672,107.4
-73.62861,42.47681,107.5
-73.62856,42.47687,107.5
-73.62842,42.47702,107.6
-73.62828,42.47716,107.7
-73.62828,42.47717,107.7
-73.62827,42.47718,107.7
-73.628,42.47746,108.0
-73.62786,42.47761,108.1
-73.62773,42.47775,108.3
-73.62767,42.47781,108.3
-73.62729,42.47822,108.8
-73.6272,42.47832,108.9
-73.6268,42.47875,109.2
-73.62651,42.47906,109.3
-73.62623,42.47936,108.8
-73.6261,42.47949,108.3
-73.62609,42.4795,108.2
-73.62598,42.47961,107.8
-73.62594,42.47965,107.7
-73.62589,42.4797,107.5
-73.62573,42.47988,107.2
-73.62572,42.47989,107.1
-73.62563,42.47999,107.1
-73.62558,42.48004,107.0
-73.62556,42.48007,106.9
-73.62544,42.4802,106.8
-73.62533,42.48033,106.6
-73.62523,42.48045,106.6
-73.62521,42.48048,106.5
-73.62513,42.48059,106.5
-73.6251,42.48063,106.5
-73.62501,42.48078,106.6
-73.62499,42.48082,106.6
-73.62492,42.48093,106.6
-73.62492,42.48093,106.6
-73.62527,42.48106,106.6
-73.62561,42.48119,106.6
-73.62605,42.48136,106.6
-73.6261,42.48138,106.6
-73.62626,42.48144,106.5
-73.62648,42.48152,106.5
-73.6267,42.48161,107.0
-73.62679,42.48164,107.1
-73.6271,42.48176,107.3
-73.62758,42.48192,106.2
-73.62766,42.48194,106.1
-73.6278,42.48199,105.9
-73.62802,42.48206,106.6
-73.62825,42.48214,109.2
-73.62847,42.48221,110.6
-73.6287,42.48229,111.2
-73.62894,42.48237,111.1
-73.62903,42.48243,111.1
-73.62907,42.48249,111.1
-73.62908,42.48255,111.0
-73.62907,42.48261,111.0
-73.62906,42.48267,111.1
-73.62906,42.48269,111.1
-73.62907,42.48277,111.1
-73.62908,42.48285,111.1
-73.62907,42.48291,111.1
-73.62905,42.48296,111.1
-73.62902,42.483,111.1
-73.62897,42.48307,111.0
-73.62891,42.48317,111.0
-73.62891,42.48318,111.0
-73.62889,42.48322,111.1
-73.62884,42.48335,111.0
-73.62881,42.48343,110.9
-73.62872,42.48376,110.6
-73.62868,42.48392,110.4
-73.62861,42.4842,109.9
-73.6285,42.48458,109.6
-73.62845,42.48476,109.5
-73.62838,42.485,109.5
-73.62826,42.48542,109.8
-73.62825,42.48547,109.8
-73.62811,42.48597,109.5
-73.62804,42.48621,109.4
-73.62796,42.4865,109.4
-73.62795,42.48652,109.4
-73.6279,42.4867,109.0
-73.62787,42.4868,109.1
-73.62779,42.48707,109.3
-73.62775,42.48723,110.1
-73.62773,42.4873,110.2
-73.62767,42.48751,110.4
-73.62759,42.48778,110.8
-73.62753,42.48799,110.9
-73.62744,42.48833,111.8
-73.62735,42.48865,112.5
-73.62728,42.48891,112.6
-73.62726,42.48899,112.6
-73.62718,42.48927,112.6
-73.62708,42.4896,112.6
-73.62706,42.48969,112.6
-73.62701,42.48986,112.5
-73.62692,42.49017,112.2
-73.62691,42.49022,112.0
-73.62687,42.49035,111.6
-73.6268,42.49064,110.1
-73.62672,42.49094,109.5
-73.62667,42.4911,109.5
-73.62664,42.49119,109.4
-73.62655,42.49152,108.6
-73.62652,42.49163,108.2
-73.62645,42.4919,108.0
-73.62642,42.49198,108.1
-73.6264,42.49204,108.3
-73.62637,42.49216,108.5
-73.62635,42.49224,108.6
-73.62627,42.49251,108.4
-73.62626,42.49256,108.4
-73.62618,42.49282,108.4
-73.62613,42.49298,108.5
-73.62612,42.49304,109.1
-73.62608,42.49319,110.1
-73.62603,42.49335,110.5
-73.62599,42.4935,110.1
-73.62596,42.49362,109.9
-73.62593,42.49371,109.9
-73.62592,42.49374,109.9
-73.62589,42.49385,110.0
-73.62586,42.49396,110.0
-73.62583,42.49408,110.2
-73.62577,42.49427,110.4
-73.62572,42.49445,110.5
-73.62568,42.49463,110.5
-73.62559,42.49493,110.3
-73.62551,42.4952,110.2
-73.62546,42.49544,110.3
-73.62545,42.49545,110.3
-73.6254,42.49564,110.3
-73.62535,42.49578,110.4
-73.62529,42.49597,110.9
-73.62525,42.49611,111.5
-73.62522,42.49626,111.9
-73.62515,42.49648,111.9
-73.62508,42.49678,111.8
-73.62506,42.49684,111.9
-73.625,42.49707,112.0
-73.62493,42.49731,112.6
-73.62486,42.49755,111.8
-73.62485,42.49759,111.8
-73.62475,42.49786,111.4
-73.62466,42.49814,111.3
-73.62459,42.49837,111.0
-73.62451,42.49859,111.2
-73.6245,42.4986,111.3
-73.62446,42.49871,111.2
-73.62444,42.49877,111.2
-73.62441,42.49881,111.2
-73.62438,42.49887,111.1
-73.6243,42.49897,111.0
-73.62423,42.49909,111.0
-73.62422,42.4991,111.0
-73.62415,42.49923,110.6
-73.62401,42.49947,109.8
-73.62386,42.4997,109.8
-73.62371,42.4999,110.0
-73.6237,42.4999,110.1
-73.62363,42.50001,109.9
-73.62359,42.50006,110.0
-73.62351,42.50018,110.0
-73.62348,42.50022,110.0
-73.62343,42.50028,110.0
-73.62331,42.50043,109.6
-73.62322,42.50053,109.5
-73.62311,42.50067,109.4
-73.62298,42.50084,109.5
-73.62297,42.50085,109.5
-73.62289,42.50097,109.6
-73.62279,42.50109,109.7
-73.62273,42.50115,109.7
-73.62263,42.50126,109.6
-73.62258,42.50134,109.7
-73.62255,42.50138,109.7
-73.6225,42.50146,109.6
-73.62237,42.50163,109.6
-73.6223,42.50172,109.6
-73.62223,42.50182,109.9
-73.62215,42.50188,110.1
-73.62206,42.50199,110.4
-73.622,42.5021,110.9
-73.62189,42.50224,111.7
-73.62174,42.50242,112.4
-73.62163,42.50255,112.6
-73.62159,42.5026,112.7
-73.6215,42.5027,112.9
-73.62145,42.50275,113.1
-73.62127,42.50298,113.1
-73.62112,42.50316,112.9
-73.62105,42.50325,112.9
-73.62093,42.50341,112.8
-73.62087,42.50348,112.7
-73.62086,42.50349,112.7
-73.62075,42.50364,112.7
-73.62064,42.50376,112.9
-73.62062,42.50379,113.0
-73.6205,42.50393,113.2
-73.62037,42.50411,113.7
-73.62025,42.50426,114.2
-73.62019,42.50434,114.4
-73.62012,42.50444,114.7
-73.62001,42.50457,114.9
-73.62,42.50459,114.9
-73.61982,42.50482,115.2
-73.61965,42.50504,115.2
-73.61949,42.50523,115.2
-73.61933,42.50544,115.3
-73.61928,42.5055,115.3
-73.61925,42.50554,115.3
-73.61916,42.50566,115.4
-73.61901,42.50583,115.8
-73.61886,42.50604,116.0
-73.61866,42.50627,116.0
-73.61866,42.50628,116.0
-73.61853,42.50644,116.0
-73.61842,42.50659,116.0
-73.61831,42.50672,116.1
-73.61813,42.50695,116.1
-73.61795,42.50719,116.3
-73.61781,42.50737,116.5
-73.61776,42.50743,116.6
-73.61761,42.50762,116.7
-73.61749,42.50778,116.7
-73.61739,42.50791,116.0
-73.61732,42.50801,116.4
-73.6172,42.50815,117.1
-73.61703,42.50836,118.0
-73.61701,42.50839,118.2
-73.61676,42.50868,119.6
-73.61652,42.50899,120.0
-73.61624,42.50934,118.8
-73.61597,42.50967,118.7
-73.61583,42.50986,118.7
-73.61568,42.51006,118.7
-73.61548,42.51031,118.8
-73.61532,42.51051,118.8
-73.61511,42.51077,119.0
-73.61494,42.51099,119.2
-73.61485,42.5111,119.5
-73.6148,42.51117,119.7
-73.61473,42.51126,120.1
-73.61461,42.51141,120.7
-73.61455,42.5115,121.1
-73.6145,42.51158,121.4
-73.61449,42.51166,121.5
-73.61447,42.51173,121.6
-73.61445,42.51175,121.7
-73.61443,42.51179,121.7
-73.61428,42.51197,121.8
-73.61414,42.51214,121.9
-73.61408,42.51222,121.9
-73.61406,42.51225,121.9
-73.61394,42.51238,122.0
-73.61383,42.51251,122.0
-73.61374,42.51264,122.0
-73.61371,42.51268,122.0
-73.61365,42.51275,122.0
-73.61357,42.51283,122.1
-73.61351,42.5129,122.1
-73.61343,42.51301,122.2
-73.61328,42.5132,122.3
-73.61319,42.51333,122.4
-73.61313,42.51339,122.4
-73.61305,42.51346,122.4
-73.61294,42.51359,122.3
-73.61289,42.51366,122.3
-73.61277,42.51385,122.4
-73.61262,42.5141,122.3
-73.61247,42.51436,122.3
-73.61237,42.5145,121.8
-73.6123,42.51465,121.7
-73.61212,42.51507,121.1
-73.61204,42.51525,121.0
-73.61203,42.51525,121.0
-73.61201,42.51526,120.9
-73.61198,42.51528,120.9
-73.61197,42.51529,120.8
-73.61195,42.5153,120.8
-73.61193,42.51531,120.8
-73.61187,42.51544,120.4
-73.61183,42.51551,120.1
-73.6118,42.51558,119.9
-73.61172,42.51577,119.2
-73.61166,42.51594,119.2
-73.61158,42.51612,119.4
-73.61145,42.51645,119.7
-73.61145,42.51645,119.7
-73.61134,42.51643,120.1
-73.61134,42.51643,120.1
-73.61129,42.51659,120.1
-73.61122,42.51673,120.1
-73.61116,42.51685,120.0
-73.6111,42.51697,119.7
-73.61106,42.51706,119.4
-73.61104,42.51711,119.2
-73.61086,42.51747,117.3
-73.61079,42.51762,118.2
-73.61075,42.51771,118.8
-73.61071,42.51779,119.2
-73.61062,42.51796,119.6
-73.61058,42.51803,119.5
-73.61045,42.51828,118.9
-73.61035,42.51844,119.0
-73.61025,42.51862,119.1
-73.61017,42.51876,119.1
-73.61001,42.51904,119.0
-73.60992,42.51921,118.7
-73.60983,42.51933,118.4
-73.60974,42.5195,118.1
-73.60964,42.51971,117.9
-73.60958,42.51987,117.8
-73.60954,42.51996,117.7
-73.60952,42.52,117.6
-73.60947,42.5201,117.6
-73.60945,42.52013,117.6
-73.60942,42.52018,117.6
-73.60936,42.52027,117.6
-73.60934,42.52029,117.6
-73.6093,42.52035,117.9
-73.60926,42.52043,118.4
-73.60921,42.52055,118.9
-73.60918,42.52062,118.5
-73.60914,42.5207,117.5
-73.60907,42.52081,118.3
-73.60899,42.52092,119.2
-73.60896,42.52097,119.6
-73.6089,42.52106,120.3
-73.60885,42.5211,120.7
-73.60878,42.52115,121.2
-73.60874,42.5212,121.6
-73.60871,42.52124,121.9
-73.60861,42.52135,122.9
-73.60859,42.52136,122.7
-73.60848,42.5215,122.8
-73.60847,42.52151,122.7
-73.60835,42.52165,122.5
-73.60832,42.52168,122.5
-73.60827,42.52177,122.6
-73.60825,42.52181,122.5
-73.60823,42.52185,122.5
-73.6082,42.52188,122.4
-73.60814,42.52194,121.9
-73.60809,42.52196,121.6
-73.60801,42.52198,121.3
-73.60795,42.52201,121.3
-73.60791,42.52204,121.4
-73.60789,42.52209,121.8
-73.60789,42.52214,122.2
-73.60786,42.52223,122.9
-73.60782,42.52232,123.6
-73.60777,42.52238,123.4
-73.60769,42.52248,122.5
-73.60762,42.52255,121.6
-73.60756,42.52261,120.9
-73.60748,42.52271,120.1
-73.60742,42.52278,119.8
-73.60738,42.52286,120.7
-73.60734,42.52293,121.5
-73.60729,42.52303,121.8
-73.60726,42.52307,121.7
-73.6072,42.52319,121.8
-73.60716,42.52328,121.8
-73.60712,42.52336,121.9
-73.60712,42.52338,121.9
-73.60707,42.52352,122.4
-73.60703,42.52371,122.8
-73.60703,42.52372,122.8
-73.60699,42.52387,123.1
-73.60698,42.52389,123.1
-73.60695,42.52405,123.8
-73.60694,42.52412,124.5
-73.60693,42.52423,125.7
-73.6069,42.52434,126.5
-73.60688,42.52447,126.8
-73.60687,42.52456,127.0
-73.60686,42.52461,127.0
-73.60685,42.52472,126.9
-73.60684,42.52482,126.7
-73.60685,42.52493,126.7
-73.60686,42.52497,126.8
-73.60688,42.52506,126.9
-73.6069,42.52514,127.0
-73.6069,42.52516,126.9
-73.60695,42.52533,127.2
-73.60701,42.52549,127.5
-73.60702,42.52551,127.6
-73.60706,42.52559,127.7
-73.6071,42.52566,127.7
-73.60714,42.52572,127.7
-73.60718,42.52585,127.7
-73.60724,42.52604,127.5
-73.60728,42.52618,127.4
-73.60735,42.52643,127.3
-73.60739,42.52657,127.2
-73.60743,42.52667,127.2
-73.60747,42.52676,127.1
-73.60753,42.52688,127.1
-73.60754,42.52697,127.0
-73.60754,42.52707,127.1
-73.60754,42.5272,127.4
-73.60753,42.5273,127.4
-73.60755,42.52739,127.4
-73.60757,42.52746,127.4
-73.60759,42.52749,127.4
-73.60762,42.52755,127.4
-73.60763,42.52762,127.4
-73.60763,42.52775,127.5
-73.60761,42.52791,127.6
-73.60759,42.52812,127.7
-73.60759,42.5282,127.7
-73.60759,42.52826,127.7
-73.6076,42.52843,127.7
-73.60757,42.52863,127.7
-73.60755,42.52878,127.7
-73.60751,42.52892,127.8
-73.60749,42.52921,127.8
-73.60746,42.52952,127.8
-73.60741,42.52986,127.7
-73.60739,42.53005,127.7
-73.60739,42.53013,127.7
-73.60733,42.53038,127.7
-73.60734,42.53045,127.7
-73.60736,42.5305,127.8
-73.60734,42.53059,127.8
-73.60733,42.53064,127.8
-73.60731,42.53109,127.8
-73.60731,42.53116,128.0
-73.6073,42.53122,128.2
-73.60727,42.5313,128.4
-73.60727,42.53139,128.5
-73.6073,42.53155,129.1
-73.60737,42.53175,129.9
-73.6074,42.53183,130.0
-73.60741,42.53188,130.1
-73.6074,42.53197,130.1
-73.60743,42.53211,130.1
-73.60746,42.53219,130.1
-73.6075,42.53225,130.1
-73.6075,42.53226,130.1
-73.60757,42.53232,130.2
-73.60759,42.53234,130.3
-73.60764,42.5324,130.3
-73.60776,42.53268,130.3
-73.60779,42.53276,130.3
-73.60781,42.53282,130.3
-73.60783,42.53288,130.3
-73.60784,42.53297,130.2
-73.60784,42.53302,130.1
-73.60788,42.53311,130.2
-73.60801,42.53339,130.0
-73.60809,42.53355,129.8
-73.60809,42.53355,129.8
-73.6081,42.53357,129.8
-73.60813,42.53363,129.7
-73.60815,42.53366,129.7
-73.60816,42.53368,129.7
-73.60817,42.53368,129.8
-73.60818,42.53369,129.8
-73.60819,42.53369,129.8
-73.60823,42.53368,130.0
-73.60823,42.53368,130.0
-73.60824,42.53368,130.1
-73.60826,42.53369,130.1
-73.60827,42.5337,130.2
-73.60829,42.53371,130.3
-73.6083,42.53373,130.3
-73.60833,42.53378,130.3
-73.60839,42.53394,130.3
-73.60843,42.53406,130.2
-73.60846,42.53416,130.2
-73.60848,42.53425,130.1
-73.60853,42.53443,130.0
-73.60856,42.53455,130.0
-73.60857,42.53461,130.0
-73.60858,42.53463,130.0
-73.60863,42.53476,130.1
-73.60863,42.53478,130.1
-73.60868,42.53491,130.2
-73.6087,42.53495,130.3
-73.60872,42.53499,130.4
-73.60877,42.53504,130.7
-73.60879,42.53506,130.8
-73.60879,42.53507,130.8
-73.6088,42.53509,130.8
-73.6088,42.5351,130.8
-73.6088,42.53512,130.7
-73.6088,42.53516,130.7
-73.60878,42.5352,130.5
-73.60877,42.53524,130.4
-73.60877,42.53526,130.4
-73.60877,42.53529,130.3
-73.60878,42.53531,130.4
-73.60881,42.5354,130.4
-73.60888,42.53564,130.2
-73.60891,42.53574,130.1
-73.60892,42.53578,130.1
-73.60894,42.53581,130.1
-73.60896,42.53586,130.1
-73.60899,42.53589,130.2
-73.60905,42.53596,130.3
-73.60907,42.536,130.4
-73.60908,42.53603,130.4
-73.60909,42.53606,130.3
-73.60911,42.53612,130.2
-73.60912,42.53615,130.2
-73.60913,42.53618,130.2
-73.60919,42.53628,130.4
-73.6092,42.53631,130.4
-73.60921,42.53633,130.4
-73.60924,42.53642,130.5
-73.60927,42.53649,130.6
-73.60928,42.53653,130.6
-73.60931,42.53663,130.7
-73.60934,42.53684,130.6
-73.60944,42.53766,130.6
-73.60956,42.53835,130.9
-73.60963,42.53913,131.2
-73.60965,42.53931,131.4
-73.6097,42.53985,132.8
-73.60974,42.54021,133.4
-73.60977,42.54042,133.7
-73.60978,42.54059,133.8
-73.60978,42.54066,133.8
-73.60978,42.54071,133.8
-73.60978,42.54083,133.7
-73.60978,42.54084,133.7
-73.6098,42.54102,133.6
-73.60983,42.5412,133.5
-73.60985,42.54135,133.8
-73.60987,42.54144,133.9
-73.60988,42.54149,133.9
-73.6099,42.54155,133.9
-73.6099,42.54157,133.9
-73.60991,42.54167,133.9
-73.60991,42.54185,134.5
-73.60993,42.54209,135.8
-73.60993,42.54211,135.9
-73.60995,42.54227,136.6
-73.60998,42.54245,137.7
-73.60999,42.54263,138.8
-73.61001,42.5428,139.5
-73.61001,42.54281,139.5
-73.61003,42.54306,139.9
-73.61004,42.54316,140.2
-73.61011,42.54351,142.8
-73.61015,42.54376,142.9
-73.61018,42.54388,142.9
-73.6102,42.54394,143.0
-73.61022,42.54402,143.1
-73.61024,42.54405,143.3
-73.61028,42.54415,143.6
-73.61049,42.54459,145.6
-73.61061,42.5448,146.1
-73.61067,42.54489,146.3
-73.61068,42.5449,146.4
-73.61082,42.5451,146.9
-73.61088,42.5452,147.1
-73.61098,42.54531,147.4
-73.61114,42.54549,148.2
-73.61125,42.54563,149.1
-73.61128,42.54567,149.3
-73.61135,42.54576,149.6
-73.6114,42.54583,149.7
-73.61152,42.54598,149.9
-73.61166,42.54616,150.1
-73.61177,42.5463,150.3
-73.61179,42.54633,150.3
-73.61198,42.54655,151.5
-73.6122,42.54676,152.5
-73.61233,42.54689,152.7
-73.61245,42.54701,153.4
-73.61247,42.54703,153.7
-73.61261,42.54714,154.9
-73.61264,42.54716,155.1
-73.61284,42.54732,156.1
-73.61308,42.54747,157.6
-73.61317,42.54753,157.9
-73.6133,42.54761,158.2
-73.61336,42.54764,158.3
-73.61342,42.54768,158.3
-73.61356,42.54775,159.3
-73.61369,42.54782,160.1
-73.61377,42.54784,160.5
-73.61383,42.54787,160.8
-73.61398,42.54793,161.2
-73.61415,42.548,161.4
-73.6142,42.54801,161.4
-73.61458,42.54813,161.5
-73.61475,42.54818,161.5
-73.61483,42.54819,161.5
-73.6149,42.5482,161.5
-73.61498,42.54821,161.5
-73.61512,42.54824,161.5
-73.61529,42.54829,161.7
-73.61558,42.54835,161.7
-73.61566,42.54837,161.9
-73.61595,42.54844,161.9
-73.61604,42.54847,162.0
-73.61605,42.54847,162.0
-73.6161,42.5485,162.2
-73.61618,42.54853,162.1
-73.6164,42.5486,161.8
-73.61648,42.54863,161.5
-73.61661,42.54869,160.7
-73.61666,42.54872,160.5
-73.61668,42.54873,160.3
-73.61682,42.5488,159.6
-73.61687,42.54884,159.5
-73.61692,42.54887,159.4
-73.61701,42.54892,159.2
-73.61706,42.54895,159.1
-73.61712,42.54897,158.9
-73.61717,42.54899,158.8
-73.61727,42.54902,158.5
-73.61732,42.54904,158.3
-73.61735,42.54906,158.0
-73.61736,42.54908,157.9
-73.61736,42.54909,157.9
-73.61738,42.54911,157.7
-73.61739,42.54913,157.6
-73.61741,42.54916,157.5
-73.61746,42.5492,157.2
-73.61758,42.54929,156.6
-73.61759,42.5493,156.5
-73.61774,42.54944,156.6
-73.61796,42.54967,156.3
-73.61803,42.54973,156.1
-73.61808,42.54979,155.9
-73.61823,42.54991,155.3
-73.61861,42.55026,153.9
-73.61864,42.55029,153.7
-73.61879,42.55044,153.1
-73.61891,42.55054,152.5
-73.61895,42.55058,152.3
-73.61912,42.55073,151.0
-73.61924,42.55086,149.8
-73.61929,42.55091,149.8
-73.61939,42.551,150.0
-73.6194,42.55102,150.0
-73.61945,42.55105,150.0
-73.6195,42.55108,149.9
-73.61955,42.5511,149.9
-73.61958,42.55111,149.9
-73.6196,42.55111,149.9
-73.61964,42.55114,150.1
-73.61966,42.55117,150.2
-73.61971,42.55122,150.5
-73.61973,42.55125,150.6
-73.61986,42.55139,151.4
-73.62002,42.55154,150.5
-73.62016,42.55167,148.7
-73.62016,42.55168,148.7
-73.62027,42.55183,147.2
-73.62029,42.55184,147.0
-73.62038,42.55194,146.2
-73.62057,42.55208,145.0
-73.62091,42.55238,144.0
-73.62091,42.55239,144.0
-73.62106,42.55253,143.8
-73.62116,42.55264,143.4
-73.62136,42.55282,142.7
-73.62181,42.55323,140.8
-73.62211,42.5535,139.5
-73.62239,42.55375,138.8
-73.62263,42.55394,138.8
-73.62304,42.55422,137.6
-73.62314,42.55429,137.0
-73.62332,42.55441,135.6
-73.62333,42.55442,135.5
-73.62351,42.55453,134.4
-73.62357,42.55456,134.3
-73.62393,42.55475,134.1
-73.62411,42.55484,134.0
-73.62431,42.55494,133.9
-73.62433,42.55495,133.9
-73.62483,42.55518,133.9
-73.62512,42.555311,133.9
-73.62514,42.55532,133.9
-73.62534,42.55542,133.9
-73.62577,42.55561,133.9
-73.62661,42.55597,133.7
-73.62758,42.5564,134.4
-73.62828,42.5567,134.3
-73.62867,42.55687,134.2
-73.62912,42.55707,134.0
-73.62928,42.55714,134.0
-73.62956,42.55727,133.9
-73.630031,42.557505,133.5
-73.630406,42.557312,133.9
-73.631005,42.557265,133.7
-73.63112,42.557458,133.3
-73.631221,42.557777,132.8
-73.631532,42.558065,132.4
-73.631644,42.558275,131.9
-73.631993,42.558414,131.5
-73.63215,42.5585,131.3
-73.63225,42.55859,131.6
-73.63232,42.55865,131.7
-73.63249,42.55877,131.2
-73.63255,42.5588,130.8
-73.63271,42.55889,130.0
-73.63274,42.55891,129.8
-73.63291,42.559,130.5
-73.63294,42.55902,130.7
-73.63333,42.55924,130.9
-73.63341,42.55928,131.0
-73.63369,42.55947,130.0
-73.63387,42.5596,130.9
-73.63388,42.55961,130.9
-73.63399,42.55971,131.6
-73.63402,42.55974,131.7
-73.63406,42.55978,132.0
-73.63416,42.55988,132.6
-73.6342,42.55992,132.8
-73.63424,42.55996,133.1
-73.63426,42.55997,133.2
-73.63428,42.55998,133.3
-73.63433,42.55998,133.4
-73.6344,42.55998,133.7
-73.63445,42.55999,133.9
-73.63447,42.55999,133.9
-73.63452,42.56001,134.2
-73.63461,42.56007,134.3
-73.63503,42.56034,134.1
-73.63511,42.56039,133.9
-73.63532,42.56052,133.5
-73.6354,42.56058,133.2
-73.63562,42.56075,132.2
-73.63575,42.56083,131.2
-73.63578,42.56085,131.3
-73.63586,42.56089,130.8
-73.63595,42.56093,130.2
-73.63604,42.56099,130.0
-73.63613,42.56106,129.9
-73.63623,42.56114,129.8
-73.63701,42.56166,128.6
-73.63736,42.56188,129.5
-73.63744,42.56191,129.6
-73.63751,42.56193,129.7
-73.63759,42.56194,129.6
-73.63763,42.56195,129.6
-73.63768,42.56196,129.5
-73.63776,42.562,129.6
-73.63791,42.56209,129.6
-73.63808,42.56218,129.5
-73.63812,42.56221,129.7
-73.63818,42.5623,130.0
-73.63821,42.56238,130.5
-73.63827,42.56246,131.0
-73.63833,42.56251,131.3
-73.63843,42.56258,131.6
-73.63872,42.56276,132.8
-73.63885,42.56284,133.8
-73.63905,42.56296,134.4
-73.63923,42.56306,134.6
-73.63945,42.56315,134.5
-73.63973,42.56326,135.3
-73.63984,42.5633,135.7
-73.63995,42.56334,135.9
-73.64013,42.56341,136.2
-73.64016,42.56343,136.3
-73.6403,42.56348,136.5
-73.64042,42.56351,136.7
-73.64062,42.56356,138.3
-73.64094,42.56362,139.6
-73.64132,42.56369,139.6
-73.64167,42.56375,139.8
-73.64185,42.5638,140.3
-73.64197,42.56383,141.6
-73.64206,42.56385,142.0
-73.64217,42.56387,141.9
-73.64227,42.56388,141.7
-73.64249,42.56392,141.3
-73.6425,42.56392,141.3
-73.64263,42.56395,141.1
-73.64274,42.56397,140.8
-73.64298,42.56401,139.8
-73.6431,42.56403,139.7
-73.64345,42.56407,142.8
-73.64366,42.5641,143.5
-73.64385,42.56413,144.1
-73.64405,42.56415,144.7
-73.64418,42.56417,145.1
-73.6443,42.56418,145.7
-73.64458,42.5642,146.3
-73.64466,42.5642,146.4
-73.64491,42.5642,146.6
-73.64492,42.5642,146.6
-73.645,42.56421,146.6
-73.64512,42.56421,146.7
-73.64539,42.5642,146.8
-73.64584,42.5642,148.1
-73.64613,42.5642,149.1
-73.64656,42.56421,150.7
-73.64662,42.56421,150.9
-73.64686,42.56421,151.4
-73.64737,42.56421,152.9
-73.64784,42.56421,153.6
-73.64792,42.56422,153.7
-73.64832,42.56422,153.5
-73.64857,42.56422,153.3
-73.64925,42.56421,152.2
-73.64955,42.56421,151.7
-73.65003,42.56421,150.9
-73.65004,42.56421,150.9
-73.65075,42.56421,150.3
-73.65126,42.56422,149.5
-73.65174,42.56422,147.7
-73.65252,42.56421,146.8
-73.65272,42.56422,146.2
-73.6532,42.56422,146.1
-73.65345,42.56421,146.1
-73.65346,42.56421,146.1
-73.6537,42.56422,146.1
-73.65397,42.56422,146.1
-73.65438,42.56423,147.5
-73.65467,42.56426,149.8
-73.65489,42.56429,150.1
-73.65511,42.56433,150.2
-73.65529,42.56436,150.3
-73.65556,42.56443,150.5
-73.65577,42.5645,150.8
-73.65584,42.56452,150.8
-73.65594,42.56455,150.8
-73.65616,42.56464,151.3
-73.65663,42.56485,151.5
-73.65687,42.56499,151.5
-73.65692,42.56502,151.5
-73.65707,42.5651,151.5
-73.65716,42.56515,151.5
-73.65726,42.56521,151.2
-73.65756,42.56537,148.5
-73.65786,42.56554,148.3
-73.6583,42.5658,147.9
-73.65874,42.56605,146.5
-73.65904,42.56621,145.6
-73.65925,42.56634,143.8
-73.65938,42.56642,143.5
-73.65939,42.56643,143.6
-73.65953,42.5665,143.2
-73.65958,42.56653,143.3
-73.65961,42.56654,143.1
-73.65966,42.56656,143.0
-73.65971,42.5666,143.2
-73.65975,42.56663,143.3
-73.65979,42.56667,143.5
-73.65983,42.56669,143.5
-73.65993,42.56674,143.3
-73.66019,42.56686,142.7
-73.66026,42.56691,142.6
-73.66029,42.56693,142.6
-73.66031,42.56696,142.9
-73.66033,42.56697,142.8
-73.66034,42.56698,142.8
-73.66036,42.56699,142.7
-73.66038,42.56699,142.5
-73.66047,42.56699,141.8
-73.66058,42.567,141.1
-73.66062,42.56701,140.9
-73.66066,42.56703,140.7
-73.6607,42.56705,140.5
-73.66072,42.56707,140.5
-73.66077,42.56713,140.5
-73.66079,42.56716,140.5
-73.6608,42.56718,140.5
-73.66085,42.56724,140.4
-73.66094,42.5673,140.1
-73.66176,42.56775,139.2
-73.66191,42.56784,138.2
-73.66251,42.56818,137.4
-73.66273,42.56831,136.6
-73.66288,42.56839,135.1
-73.66313,42.56853,134.0
-73.66369,42.56887,131.2
-73.66383,42.56896,131.0
-73.66385,42.56898,131.0
-73.66402,42.5691,130.1
-73.66431,42.56936,125.8
-73.66473,42.5698,128.3
-73.66489,42.56995,129.8
-73.66516,42.57018,131.3
-73.66535,42.57036,131.4
-73.66549,42.57049,131.5
-73.66566,42.57065,132.3
-73.66575,42.57073,132.8
-73.66594,42.57092,133.2
-73.66612,42.57103,133.2
-73.66615,42.57104,133.2
-73.66632,42.57114,133.3
-73.66642,42.57119,133.2
-73.66651,42.57124,133.1
-73.66654,42.57126,133.0
-73.66693,42.57147,132.0
-73.66713,42.57158,131.9
-73.66729,42.57167,131.8
-73.66785,42.57197,131.9
-73.66821,42.57219,131.2
-73.66835,42.57227,130.8
-73.66901,42.57266,129.5
-73.66912,42.57272,128.7
-73.6692,42.57277,128.2
-73.6694,42.57288,127.7
-73.66959,42.57299,127.7
-73.66969,42.57305,127.6
-73.66981,42.57312,127.5
-73.66989,42.57316,127.4
-73.67054,42.57355,123.4
-73.67073,42.57366,122.6
-73.67111,42.57388,121.3
-73.67141,42.57406,118.7
-73.67155,42.57414,118.0
-73.67161,42.57416,118.0
-73.6717,42.5742,117.8
-73.67183,42.57424,117.7
-73.67226,42.57441,114.5
-73.67236,42.57444,114.3
-73.67243,42.57447,114.3
-73.67248,42.57448,114.2
-73.67272,42.57454,113.6
-73.6738,42.5748,118.4
-73.67398,42.57482,118.4
-73.67412,42.57484,118.5
-73.67436,42.57486,118.7
-73.67485,42.57491,118.7
-73.67581,42.57491,117.1
-73.67582,42.57491,117.1
-73.67617,42.57489,113.4
-73.67631,42.57488,112.8
-73.67655,42.57487,112.5
-73.67657,42.57486,112.5
-73.67704,42.57483,112.8
-73.67726,42.57481,113.0
-73.67728,42.57481,113.1
-73.67739,42.57482,113.5
-73.67753,42.57482,113.8
-73.67782,42.57489,115.2
-73.67786,42.57491,115.6
-73.67797,42.57496,116.9
-73.67814,42.57503,117.5
-73.67834,42.57518,118.4
-73.67844,42.57534,119.3
-73.67847,42.57543,119.7
-73.67844,42.57557,120.1
-73.67838,42.57569,120.5
-73.67838,42.5757,120.5
-73.67834,42.57587,121.2
-73.67834,42.57588,121.3
-73.67835,42.57603,122.9
-73.67834,42.57606,123.5
-73.67833,42.57613,124.8
-73.67833,42.57614,125.0
-73.67829,42.57623,127.0
-73.67822,42.5764,130.4
-73.67822,42.57642,130.6
-73.67819,42.57647,131.7
-73.67808,42.57674,135.1
-73.67808,42.57675,135.1
-73.67807,42.57682,135.2
-73.67805,42.57693,135.3
-73.67805,42.57696,135.3
-73.67802,42.57711,135.1
-73.678,42.57724,134.5
-73.678,42.57728,134.2
-73.67798,42.57746,133.1
-73.67797,42.57757,132.4
-73.67797,42.57764,131.8
-73.67796,42.57767,131.4
-73.67791,42.57782,129.2
-73.6779,42.57785,128.8
-73.67783,42.57799,126.2
-73.6778,42.57805,125.0
-73.67776,42.57812,123.8
-73.67775,42.57816,123.4
-73.67772,42.57822,122.5
-73.67769,42.57828,121.4
-73.67767,42.5784,119.7
-73.67764,42.57851,118.5
-73.67763,42.57854,118.2
-73.67763,42.57857,118.0
-73.67763,42.57869,117.4
-73.67763,42.57887,116.2
-73.67762,42.57905,114.1
-73.67762,42.57911,113.4
-73.67762,42.57923,112.4
-73.67762,42.57929,112.2
-73.6776,42.57938,112.2
-73.67759,42.57941,112.2
-73.67754,42.57947,112.2
-73.67753,42.5795,112.2
-73.67752,42.57953,112.2
-73.67751,42.57956,112.2
-73.67751,42.57957,112.2
-73.67751,42.57959,112.2
-73.67752,42.57962,112.2
-73.67753,42.57965,112.2
-73.67755,42.57968,112.2
-73.67757,42.5797,112.2
-73.6776,42.57972,112.2
-73.67762,42.57973,112.2
-73.67772,42.57976,112.2
-73.67785,42.57978,112.2
-73.67785,42.57978,112.2
-73.67786,42.57987,112.2
-73.67786,42.57987,112.2
-73.67806,42.57984,112.2
-73.67854,42.57978,112.2
-73.6791,42.5797,112.2
-73.67928,42.57967,112.2
-73.67963,42.57962,112.3
-73.68029,42.57954,112.4
-73.68029,42.57954,112.4
-73.68045,42.57955,112.3
-73.68051,42.57955,112.3
-73.68057,42.57955,112.3
-73.681,42.57948,112.2
-73.68186,42.57935,111.3
-73.68207,42.57931,111.0
-73.68229,42.57927,110.8
-73.68248,42.57924,110.6
-73.68288,42.57918,110.1
-73.68325,42.57913,109.5
-73.68383,42.57902,108.2
-73.68454,42.5789,106.7
-73.68465,42.57888,106.5
-73.68488,42.57884,106.5
-73.68512,42.5788,106.6
-73.68552,42.57873,106.6
-73.68584,42.57869,106.6
-73.68584,42.57869,106.6
-73.68594,42.57891,106.6
-73.68599,42.57897,106.8
-73.68604,42.57901,106.8
-73.68606,42.57901,106.8
-73.68608,42.57902,106.8
-73.68614,42.57904,106.9
-73.68626,42.57908,107.2
-73.68631,42.57909,107.3
-73.68721,42.57936,110.4
-73.68747,42.57945,110.4
-73.68766,42.57951,110.5
-73.68833,42.57973,111.9
-73.68877,42.57987,112.8
-73.68878,42.57987,112.9
-73.68932,42.58003,113.9
-73.68942,42.58006,114.1
-73.68942,42.58006,114.1
-73.68941,42.58009,114.1
-73.68941,42.58012,114.2
-73.68942,42.58015,114.2
-73.68944,42.5802,114.3
-73.68945,42.58023,114.3
-73.68948,42.58028,114.5
-73.68951,42.58031,114.6
-73.68956,42.58039,114.7
-73.68963,42.58048,114.8
-73.68968,42.58055,114.9
-73.6898,42.58074,115.0
-73.68988,42.58088,115.3
-73.68991,42.58094,115.4
-73.68994,42.58098,115.5
-73.68999,42.58107,115.6
-73.69011,42.58123,115.8
-73.69018,42.58133,116.1
-73.69031,42.58153,117.4
-73.69036,42.5816,118.1
-73.69042,42.58169,118.7
-73.69047,42.58176,118.8
-73.69054,42.58184,119.0
-73.69055,42.58187,119.1
-73.69065,42.582,120.0
-73.69067,42.58203,120.3
-73.6908,42.58221,121.5
-73.69092,42.58236,121.6
-73.69098,42.58243,121.6
-73.69101,42.58247,121.6
-73.6914,42.58293,121.5
-73.69152,42.58309,121.4
-73.69153,42.58309,121.4
-73.6916,42.58318,121.3
-73.69173,42.58333,120.1
-73.69186,42.58348,118.8
-73.69192,42.58354,118.2
-73.692,42.58362,117.7
-73.69214,42.58375,117.2
-73.6923,42.58395,116.7
-73.69243,42.58412,116.1
-73.69245,42.58414,115.9
-73.69256,42.5843,115.4
-73.69284,42.58468,114.9
-73.69293,42.58479,114.6
-73.69356,42.58555,113.7
-73.69394,42.58601,113.9
-73.69407,42.58617,113.8
-73.69421,42.58632,113.2
-73.69488,42.58707,111.8
-73.69535,42.5876,110.3
-73.69545,42.58768,110.0
-73.69552,42.58778,109.8
-73.69565,42.58794,109.3
-73.69617,42.58859,108.5
-73.6963,42.58875,108.3
-73.6966,42.58912,107.9
-73.69698,42.58958,107.0
-73.69758,42.59029,105.1
-73.69758,42.59029,105.1
-73.69751,42.59036,105.3
-73.69741,42.59048,105.5
-73.69733,42.59056,105.8
-73.69729,42.59061,105.9
-73.69725,42.59066,106.1
-73.69713,42.59077,106.6
-73.69713,42.59077,106.6
-73.69739,42.59107,106.3
-73.69755,42.59127,106.3
-73.69788,42.59166,106.8
-73.69801,42.59181,106.8
-73.69814,42.59196,106.6
-73.69866,42.59259,102.2
-73.69917,42.5932,98.9
-73.6993,42.59336,98.4
-73.69943,42.59351,97.9
-73.69944,42.59351,97.9
-73.69955,42.59369,97.1
-73.69961,42.59381,96.4
-73.69964,42.59389,96.0
-73.69964,42.59396,95.7
-73.69963,42.59402,95.5
-73.69959,42.59429,94.3
-73.69954,42.59453,93.2
-73.69953,42.59468,92.4
-73.69958,42.59487,91.2
-73.69962,42.59503,90.4
-73.69967,42.59524,89.4
-73.69968,42.59537,89.1
-73.69968,42.59539,89.0
-73.69968,42.5955,89.0
-73.69967,42.59557,89.0
-73.69966,42.59564,89.0
-73.69961,42.59574,89.2
-73.69956,42.59587,89.3
-73.69956,42.59587,89.3
-73.69999,42.59604,87.0
-73.7002,42.59613,86.0
-73.70063,42.5963,84.8
-73.70085,42.59639,84.6
-73.70129,42.59657,84.5
-73.70146,42.59661,84.5
-73.70177,42.59665,84.3
-73.7021,42.59668,84.3
-73.70245,42.59669,84.1
-73.70267,42.5967,84.0
-73.70292,42.5967,83.9
-73.70333,42.5967,83.8
-73.70335,42.5967,83.8
-73.70335,42.5967,83.8
-73.70373,42.59701,83.2
-73.70384,42.59708,83.1
-73.70401,42.59716,83.0
-73.70415,42.59721,82.9
-73.70426,42.59728,82.8
-73.70444,42.5974,82.7
-73.70458,42.5975,82.5
-73.70462,42.59753,82.5
-73.70493,42.59774,82.3
-73.70545,42.59819,82.2
-73.70598,42.59856,81.0
-73.70753,42.59966,76.0
-73.70757,42.59968,76.1
-73.70774,42.59981,75.6
-73.70791,42.59993,75.7
-73.70874,42.60055,75.5
-73.70891,42.60062,76.0
-73.70906,42.60072,75.5
-73.70913,42.60077,75.3
-73.70948,42.601,75.3
-73.71001,42.60138,74.1
-73.71002,42.60139,74.1
-73.71048,42.60174,70.4
-73.71053,42.60177,69.4
-73.71072,42.60189,70.3
-73.71081,42.60194,71.5
-73.71091,42.602,72.7
-73.7111,42.60212,74.0
-73.71161,42.6025,75.6
-73.71171,42.60258,75.5
-73.71178,42.60263,75.8
-73.71217,42.60293,78.0
-73.7126,42.60324,78.3
-73.71278,42.60337,78.6
-73.7133,42.60374,80.4
-73.71435,42.60448,83.6
-73.71505,42.60498,85.2
-73.71522,42.60511,85.9
-73.7154,42.60524,86.5
-73.71557,42.60536,86.5
-73.71574,42.60549,86.5
-73.71592,42.60562,86.5
-73.71609,42.60574,86.8
-73.71644,42.606,85.4
-73.71659,42.60611,84.7
-73.71687,42.6064,84.7
-73.71701,42.60655,84.8
-73.71715,42.6067,84.5
-73.71729,42.60685,83.5
-73.71774,42.60732,81.7
-73.71802,42.60762,80.4
-73.71805,42.60766,80.1
-73.71828,42.60792,78.8
-73.71832,42.60797,78.6
-73.71864,42.6083,77.0
-73.7187,42.60836,76.8
-73.71885,42.6085,76.4
-73.71887,42.60853,76.5
-73.719,42.60865,76.4
-73.71915,42.60879,76.4
-73.7192,42.60883,76.4
-73.71932,42.60892,76.3
-73.71939,42.60898,76.4
-73.71952,42.6091,76.2
-73.71965,42.60918,75.9
-73.71969,42.60921,75.7
-73.72001,42.60934,76.1
-73.72039,42.60949,77.3
-73.72066,42.60957,77.9
-73.72073,42.60959,78.1
-73.72081,42.6096,78.2
-73.72089,42.60961,78.2
-73.72096,42.60962,78.2
-73.721,42.60962,78.1
-73.72104,42.60961,78.1
-73.72107,42.60961,78.0
-73.72112,42.6096,77.9
-73.72116,42.60958,77.8
-73.72116,42.60958,77.8
-73.72122,42.60955,77.5
-73.72125,42.60953,77.3
-73.72128,42.6095,77.1
-73.7213,42.60946,76.9
-73.7213,42.60942,76.7
-73.72131,42.60936,76.6
-73.72134,42.60928,76.1
-73.7214,42.60923,75.7
-73.72146,42.60919,75.4
-73.72153,42.60918,75.1
-73.72155,42.60918,75.0
-73.72161,42.60918,74.8
-73.7217,42.6092,74.5
-73.72178,42.60922,74.2
-73.72182,42.60923,74.1
-73.72191,42.60926,73.9
-73.72216,42.60931,73.3
-73.72225,42.60933,72.8
-73.72261,42.60941,70.0
-73.72289,42.60945,69.0
-73.72382,42.60986,68.6
-73.7241,42.61007,68.8
-73.72443,42.61036,77.2
-73.72481,42.61055,81.2
-73.72503,42.61063,81.3
-73.72552,42.6108,80.4
-73.72597,42.61104,79.7
-73.72637,42.61149,78.2
-73.72642,42.61155,78.1
-73.72649,42.61165,77.7
-73.72659,42.6118,77.3
-73.72679,42.61203,76.6
-73.72693,42.61227,74.6
-73.72703,42.61251,74.4
-73.7273,42.61314,75.5
-73.72734,42.61331,75.3
-73.72739,42.61349,75.3
-73.72743,42.61359,75.3
-73.72745,42.61367,75.2
-73.72746,42.61372,75.1
-73.72749,42.61379,74.7
-73.72752,42.61388,74.3
-73.72755,42.61395,74.1
-73.72757,42.61401,73.9
-73.72759,42.61405,73.9
-73.72762,42.6141,73.9
-73.72765,42.61414,74.0
-73.72768,42.61418,74.0
-73.72774,42.61425,74.0
-73.7278,42.61434,74.0
-73.72787,42.61443,73.8
-73.72789,42.61447,73.7
-73.72793,42.6145,73.7
-73.72796,42.61451,73.6
-73.72801,42.61453,73.6
-73.72806,42.61453,73.6
-73.72812,42.61453,73.5
-73.72818,42.61453,73.5
-73.72818,42.61453,73.5
-73.7283,42.61468,73.0
-73.72843,42.61484,72.6
-73.72888,42.61542,71.7
-73.7294,42.61604,72.2
-73.72953,42.6162,72.5
-73.73002,42.61679,72.2
-73.73029,42.61709,71.8
-73.73065,42.61748,71.5
-73.73086,42.61769,70.9
-73.73095,42.61777,70.9
-73.73096,42.61778,70.9
-73.73099,42.6178,70.9
-73.73111,42.61789,70.9
-73.73116,42.61792,71.0
-73.73123,42.61796,70.9
-73.73131,42.61801,70.9
-73.73135,42.61803,70.9
-73.73136,42.61803,71.0
-73.73145,42.61808,71.0
-73.73151,42.61811,70.9
-73.73155,42.61814,70.8
-73.73163,42.61817,70.9
-73.73175,42.61823,70.8
-73.73184,42.61826,70.7
-73.73193,42.6183,70.6
-73.73197,42.61831,70.6
-73.73221,42.61841,70.2
-73.73227,42.61842,70.2
-73.73232,42.61843,70.2
-73.73236,42.61844,70.1
-73.73242,42.61845,70.0
-73.73242,42.61845,70.0
-73.7324,42.6186,67.8
-73.73238,42.61878,66.3
-73.73238,42.61878,66.3
-73.73225,42.61878,66.3
-73.73217,42.61879,66.3
-73.7321,42.61879,66.3
-73.732,42.6188,66.3
-73.73186,42.61881,66.3
-73.73171,42.61883,66.3
-73.73156,42.61885,66.3
-73.73134,42.61887,66.1
-73.731,42.61891,65.8
-73.731,42.61891,65.8
-73.73109,42.61921,65.0
-73.73112,42.61926,64.9
-73.73116,42.6193,64.8
-73.7319,42.61969,63.4
-73.73196,42.61972,63.2
-73.73247,42.62002,62.3
-73.73319,42.62041,61.4
-73.73319,42.62041,61.4
-73.73226,42.62131,59.5
-73.73214,42.62142,59.2
-73.73187,42.62168,58.4
-73.73172,42.62182,57.7
-73.73157,42.62196,58.2
-73.73127,42.62225,61.2
-73.73113,42.62239,61.4
-73.73097,42.62253,61.7
-73.73069,42.62279,62.0
-73.73011,42.62333,62.8
-73.72953,42.62386,63.8
-73.72895,42.6244,63.4
-73.72837,42.62494,62.3
-73.7278,42.62548,61.6
-73.72723,42.62601,61.6
-73.72666,42.62653,63.2
-73.72609,42.62706,63.9
-73.72609,42.62706,63.9
-73.72635,42.62725,63.3
-73.72658,42.62742,62.8
-73.72693,42.62768,61.8
-73.72712,42.62783,61.4
-73.72731,42.62797,61.4
-73.72751,42.62812,61.3
-73.7278,42.62834,61.2
-73.72804,42.62852,61.3
-73.72811,42.62859,61.4
-73.72818,42.62865,61.4
-73.72825,42.62872,61.5
-73.7283,42.62877,61.5
-73.72831,42.62878,61.6
-73.72838,42.62886,61.6
-73.72847,42.62897,61.9
-73.72853,42.62904,62.0
-73.72858,42.62912,62.1
-73.72871,42.6293,62.3
-73.72884,42.6295,62.4
-73.72884,42.6295,62.4
-73.72908,42.62948,62.2
-73.72913,42.62947,62.0
-73.72922,42.62947,61.9
-73.7293,42.62949,61.8
-73.72938,42.62952,61.8
-73.72951,42.62961,61.6
-73.72965,42.62969,61.4
-73.7297,42.62972,61.3
-73.7297,42.62973,61.4
-73.73002,42.62995,61.6
-73.73007,42.62999,61.7
-73.73019,42.63008,61.7
-73.73037,42.63018,61.4
-73.73076,42.63038,61.0
-73.73103,42.6305,60.6
-73.73134,42.63065,60.6
-73.73166,42.6308,61.2
-73.73175,42.63084,61.3
-73.7318,42.63086,61.3
-73.73193,42.63092,61.2
-73.73242,42.63115,60.9
-73.73284,42.63133,60.9
-73.73348,42.63171,57.2
-73.73367,42.63183,56.6
-73.73372,42.63186,56.4
-73.73377,42.63191,56.2
-73.73381,42.63194,56.0
-73.73398,42.63207,55.3
-73.73414,42.63222,54.5
-73.73438,42.63247,53.1
-73.7345,42.63259,52.3
-73.73466,42.63271,51.4
-73.73498,42.63297,48.2
-73.73528,42.63316,44.7
-73.7353,42.63317,44.6
-73.73554,42.63333,42.6
-73.73582,42.63356,41.3
-73.73615,42.63382,40.6
-73.73629,42.63395,39.5
-73.73631,42.63396,39.4
-73.7364,42.63404,38.8
-73.73647,42.6341,38.3
-73.73657,42.63419,37.6
-73.73683,42.63434,36.1
-73.73695,42.63442,34.7
-73.73701,42.63445,33.7
-73.73704,42.63448,33.2
-73.73706,42.63451,32.9
-73.73709,42.63456,32.6
-73.73711,42.6346,32.3
-73.73712,42.63464,32.2
-73.73712,42.63468,32.1
-73.73712,42.63474,32.1
-73.73712,42.63481,32.0
-73.73711,42.63486,32.0
-73.7371,42.63492,32.0
-73.73707,42.6351,31.9
-73.73703,42.63527,31.9
-73.737,42.63543,31.9
-73.737,42.63545,31.9
-73.73691,42.6358,32.1
-73.73687,42.63598,32.0
-73.73682,42.63616,31.9
-73.73675,42.63644,31.2
-73.73675,42.63644,31.2
-73.73698,42.63647,29.9
-73.73712,42.63649,28.7
-73.73717,42.6365,28.3
-73.73735,42.63653,27.7
-73.73749,42.63655,27.4
-73.73833,42.63668,25.7
-73.73855,42.63672,25.3
-73.73879,42.63676,25.0
-73.73926,42.63684,23.6
-73.7395,42.63688,21.9
-73.74035,42.63702,18.5
-73.74068,42.63709,17.6
-73.74082,42.63712,17.3
-73.74106,42.63717,16.7
-73.74138,42.63724,15.9
-73.74162,42.6373,15.3
-73.74185,42.63735,14.7
-73.74208,42.6374,14.2
-73.74239,42.63747,13.4
-73.74279,42.63756,12.4
-73.74303,42.63761,11.8
-73.74317,42.63764,11.5
-73.74322,42.63765,11.4
-73.74329,42.63767,11.2
-73.74334,42.63769,11.1
-73.74338,42.63771,10.9
-73.74343,42.63773,10.8
-73.7435,42.63777,10.6
-73.74358,42.63781,10.4
-73.74364,42.63786,10.2
-73.74368,42.6379,10.0
-73.74373,42.63794,9.9
-73.74376,42.63798,9.7
-73.74393,42.6382,7.0
-73.74402,42.63833,6.0
-73.74414,42.63849,5.7
-73.74421,42.63856,5.6
-73.74426,42.63861,5.5
-73.74432,42.63866,5.3
-73.74438,42.63871,5.1
-73.74446,42.63877,5.0
-73.74458,42.63885,4.9
-73.74499,42.63907,4.9
-73.74509,42.63912,5.3
-73.74521,42.63917,5.7
-73.74537,42.63932,5.9
-73.74546,42.63938,5.9
-73.74555,42.63944,6.0
-73.7456,42.63947,6.0
-73.7456,42.63947,6.0
-73.74564,42.63956,5.9
-73.74589,42.63973,5.9
-73.74591,42.63976,5.9
-73.74593,42.63979,5.9
-73.74594,42.63981,5.9
-73.74594,42.63984,5.8
-73.74579,42.63999,5.2
-73.74548,42.64032,3.9
-73.74524,42.64056,2.8
-73.74506,42.64075,2.3
-73.74484,42.64101,3.6
-73.74484,42.64101,3.6
-73.74493,42.64106,3.7
-73.74495,42.64107,3.7
-73.74496,42.64108,3.8
-73.74497,42.64109,3.8
-73.74498,42.6411,3.8
-73.74498,42.64111,3.8
-73.74497,42.64112,3.8
-73.74497,42.64113,3.9
-73.74496,42.64114,3.9
-73.74493,42.64116,3.9
-73.74485,42.64123,4.1
-73.74472,42.64133,4.4
-73.74455,42.64147,4.7
-73.74442,42.64158,5.0
-73.74437,42.64163,5.1
-73.74427,42.64173,5.3
-73.74418,42.64183,5.6
-73.7441,42.64193,5.5
-73.74403,42.642,5.5
-73.74397,42.64215,5.5
-73.74395,42.64219,5.5
-73.74395,42.64223,5.5
-73.74394,42.64226,5.4
-73.74394,42.64231,5.4
-73.74394,42.64235,5.4
-73.74394,42.6424,5.4
-73.74395,42.64243,5.4
-73.74396,42.64247,5.3
-73.74398,42.64252,5.2
-73.744,42.64257,5.0
-73.74403,42.64262,4.9
-73.74406,42.64266,4.8
-73.7441,42.6427,4.6
-73.74414,42.64274,4.5
-73.74419,42.64278,4.4
-73.74423,42.64282,4.2
-73.74426,42.64283,4.2
-73.74428,42.64285,4.1
-73.74432,42.64287,4.0
-73.74438,42.64291,3.8
-73.74445,42.64294,3.7
-73.74446,42.64294,3.7
-73.74452,42.64296,3.5
-73.74458,42.64298,3.4
-73.74466,42.643,3.2
-73.74468,42.643,3.2
-73.74474,42.64301,3.1
-73.7448,42.64302,3.0
-73.74486,42.64302,2.9
-73.74492,42.64302,2.7
-73.74493,42.64302,2.7
-73.74497,42.64302,2.6
-73.74509,42.64301,2.4
-73.74517,42.643,2.2
-73.74541,42.64298,1.8
-73.74565,42.64296,1.3
-73.74587,42.64294,0.9
-73.7459,42.64293,0.8
-73.74593,42.64293,0.8
-73.74599,42.64293,0.6
-73.74606,42.64292,0.5
-73.74612,42.64293,0.5
-73.74614,42.64293,0.5
-73.74619,42.64293,0.5
-73.74626,42.64294,0.4
-73.74634,42.64296,0.4
-73.74638,42.64297,0.4
-73.74641,42.64298,0.4
-73.74661,42.64304,0.3
-73.74715,42.6432,0.1
-73.74721,42.64321,0.1
-73.74738,42.64327,0.1
-73.74761,42.64333,0.1
-73.74774,42.64337,0.0
-73.74807,42.64347,0.0
-73.74842,42.64358,0.0
-73.74846,42.64359,0.0
-73.74852,42.64361,0.0
-73.74854,42.64362,0.0
-73.74865,42.64367,0.1
-73.74876,42.64373,0.3
-73.7489,42.64384,0.5
-73.74899,42.6439,1.1
-73.74903,42.64393,1.4
-73.74908,42.64397,1.8
-73.7491,42.64399,2.0
-73.74918,42.64405,2.5
-73.74924,42.6441,2.5
-73.74926,42.64412,2.5
-73.74929,42.64417,2.5
-73.74934,42.64426,2.4
-73.74934,42.64428,2.4
-73.74935,42.64431,2.4
-73.74936,42.64438,2.3
-73.74936,42.64443,2.3
-73.74937,42.64445,2.3
-73.74938,42.64447,2.3
-73.74938,42.6445,2.2
-73.74935,42.6446,2.2
-73.7493,42.64471,2.1
-73.74925,42.64479,2.0
-73.74915,42.64495,1.9
-73.74914,42.64497,1.9
-73.74905,42.64511,1.8
-73.74904,42.64513,1.8
-73.74891,42.64533,1.7
-73.74884,42.64544,1.6
-73.74875,42.64561,1.5
-73.74873,42.64564,1.4
-73.74867,42.64577,1.3
-73.74866,42.64579,1.3
-73.74856,42.64604,1.2
-73.74851,42.64616,1.1
-73.74844,42.64637,1.3
-73.74841,42.64647,1.4
-73.7484,42.64653,1.5
-73.74836,42.6467,1.6
-73.7483,42.647,2.0
-73.74829,42.64711,2.7
-73.74824,42.64746,2.8
-73.74823,42.64754,2.8
-73.7482,42.64779,2.8
-73.74815,42.64808,2.6
-73.74813,42.64824,2.7
-73.74808,42.64857,2.4
-73.74808,42.64861,2.4
-73.74805,42.64877,2.3
-73.74801,42.64899,2.2
-73.74798,42.64907,2.2
-73.74798,42.64908,2.2
-73.74798,42.64909,2.2
-73.74797,42.64909,2.1
-73.74796,42.6491,2.1
-73.74795,42.6491,2.1
-73.74791,42.64912,2.0
-73.74791,42.64912,2.0
-73.74789,42.64917,2.0
-73.74786,42.64928,2.0
-73.74777,42.64962,2.3
-73.74776,42.64967,2.3
-73.74771,42.64981,2.4
-73.74764,42.65,2.5
-73.74758,42.65017,2.5
-73.74747,42.65043,2.7
-73.74723,42.65096,3.3
-73.74712,42.65114,3.6
-73.74712,42.65114,3.6
-73.74702,42.65111,3.5
-73.747,42.6511,3.5
-73.74699,42.6511,3.5
-73.74698,42.6511,3.5
-73.74697,42.65111,3.5
-73.74696,42.65111,3.5
-73.74694,42.65113,3.5
-73.74682,42.65122,3.6
-73.74679,42.65124,3.6
-73.74678,42.65125,3.6
-73.74677,42.65125,3.6
-73.74676,42.65126,3.6
-73.74675,42.65126,3.6
-73.74674,42.65125,3.6
-73.74673,42.65125,3.6
-73.74671,42.65124,3.6
-73.74669,42.65122,3.5
-73.74669,42.65122,3.5
-73.74658,42.65131,3.6
-73.74653,42.65137,3.7
-73.74649,42.65141,3.7
-73.74646,42.65147,3.7
-73.74642,42.65154,3.8
-73.74638,42.65164,3.8
-73.74633,42.65179,3.9
-73.74629,42.65186,3.9
-73.74626,42.65195,3.9
-73.74622,42.65203,3.9
-73.74613,42.65219,4.0
-73.74612,42.6522,4.0
-73.74609,42.65226,4.0
-73.74604,42.65234,4.0
-73.74597,42.65243,4.0
-73.74591,42.6525,4.0
-73.74585,42.65256,4.0
-73.74574,42.65265,3.9
-73.74564,42.65272,3.8
-73.74559,42.65275,3.8
-73.74554,42.65277,3.8
-73.74546,42.65278,3.7
-73.74542,42.65279,3.6
-73.74537,42.65278,3.6
-73.74527,42.65277,3.4
-73.74512,42.65274,3.2
-73.74507,42.65274,3.1
-73.74507,42.65274,3.1
-73.74512,42.65293,3.4
-73.7451,42.65302,3.4
-73.74509,42.65307,3.4
-73.74506,42.65311,3.4
-73.745,42.65317,3.4
-73.74493,42.65323,3.3
-73.74474,42.6534,3.2
-73.74451,42.65358,3.0
-73.74427,42.65374,2.8
-73.74418,42.6538,2.5
-73.74413,42.65386,2.5
-73.74408,42.65393,2.5
-73.74402,42.65407,2.7
-73.74394,42.65424,2.8
-73.74392,42.65431,2.9
-73.74386,42.65441,2.9
-73.74385,42.65441,2.9
-73.74382,42.65447,2.9
-73.74377,42.65452,2.9
-73.74372,42.65456,2.8
-73.74365,42.6546,2.5
-73.74358,42.65464,2.3
-73.74343,42.65473,1.4
-73.74333,42.6548,1.0
-73.74321,42.65492,0.7
-73.74315,42.65501,0.8
-73.74311,42.65508,0.8
-73.74311,42.6551,0.9
-73.7431,42.65515,1.1
-73.74308,42.65522,1.4
-73.74307,42.6553,1.8
-73.74308,42.6554,2.5
-73.74309,42.65546,2.8
-73.7431,42.6555,2.9
-73.74309,42.65557,3.0
-73.74307,42.65563,3.0
-73.74306,42.65565,3.0
-73.74304,42.65568,3.0
</coordinates>
      </LineString>
    </Placemark>
    <Placemark id="5730138ef92c8f88d618">
      <name>vic Catskill</name>
      <description/>
      <Point>
        <coordinates>-73.83334350585938,42.219482421875,0</coordinates>
      </Point>
    </Placemark>
  </Document>
</kml>
